text,category,urgency
Semoga bisa lebih baik lagi dari sebelumnya,LAINNYA,RENDAH
Memberikan informasi dan mempermudah proses mahasiswa yang akan membawa nama kampus untuk berkiprah diluar kampus agar dapat meningkatkan kemampuannya dan nama baik kampus diluar daerah.,LAINNYA,RENDAH
"Untuk meningkatkan kinerja STIKOM Bali, harapan saya adalah memperluas kerjasama industri, meningkatkan program internasional, memperkaya inovasi kurikulum, serta memperkuat riset dan pengabdian masyarakat.",LAINNYA,TINGGI
Ditingkatkan lagi fasilitas nya,FASILITAS,RENDAH
semoga ditingkatkan,LAINNYA,RENDAH
"Semoga liftnya cepet di perbaiki, dan acnya di perbaiki juga karena acnya tidak dingin",FASILITAS,RENDAH
Mohon untuk digitalisasi poin SKKM sehigga tidak perlu lagi meminta TTD kesana kemari.,LAINNYA,RENDAH
semoga lebih ditingkatkan,LAINNYA,RENDAH
tingkatkan fasilitas kampus!,FASILITAS,RENDAH
Saya berharap agar kedepannya lebih baik agar meningkatkan nama kampus,LAINNYA,RENDAH
kembangkan apa bila dibagian informasi jika ada celah kekurangan,LAINNYA,SEDANG
Berkembang dan capai yang lebih tinggi,LAINNYA,RENDAH
Kualitas pendidikan agar lulusan stikom bisa menjadi pionir atau unggulan,LAINNYA,TINGGI
"Harapan untuk ITB STIKOM Bali adalah agar semakin memperkuat riset teknologi ramah lingkungan, mendukung Green Tourism melalui program pengabdian masyarakat, serta mengoptimalkan infrastruktur digital dengan smart campus systems. Langkah ini diharapkan memperkuat posisi STIKOM Bali sebagai pelopor inovasi teknologi berkelanjutan dan berkontribusi signifikan bagi lingkungan dan pendidikan di Indonesia",KEUANGAN,RENDAH
semoga kedepannya semakin maju lagi,LAINNYA,RENDAH
"fasilitas kantin lebih baik lagi, karena menurut saya kantin sekarang kurang layak karena kurangnya menu makanan berat.",FASILITAS,SEDANG
semoga tetap dijaga dan semangkin ditingkatkan kinerjanya,LAINNYA,RENDAH
agar para staf murah senyum saat melayani para mahasiswa/siswi nya,LAINNYA,RENDAH
"TOLONG KEGIATAN ESPORTS DI STIKOM DI PERBAIKI !! SANGAT KURANG!! KALAH SAMA KAMPUS&quot; LAIN, CONTOH NYA : INSTIKI,UNMAS,PNB,PRIMAKARA, DLL YANG DI BIDANG ESPORTS NYA DI SUPPORT BANGET OLEH KAMPUS",KEMAHASISWAAN,SEDANG
Semoga lebih bagus lagi untuk kinerjanya,LAINNYA,RENDAH
"Memberikan informasi secara lengkap, agar tidak membingungkan mahasiswa",LAINNYA,RENDAH
Semakin baik dan produktif dalam segala lini layanan,KEUANGAN,RENDAH
Harapanny agar semua fasilitas dapat digunakan oleh mahasiswa,FASILITAS,RENDAH
Harapan saya lebih meningkatkan kinerja,LAINNYA,RENDAH
Selalu meningkatkan kualitas pelayanan terhadap segala keluhan mahasiswa,LAINNYA,RENDAH
"tingkatkan yang sudah ada, dan perbarui yang kurang efektif",LAINNYA,SEDANG
Semoga harapan saya kedepannya menjadi lebih baik,LAINNYA,RENDAH
semoga stikom bali lebih baik kedepannya,LAINNYA,RENDAH
Semoga kedepanya menjadi lebih baik,LAINNYA,RENDAH
"meningkatkan fasilitas seperti jangkauan atau kecepatan wifi, ruang lab, kursi kelas, dll. bukan mempertahankan yang ada saja. karena kami para mahasiswa ingin mendapatkan fasilitas untuk mengerjakan tugas-tugas kuliah.",FASILITAS,RENDAH
Semoga lebih keren dan stikom smakin di depan,LAINNYA,RENDAH
pertahankan dan perluas fasilitas area parkir,FASILITAS,TINGGI
saya harap STIKOM BALI terus meningkatkan fasilitas Mahasiswa dengan baik dari segi akademik dan nonakademik,FASILITAS,RENDAH
Semua semakin di tingkatkan lagi,LAINNYA,RENDAH
Meningkatkan fasilitas terutama pada ruang kelas atau ruang pembelajaran (laboratorium),FASILITAS,RENDAH
memperbanyak perkuliahan praktek,AKADEMIK,RENDAH
harapan saya agak lebih baik dari sebelumnya dan lebih ditingkatkan kembali terimakasi,LAINNYA,RENDAH
harapan saya yaitu meningkatan kerjasama program magang dengan perusahaan ternama diBali dan kerja sama riset dengan institusi lain,LAINNYA,RENDAH
Lebih ditingkatkan lagi pelayanan,LAINNYA,RENDAH
"saya seorang mahasiswa yang sedang menempuh TA 1,saya berharap mahasiswa lebih mudah berdiskusi dengan dosen tanpa harus menunggu beberapa hari.",AKADEMIK,RENDAH
sudah sempurna sekali kak,LAINNYA,RENDAH
Menyediakan fasilitas wifi yang baik,FASILITAS,RENDAH
Dalam pengajar mungkin bisa lebih lengkap dan mudah dalam menjelaskan hingga tidak perlu lagi belajar diluar seperti youtube karna untuk apa bayar dan masih belajar lebih banyak diluar dan lebih mudah mengerti dibanding dirumah sendiri,LAINNYA,RENDAH
"harapan saya adalah agar dosen yang saya dapatkan di setiap matkul mau mengajar, bukan hanya sekedar tugas dan membuat ppt kelompok untuk setiap bab pembelajaran di RPS",AKADEMIK,RENDAH
"Memperbaiki semua yang memang harus di perbaiki, terutama lahan parkir dan basement saat hujan agar tidak banjir",FASILITAS,TINGGI
"semoga vasilitas kampus seperti kantin lebih di perluas,karena banyak mahasiswa yang susah mencari tempat untuk istirahat",LAINNYA,TINGGI
Semoga lebih baik kedepanya,LAINNYA,RENDAH
Bisa berkontribusi untuk stikom bali,LAINNYA,RENDAH
perbaiki fasilitas umum di kampus seperti lobby dan toilet,FASILITAS,RENDAH
menjadi lebih baik lagi,LAINNYA,RENDAH
"Informasi mengenai perkuliahan agar termpampang jelas di sion (semua program perkuliahaan yang mungkin tidak umum), perbaiki cara perekrutan dosen (karena tidak semua dosen bisa mengajar mahasiswa dengan baik/tidak bisa ngajar) meskipun mereka pintar dan berwawasan tinggi.",AKADEMIK,RENDAH
harapan lebih baik lagi dalam melayani mahasiswa,LAINNYA,RENDAH
saya berharap sarana dan prasarana di stikom bali semakin ditingkatkan kedepannya,LAINNYA,RENDAH
Seluruh online class dapat terlaksana secara interaktif,LAINNYA,RENDAH
semoga kantin diperluas.,LAINNYA,TINGGI
Menyediakan fasilitas wifi,FASILITAS,RENDAH
lebih santai dalam berdiskusi dengan mahasiswa,LAINNYA,RENDAH
"Menurut saya, harapan untuk meningkatkan kinerja STIKOM Bali adalah dengan memperkuat kolaborasi dengan industri teknologi, meningkatkan kualitas fasilitas dan sumber daya pembelajaran, serta memperluas program internasional untuk membuka peluang global bagi mahasiswa.",FASILITAS,TINGGI
untuk beberapa dosen semoga bisa lebih profesional dalam menjalankan tugas dan berempati bagi mahasiswa kelas bisnis,AKADEMIK,RENDAH
menambah program-program dan seminar-seminar gratis,LAINNYA,RENDAH
mungkin untuk kuliah yang menjurus ke keahlian mahasiswa lebih diperbanyak prakteknya,AKADEMIK,RENDAH
Semoga Stikom kedepannya semakin jaya,LAINNYA,RENDAH
MENINGKATKAN SEMUA FAKTOR AGAR MENJADI UNIVERSITAS STIKOM BALI,LAINNYA,RENDAH
"dengan cara meningkatkan relasi ke kampus lain, kalau bisa tunjukan ke dunia bahwa STIKOM Bali itu ikut berpatisipasi dan andil dalam perkembangan dunia",LAINNYA,RENDAH
harapan saya supaya kantin stikom jimbaran semakin banyak varian makanan yang enak enak,LAINNYA,RENDAH
semoga bisa lebih baik untuk kedepannya,LAINNYA,RENDAH
menjadi lebih baik untuk kedepanya,LAINNYA,RENDAH
Melakukan perawatan dan pengecekan rutin terhadap kabel VGA yang ada untuk memastikan bahwa semua kabel berfungsi dengan baik dan tidak ada yang rusak. Kabel yang rusak dapat menyebabkan gangguan selama proses belajar mengajar.,AKADEMIK,TINGGI
semoga lebih baik kedepannya,LAINNYA,RENDAH
AC nya jangan terlalu dingin sama tolong di buat kan tempat untuk organisasi kampus,FASILITAS,RENDAH
Harapan saya ITB STIKOM BALI dapat meluluskan semua mahasiswanya agar akreditasi kampus lebih meningkat,LAINNYA,RENDAH
Mohon perluas akses parkiran,FASILITAS,TINGGI
Harapan saya ialah semoga kedepannya lebih baik lagi,LAINNYA,RENDAH
Semoga kedepannya fasilitasi dari STIKOM bali lebih lengkap lagi.,FASILITAS,RENDAH
Mungkin lebih di tingkatkan lagi,LAINNYA,RENDAH
gedung renon gedein aja gak sih? tanah disamping kosong tuh,FASILITAS,RENDAH
SEMOGA BISA LEBIH BERKEMBANG KEDEPANNYA,LAINNYA,RENDAH
Peningkatan dalam segi pemberian informasi,LAINNYA,RENDAH
harapan semoga segala jenis fasilitas bisa di gunakan kembali dan tidak banyak rusak,FASILITAS,TINGGI
Selalu terpelihara,LAINNYA,RENDAH
lebih meningkat kan kinerja serta pelajaran nya,LAINNYA,RENDAH
"sering komunikasi antar staff / para pekerja dan juga lebih sering bertanya kepada mahasiswa apakah sudah puas atau ada yang kurang,, harapan saya semoga dari kekurangan tersebut bisa cepat di terapkan tidak hanya di tampung saja",LAINNYA,TINGGI
Harapan yang dapat saya usulkan untuk meningkatkan kinerja STIKOM Bali adalah menambahkan ide teknologi baru dan berkreasi lebih banyak lagi agar lebih banyak pengetahuan atau praktek yang bisa dilakukan oleh mahasiswa sehingga kemungkinan besar bisa menambah prestasi di STIKOM Bali. Untuk kinerja yang lainnya saya merasa sudah sangat bagus sekali. Semoga bisa terus dipertahankan. Terima kasih,AKADEMIK,RENDAH
Perlu ditingkatkan lagi dalam fasilitas kampus karena ada meja yang rusak,FASILITAS,TINGGI
"Sudah bagus,tingkatkan aja lg",LAINNYA,RENDAH
Kemudahan aksesibilitas Website,LAINNYA,RENDAH
Fasilitas dibuat lebih baik lagi,FASILITAS,RENDAH
mungkin kedepannya parkir diperluas,FASILITAS,TINGGI
perbaiki daya respon. walaupun tidak bisa langsung dijawab setidaknya tidak perlu menggu 2 hari untuk meresponnya(note khusus untuk beberapa dosen),AKADEMIK,RENDAH
mengurangi program-program yang sangat merugikan untuk mahasiswa.,LAINNYA,RENDAH
Harapan saya kampus STIKOM bisa selalu menunjukkan hal hal baru dan selalu beda dari yang lain.,LAINNYA,RENDAH
"Harapan untuk meningkatkan kinerja tersebut adalah memperkuat kurikulum yang sesuai dengan perkembangan teknologi terbaru, meningkatkan fasilitas laboratorium dan infrastruktur digital, serta memperluas jaringan kerjasama internasional untuk memberikan kesempatan magang dan pertukaran mahasiswa.",FASILITAS,KRITIS
Semakin banyak lagi dosen yang bisa menyampaikan materi perkuliahan dengan baik dan menyenangkan.,AKADEMIK,RENDAH
Tingkatkan pembelajaran dan menyenangkan,LAINNYA,RENDAH
Semoga kedepanya bisa lebih baii lagi,LAINNYA,RENDAH
Semoga lebih baik lagi kedepannya.,LAINNYA,RENDAH
Tingkatkan kecepatan wifinya,JARINGAN_IT,RENDAH
Semoga kedepannya STIKOM Bali dapat melakukan pengamatan mendalam dan perubahan pada aspek-aspek kinerja yang masih kurang,LAINNYA,SEDANG
lorem ipsum dolor sit amet,LAINNYA,RENDAH
kurangi biaya biaya yang mempersulit mahasiswa yang mungkin kurang salam segi ekonomi,KEUANGAN,SEDANG
saya harap sistem perwalian semakin baik,LAINNYA,RENDAH
"Harapan saya agar pegawai seperti akademik, keuangan, dll lebih ramah dan sabar lagi, walaupun mahasiswa banyak harusnya bisa sabar dlm memberi pelayanan, jangan karena mahasiswa yang bertanya malah dimarahi/lainnya. terimakasih",AKADEMIK,RENDAH
TINGKATKAN INFORMASI DALA BENTUK KEUANGAN,KEUANGAN,RENDAH
saya berharap agar stikom bali tetap mempertahankan kinerja yang baik dalam menghasilakan sarjana yang kompoten.,LAINNYA,RENDAH
Mengupdate kurikulum secara berkala agar sesuai dengan perkembangan teknologi,LAINNYA,RENDAH
"Harapan saya untuk STIKOM Bali yaitu memperkuat kerjasama global, mengembangkan inovasi lokal, meningkatkan kualitas riset, memperluas digitalisasi layanan pendidikan, dan memberdayakan mahasiswa serta alumni untuk menciptakan lulusan yang unggul dan inovatif.",LAINNYA,TINGGI
saya harap lebih baik lagi untuk kedepannya jika acda yang kurang bagi fasilitas mahasiswa,FASILITAS,SEDANG
"semoga fasilitas bisa di perbaiki lagi, serutama kursi dalam kelas banyak yang mengalami kerusakan",FASILITAS,TINGGI
Semoga tidak sering error website,LAINNYA,TINGGI
harapan saya agar stikom bali dapat berkembang dengan baik,LAINNYA,RENDAH
Harapan saya kedepannya terutama dalam hal fasilitas yang disediakan akan terdapat peningkatan dimana yang dapat saya sebutkan yakni pada fasilitas yang ada dikelas serta penyediaan lahan parkir mengingat saat ini kita sudah mulai kembali belajar secara tatap muka.,FASILITAS,RENDAH
"wifi distabilkan kecepatannya, semua staff harus ramah dan tidak cuek",JARINGAN_IT,RENDAH
Semoga lebih membaik lagi,LAINNYA,RENDAH
Tolong ditingkatkan fasilitasnya,FASILITAS,RENDAH
Dapat lebih baik lagi,LAINNYA,RENDAH
Memberikan Program pelatihan teknologi dan aplikasi untuk mendukung inovasi dan keterampilan mahasiswa,LAINNYA,RENDAH
"Saya harap fasilitas di kampus dirawat dengan baik. Jika terdapat lift yang tidak bisa dipakai, mohon segera diperbaiki",FASILITAS,RENDAH
Saya harap bisa dievaluasi dan diperbaiki lagi fasilitas yang ada sehingga bisa bermanfaat bagis ITB STIKOM Bali nantinya,FASILITAS,TINGGI
Saya berharap STIKOM Bali dapat memperluas kemitraan dengan industri global dan meningkatkan program inovasi berbasis penelitian untuk mempersiapkan lulusan yang lebih kompetitif di tingkat internasional.,LAINNYA,TINGGI
Perbaiki liftnya,FASILITAS,RENDAH
Semoga kedepannya bidang akademik stikom bisa lebih ditingkatkan lagi,AKADEMIK,RENDAH
harapan saya kedepannya bisa ditingkatkan lagi.,LAINNYA,RENDAH
Semoga dapat meningkatkan tempat parkir bagi roda 2 maupun 4,FASILITAS,RENDAH
lebuh memperhatikan tugas yang bisa membuat skill mahasiswa meningkat ketimbang tugas keompok atau yang membuat ketergantunga kepada orang lain,LAINNYA,RENDAH
dapat ditingkatkan lagi pelayanan fasilitasnya,FASILITAS,RENDAH
"Saya berharap agar fasilitas lebih dilengkapi lagi seperti PC, Network System untuk Praktikum dan Fasilitas lainnya yang diperlukan untuk Materi Kuliah Praktikum lainnya",FASILITAS,RENDAH
"Harapan saya semoga wifinya bisa lebih cepat lagi dan password wifi di lab itu bisa diberitahuan, liftnya juga tolong segera di perbaiki. Sediakan juga remot buat proyektor supaya tidak naik naik kursi lagi untuk menghidupkannya serta kursinya sudah banyak yang reot di kelas karena saya sering kebagian kursi reot.",FASILITAS,RENDAH
Semangat untuk kinerja STIKOM untuk kedepannya,LAINNYA,RENDAH
Perkuliahan offline,LAINNYA,RENDAH
"Semoga lebih baik lagi dan sebaiknya memberikan informasi, aturan, dan pedoman kegiatan perkuliahan lebih lengkap dan detail.",KEMAHASISWAAN,RENDAH
Agar lulus skripsi dengan mudah,AKADEMIK,RENDAH
"Mungkin di sion dan e-learning itu sudah bagus, jadi dipertahankan kualitasnya saja. Serta servernya agar tidak down saat ujian atau sebagainya.",LAINNYA,TINGGI
Tidak ada harapan,LAINNYA,RENDAH
"Harapan saya,semoga STIKOM BALI tetap jaya dan kinerjanya semakin meningkat",LAINNYA,RENDAH
Semoga ke depannya lebih ditingkatkan lagi,LAINNYA,RENDAH
Semoga stikom semakin maju lagi,LAINNYA,RENDAH
Harapan saya tetap seperti ini agar pembelajaran bisa dimengerti,LAINNYA,RENDAH
Harapan saya agar STIKOM Bali terus memperbaiki kualitas fasilitas yang ada di STIKOM Bali,FASILITAS,RENDAH
"mungkin lebih tingkatkan kinerja dalan pemberian informasi yang akurat dan cepat, dengan informasi yang cepat dan akurat, para mahasiswa tidak perlu susah susah mencari informasi yang diperlukan",LAINNYA,SEDANG
Tingkatkan fisilitas kampus,LAINNYA,RENDAH
"staff bagian akademik ada baiknya ditambah karena saya mengurus surat pengajuan KP memakan waktu 1 bulan (dipotong libur 1 minggu), saya kira waktu 3 minggu surat saya sudah bisa selesai tapi ternyata sangat lama bahkan saat saya harus bolak balik foll up baru surat saya selesai diproses. setelah itu surat permohonan pembimbing juga memakan waktu 3 minggu, padahal sebelumnya saya dijanjikan surat akan selesai dalam 2 minggu. kalau misal memang memakan waktu 3 minggu sebaiknya bilang dari awal.",AKADEMIK,RENDAH
pertahankan yg skrng...,LAINNYA,RENDAH
mohon diperbarui untuk komputer umumnya,LAINNYA,RENDAH
Semoga selalu menjadi yang terbaik,LAINNYA,RENDAH
"Berharap kedepannya semakin maju dan dan peningkatan nya lebih tinggi lagi, demikian dari saya, ucapan kan terima kasih ??",LAINNYA,RENDAH
tingkatkan update informasi,LAINNYA,RENDAH
semoga lebih modern lagi,LAINNYA,RENDAH
"Besar harapan Saya terhadap STIKOM Bali dalam memperbarui infrastruktur teknologi informasi, seperti jaringan internet yang lebih cepat dan stabil, serta perangkat lunak terbaru yang relevan dengan kebutuhan pembelajaran.",JARINGAN_IT,RENDAH
Harapan saya STIKOM semakin memberikan layanan yang terbaik untuk kami para kelas karyawan tanpa membeda bedakan,LAINNYA,RENDAH
Harapan saya kepada stikom bali untuk kedepannya semoga lebih bagus,LAINNYA,RENDAH
Menambah inovasi baru,LAINNYA,RENDAH
"Harapannya , kedepannya agar prasarana dan pelayanan lebih ditingkatkan lagi .",LAINNYA,RENDAH
Pelayanan di tingkatkan,LAINNYA,RENDAH
semoga lebih baik lagi kedepannya.,LAINNYA,RENDAH
Tingkatkan terus,LAINNYA,RENDAH
"Saya harap kedepannya lebih baik lagi Saran saya, untuk sekuriti mohon untuk bantu mahasiswa saat menyebrang di depan kampus.",LAINNYA,RENDAH
menjadi kampus yang lebih baik lagi,LAINNYA,RENDAH
menyediakan fasilitas belajar yang lebih baik lagi,FASILITAS,RENDAH
"tetap menjadi kampus terbaik, dan nomor 1 di bali",LAINNYA,RENDAH
Tetap dipertahankan pelayanan yang baik,LAINNYA,RENDAH
Mempertimbangkan biaya ukt berdasarkan jumlah sks yang diambil di semester tersebut. Saya rasa terlalu memberatkan ketika membayar ukt full padahal mengambil 1 matakuliah. Terimakasih,KEUANGAN,RENDAH
"Semoga bisa memastikan beberapa dosen untuk paham dengan mata kuliah yang diajarkan sehingga saat kita belajar dikelas pelajaran yang kita dapat jelas, sistematis, dan selaras dengan rps yang ada.",AKADEMIK,TINGGI
Harapan agar lebih baik dari tahun-tahun kemarin dan semakin banyak lagi event-event yang menarik,LAINNYA,RENDAH
Semoga stikom bisa lebih baik lagi dalam menanggapi mahasiswa yang sedang mengalami permasalahan,LAINNYA,RENDAH
"Mungkin Untuk Kantinnya Bisa diperluas lagi, jadi tidak hanya itu saja",LAINNYA,TINGGI
lebih ditingkatkan lagi dlm kebersihan kelasnya dan tingkatkan layanan krs nya biar tidak server down,AKADEMIK,RENDAH
ruang pascasarjana harus di tingkatkan lagi,KEUANGAN,RENDAH
Bisa meningkatkan fasilitas lebih baik lagi,FASILITAS,RENDAH
harapan hanya fasilitas seperti wifi yang perlu di tingkatkan,FASILITAS,RENDAH
lebih ditingkatakan lagi,LAINNYA,RENDAH
"Semoga stikom bali terus mengedepankan kualitas, baik secara akreditasi dan segera bisa menjadi kampus IT terbaik di Bali dengan naik status menjadi ""UNIVERSITAS"" dalam beberapa tahun kedepan, juga serta mempermudah dan membantu mahasiswa dalam melakukan kegiatan belajar, baik secara akademik, administrasi dan kepentingan lainnya.",AKADEMIK,RENDAH
FASILITAS KELAS KURANG JADI SERING KULIAH ONLINE,FASILITAS,SEDANG
Hilangkan sistem yang mengharuskan mahasiswa mendapatkan SKKM dari hal hal diluar kegiatan belajar seperti melalui konser musik yang sebenarnya tidak hubungannya dengan perkuliahan.,KEMAHASISWAAN,RENDAH
Saya mengharapakan fasilitas yang bagus seperti sebuah meja di dalam kelas,FASILITAS,RENDAH
"pertahankan fasilitas dan pelayanan pendidikan STIKOM Bali, kalau bisa ditingkatkan",FASILITAS,RENDAH
Harapan saya hanya ada pada peningkatan lebih lanjut kepada semua kinerja pada kampus agar yang baik bisa menjadi lebih baik,LAINNYA,RENDAH
jika parkir penuh tolong bantu jangan diem aja! proses akademik tolong lebih ditingkatkan misal berkas dijanjikan 3 hari ternyata belum jadi,FASILITAS,RENDAH
"Harapan saya Tingkatkan fasilitas kampus, kebersihan, dan kinerja dosen dalam mengajar",FASILITAS,RENDAH
"mungkin dengan mengevaluasi lagi sarana dan prasarana kamus, seprti tempat duduk ada beberapa yang rusak, ac yang kurang dingin, dan juga wifi yang kurang dan agak sedikit lemot.",FASILITAS,TINGGI
semoga kedepannya meningkatkan mutu kurikulum dengan menyesuaikan perkembangan teknologi saat ini,LAINNYA,RENDAH
"Harapannya semoga kinerja terbaik STIKOM, selalu diterapkan sampai kapanpun agar menghasilkan banyak generasi muda yang siap bersaing di berbagai industri terpercaya didunia kerja.",LAINNYA,RENDAH
Harapannya smoga tetep menjadi kampus it terbaik di bali,LAINNYA,RENDAH
Cari dosen yang lebih niat ngajar,AKADEMIK,RENDAH
"pertahankan yg baik, perbaiki yg buruk.",LAINNYA,RENDAH
Untuk sekarang belum ada,LAINNYA,RENDAH
harapannya agar kedepannya fasiliatasnya semakin baik,LAINNYA,RENDAH
Fasilitas nya perlu di tingkatkan lagi,FASILITAS,RENDAH
Tidak ada keseluruhan sudah baik,LAINNYA,RENDAH
pembentukan tim yang fokus untuk pembangunan dan pengembangan fasilitas atau program baru yang bagus dan terjamin,FASILITAS,RENDAH
fasilitas kampus,FASILITAS,RENDAH
Agar fasilitas toilet di tingkatkan dan fasilitas parkir di perluas,FASILITAS,TINGGI
"Saya berharap ada upaya yang lebih besar dalam meningkatkan fasilitas laboratorium dan ruang kuliah di STIKOM Bali. Fasilitas yang memadai akan memungkinkan mahasiswa untuk lebih terlibat dalam praktik langsung dan eksperimen, sehingga mereka dapat memperoleh pemahaman yang lebih mendalam tentang materi yang dipelajari.",FASILITAS,RENDAH
tingkatkan kinerja lainnya,LAINNYA,RENDAH
akses parkir dan lift,FASILITAS,RENDAH
Harapan saya semoga stikom Bali selalu menjadi terdepan,LAINNYA,RENDAH
Fasilitasikan buku teks di library atau perpustakaan agar Mahasiswa mudah dapat materi.,FASILITAS,RENDAH
semoga stikom bali bisa memenuhi kekurangan kekurangan dari stikom bali seperti lift dan lain lain,FASILITAS,SEDANG
Harapan saya semoga lebih baik,LAINNYA,RENDAH
pemberian waktu para mahasiswa untuk memiliki waktu istirahat agar mahasiswa mendapatkan kemudahan untuk memahami materinya,LAINNYA,RENDAH
"entah ini dibaca atau tidak. menurut saya, mulai dari informasi akademik itu harus jelas. kadang saya bingung dengan informasi yang diberikan. seperti contoh uts kemarin. dimana saya tidak tau bahwasanya uts itu dilaksanakan offline. jadi karena informasi yang saya dapatkan kurang jelas. saya pun tidak bisa mengikutinya. saya harap disaat uas mendatang. informasi yang diberikan oleh akademik bisa lebih terperinci dan jelas. dan juga untuk fasilitas. terutama parkiran. saran saya agar memperbaiki paving yang sudah tidak rata. kadang itu bisa membuat kecelakaan kecil entah seperti kaki kepentok lah, kejengklok. dan juga terkadang saya heran kenapa lampu disana mati. terutama saat pagi sampai sore. menurut saya alangkah baiknya dihidupkan terus. agar kita bisa lebih jelas melihat tempat parkiran kosong, atau sekedar pencahayaan saat kita mencari kunci didalam tas. jadi sekian pendapat dan saran yang bisa saya berikan. semoga pendapat dan saran saya bisa didengar sampai kepada akademik dan juga yang mengurus parkiran. tapi kalo emang tidak tersampaikan juga tidak masalah",FASILITAS,KRITIS
Mungkin pemaksimalan kuliah offline,LAINNYA,RENDAH
Peningkatan fasilitas,FASILITAS,RENDAH
"Sepertinya tidak ada, selama STIKOM baik baik saja, saya tidak akan complain",LAINNYA,RENDAH
Agar lebih baik lagi,LAINNYA,RENDAH
Harapan saya semoga kantin lebih di upgrade,LAINNYA,RENDAH
Untuk saat ini belum ada usulan,LAINNYA,RENDAH
"harapannya semoga bisa lebih baik lagi, dan di tingkatkan fasilitas yang ada di kampus terutama di kelas, seperti kursi, meja dosen , proyektor dll",FASILITAS,RENDAH
Menambahkan fasilitas yang baru lainnya,FASILITAS,RENDAH
Penyebaran Informasi untuk Mahasiswa Pasca yang mengikuti perkuliahan secara daring,LAINNYA,RENDAH
Semoga parkir motornya lebih diperluas,FASILITAS,TINGGI
Sudah sangat baik dan harus selalu di pertahankan,LAINNYA,RENDAH
semoga kedepanya semakin jaya,LAINNYA,RENDAH
semakin baik lagi kedepannya,LAINNYA,RENDAH
"Untuk bagian Akademik, saya mau saran jika proses yang memerlukan suatu syarat seperti wajib Sertifikasi, sebaiknya lebih dikomunikasikan antara penyedia dengan pihak kampus, karena sebelumnya saya coba untuk menanyakan status kewajiban untuk mengikuti sertifikasi untuk DOT perwalian SMTR 2. Tetapi tanggapan dan respon seperti tidak mengetahui alur dan akses untuk mengubah status tersebut, padahal saya juga sudah sempat bertanya ke penyedia sertifikasi yaitu BISMA dan mendapatkan juga untuk diarahkan kembali ke bagian Akademik, seperti tidak ada kejelasan tanggung jawab untuk masalah ini, dimohon kedepan agar lebih siap untuk masalah ini.",AKADEMIK,RENDAH
Semoga semua fasilitas dan pelayanannya dapat dipertahankan dan ditingkatkan,FASILITAS,RENDAH
Kalau dari saya sendiri dari perpustakaannya kalau bisa ditingkatkan supaya bisa mahasiswa suka ke perpus karena sepertinya jarang saya temui karena sibuk berbagai macam,FASILITAS,RENDAH
semoga ac nya di perbaiki menjadi lebih dingin lagi,FASILITAS,RENDAH
Kursi yang sebeleum banyak di lorong ditaruh kembali,FASILITAS,RENDAH
Semoga dapat terus meningkatkan dalam memberikan Pelayanan Jasa serta fasilitas sarana dan prasana yang terbaik.,FASILITAS,RENDAH
Tidak ada. Sudah memberikan kinerja yg terbaik,LAINNYA,RENDAH
Tambahkan fasilitas seperti gedung kalok bisa lahan di sebelah kampus bisa dibeli dan dibuatkan gedung agar pembelajaran bisa dilakukan offline,FASILITAS,RENDAH
"Kamar mandi betulkan menjadi lebih baik lagi agar bisa dikunci, dan tidak bocor lagi, penyebaran wifi belum merata, ac ruangan beberapa tidak dingin.",FASILITAS,RENDAH
semoga lebih bagus dalam segala hal,LAINNYA,RENDAH
"Beberapa alat elektronik di beberapa kelas ada yang tidak berfungsi, semoga dapat segera diperbaiki",LAINNYA,RENDAH
"Kerja sama dengan industri global dapat diperluas, meningkatkan inovasi dalam penelitian teknologi, serta mengembangkan program - program pelatihan lainnya",LAINNYA,TINGGI
fasilitas komputer di lab dan kecepatan internet,FASILITAS,RENDAH
"tidak ada, menurut saya sudah baik, terimakasih.",LAINNYA,RENDAH
"saya berharap kedepan nya bakal ditambahkan banyak sekali hal dan perbaikan dari tiap prasarana yang bisa semua oraqng akses, mulai dari parkir sampai paling dibutuhkan yaitu kantin yang luas dan toilet yang BERSIH",FASILITAS,TINGGI
harapan sudah terpenuhi karna sudah baik,LAINNYA,RENDAH
Stikom Bali semakin berkembang dan lebih maju lagi kedepannya,LAINNYA,RENDAH
tingkatkan fasilitas yang ada,FASILITAS,RENDAH
Untuk kedepannya supaya lebih di perbagus lagi,LAINNYA,RENDAH
"Semoga bangunannya semakin luas jadi kampus semakin megah, perpustakaan lebih besar lagi supaya dapat menampung banyak mahasiswa yang ingin belajar di perpustakaan",FASILITAS,TINGGI
semoga kedepannya kinerja kampus bisa lebih baik lagi,LAINNYA,RENDAH
semakin maju dan semakin jaya,LAINNYA,RENDAH
Lebih baik lagi .mmnng setiap orang kekurangan dan kelibihanya tidak ada yang tau,LAINNYA,SEDANG
"STIKOM Bali perlu memperluas lagi kerja samanya dengan kampus atau perusahaan luar negeri agar mahasiswa punya kesempatan lebih banyak untuk berkembang. Saya juga berharap ada lebih banyak pelatihan soft skill yang fokus ke pengembangan diri dan kewirausahaan, sehingga mahasiswa bisa lebih siap bersaing di era digital.",LAINNYA,TINGGI
perbanyak materi yang terdapat pada sertifikasi,LAINNYA,RENDAH
Saya harap ruangan kelas maupun lab lebih dirapikan. Terima Kasih...,FASILITAS,RENDAH
harapannya semoga kedepannya selalu ramah dan detain saat memberikan informasi,LAINNYA,RENDAH
Membuat lahan parkir yang lebih luas lagi agar saat kelas berlangsung dan rame tidak susah untuk mencari tukang parkir.,FASILITAS,TINGGI
Ditingkatkan agar lebih baik,LAINNYA,RENDAH
Memberikan setiap mahasiswa fasilitas yang sama misalnya untuk kelas karyawan diberikan fasilitas yang sama dengan kelas reguler,FASILITAS,RENDAH
Dapatt ditingkatkan lagii kecepatan dalam menanggapi keperluan mahasiswa,LAINNYA,RENDAH
Fasilitas yg lebih baik dan lengkap lagi kedepannya,FASILITAS,RENDAH
"Harapan saya agar kedepannya STIKOM bali bisa lebih membaik dan, meningkatkan lagi kontribusi pada masyarakat lokal agar lebih mengenal STIKOM bali",LAINNYA,RENDAH
Semoga menjadi lebih bagus lagi,LAINNYA,RENDAH
harapan saya untuk kedepannya stikom mampu mengembangkan metode belajar yang lebih efektif untuk mahasiswa yang mengikuti perkuliahan secara online,LAINNYA,RENDAH
saya harap stikom Bali bisa lebih baik,LAINNYA,RENDAH
"Tidak ada, kinerja stikom sudah bagus.",LAINNYA,RENDAH
"semoga ITB Stikom Bali menjadi kampus yang lebih baik lagi. baik untuk mahasiswanya, dosen, maupun staff dan karyawan ITB Stikom Bali",AKADEMIK,RENDAH
"semoga kedepannya dapat lebih baik lagi, yang dapat membuat mahasiswa lebih mengerti lgi",LAINNYA,RENDAH
Harapannya semoga kantin dan perpustakaan lebih diperluas.,LAINNYA,TINGGI
Lebih maju lagi,LAINNYA,RENDAH
"Semoga urutan pemberian materi dalam jurusan dapat disusun dengan lebih baik, karena saat ini urutannya masih terbilang maju mundur. contohnya disemester 2 sudah implementasi pembuatan website, disemester 3 baru belajar dasar dasar pembuatan web.",LAINNYA,RENDAH
menambah fasilitas baru dan mengganti fasilitas rusak,FASILITAS,TINGGI
supaya lift yang lagi satu cepat selesai,FASILITAS,RENDAH
semoga kedepannya lebih diimprove ilmu dan implementasi ilmu mata kuliah agar mahasiswa dapat siap untuk terjun ke dunia industri,LAINNYA,RENDAH
terus meningkatkan kinerja,LAINNYA,RENDAH
Saranan di kantin dan ruang UKS perlu perbaikan atau upgrade. Karena ga layak,KEUANGAN,RENDAH
Mudah mudahan stikom kedepannya bisa memberikan yg terbaik,LAINNYA,RENDAH
tingkatkan fasilitas yang ada di lab komputer,FASILITAS,RENDAH
harapan saya supaya terus berkembang,LAINNYA,RENDAH
Semoga stikom semakin jaya,LAINNYA,RENDAH
peningkatan fasilitas kampus (terutama lab),FASILITAS,RENDAH
Terbaik untuk stikom bali,LAINNYA,RENDAH
semoga segala aspek menjadi makin meningkat,LAINNYA,RENDAH
Semoga semua bisa di tingkatkan lagi,LAINNYA,RENDAH
Harapaan saya dapat Mengembangkan pengeloalaan Institut Teknologi dan Bisnis (ITB) STIKOM Bali yang efisien dan produktif di dukung oleh sarana dan prasarana yang memadai dan bermutu.,KEUANGAN,RENDAH
Memperbanyak Kegiatan,KEMAHASISWAAN,RENDAH
Perbanyak ruang kelas,KEUANGAN,RENDAH
Semoga semakin baik kedepannya,LAINNYA,RENDAH
Semoga lebih di kembangkan,LAINNYA,RENDAH
informasi mahasiswa di semester akhir mohon di perhatikan !!!,LAINNYA,RENDAH
"pelayanan yang diberikan harus lebih cepat, selalu memberikan pelayanan yang baik",LAINNYA,RENDAH
Menguatkan kerja sama dengan perusahaan-perusahaan besar untuk menyediakan lebih banyak kesempatan magang yang berkualitas bagi mahasiswa.,LAINNYA,RENDAH
Agar dapat menciptakan suasana yang lebih aktif dalam kegiatan belajar mengajar,AKADEMIK,TINGGI
menambahkan lahan parkir dan beberapa fasilitas yang bisa digunakan untuk melakukan kerja kelompok atau belajar secara berkelompok,FASILITAS,RENDAH
Di tingkatkan terus,LAINNYA,RENDAH
lebih tingkatkan lagi,LAINNYA,RENDAH
Smoga lebih di perbaiki tentang fasilitas kantin dan aturan no smooking nya,FASILITAS,RENDAH
meningkatkan kualitas dalam segala bidang,LAINNYA,RENDAH
Semoga ditingkatkan kinerja dan wawasan nya dan tolong juga kalo ada dosen yang gak niat ngajar pembelajaran tolong dibina lebih lanjut supaya tidak sia sia dalam hal mengajar,AKADEMIK,RENDAH
menyediakan tisu di kamar mandi,LAINNYA,RENDAH
semoga stikom bali semakin memaintenence fasilitas yang kurang,FASILITAS,SEDANG
Semoga stikom bali semakin berkembang,LAINNYA,RENDAH
pembelajaran lebih 2 arah antara dosen dan mahasiswa,AKADEMIK,RENDAH
"menurut saya ada beberapa fasillitas harus dicek, misalnya jika ada kerusakan harus diperbaiki dan diganti",LAINNYA,TINGGI
Semoga stikom terus bisa melakukan pelayanan yang tinggi kepada mahasiswa,LAINNYA,RENDAH
Terus mengembangkan strategi manajemen sumber daya manusia dan meningkatkan kualitas prestasi akademik .,AKADEMIK,RENDAH
Semoga toilet tidak rusak lagi dan fasilitas kampus lebih di tingkatkan. Dan semoga berkurang dosen yg suka mengundur kelas tanpa kepastian,FASILITAS,TINGGI
"harapannya kedepannya bisa di utamakan soal ketersediaan tempat parkir dan fasilitas toilet yang memadai, fasilitas olahraga tambahan untuk mahasiswa dan staff kampus dan juga kantin yang layak ditempati.",FASILITAS,RENDAH
semoga bisa ditingkatkan lagi sarana dan prasarananya,LAINNYA,RENDAH
Meningkatkan kualitas mengajar,AKADEMIK,RENDAH
harapan dari saya yaitu penataan toilet agar lebih terawat lagi dan fasilitasnya selalu perawatan rutin agar tidak cepat rusak serta mahasiswa diberikan fasilitas tempat duduk di setiap area kampus agar dapat bermanfaat yang baik kedepannya serta penataan parkir supaya cukup menampung lebih banyak motorr dan semoga ITB STIKOM Bali segera menjadi universitas agar penataan gedung dan ruang bisa lebih luas seperti universitas lainnya terima kasih,FASILITAS,TINGGI
semoga kinerja terbaik yang telah dilakukan dapat dipertahankan,LAINNYA,RENDAH
pembelajaran online yang lebih interaktif,LAINNYA,RENDAH
Tolong benarkan AC ruangan 4.3 karena kurang dingin dan mohon segera memperbaiki lift supaya dapat digunakan kembali. Terimakasih??,FASILITAS,SEDANG
"semoga bisa selalu memberikan respon yang lebih cepat, memberikan fasilitas parkir, dan fasilitas kantin yang lebih layak. terimakasih",FASILITAS,RENDAH
Semoga lebih dikembangkan lagi,LAINNYA,RENDAH
Lebih diperlengkap doc bab skripsi setiap judul pada e-library,AKADEMIK,RENDAH
agar lift lagi satu secepatnya bisa digunakan agar tidak mengantri saat menunggu lift.,FASILITAS,RENDAH
Menyediakan dan memperbaiki fasilitas yang sudah tidak layak pakai terutama kursi. Banyak sekali kursi rusak yang masih dipaksakan untuk dipakai dikelas dan membuat tidak nyaman.,FASILITAS,TINGGI
sharing wifi gratis di perbanyak,JARINGAN_IT,RENDAH
"&quot;Harapan saya untuk meningkatkan kinerja STIKOM Bali adalah sebagai berikut: Penyediaan Fasilitas Dosen untuk Setiap Agama: Mengingat adanya mata kuliah agama, saya berharap kampus dapat menyediakan dosen yang mewakili setiap agama. Hal ini penting untuk memastikan bahwa semua mahasiswa mendapatkan pendidikan agama yang sesuai dengan keyakinan mereka, sehingga menciptakan lingkungan belajar yang inklusif dan menghargai keberagaman. Perbedaan Perlakuan antara Mahasiswa Reguler dan Kelas Karyawan: Sebagai mahasiswa karyawan yang sudah berusia lanjut, saya berharap kampus dapat membedakan perlakuan antara mahasiswa reguler dan kelas karyawan. Misalnya, dalam hal kehadiran dan tugas, saya berharap ada fleksibilitas yang lebih besar bagi mahasiswa karyawan. Tugas-tugas yang memerlukan aktivitas fisik seperti menari atau gerak mungkin bisa disesuaikan atau diganti dengan tugas lain yang lebih relevan dan sesuai dengan kondisi mahasiswa karyawan. Dengan adanya perubahan ini, saya yakin STIKOM Bali dapat lebih mendukung kebutuhan dan kondisi semua mahasiswanya, sehingga meningkatkan kualitas pendidikan dan pengalaman belajar di kampus.&quot; Semangat ...... terus Maju STIKOM",FASILITAS,RENDAH
Bisa ditingkatkan lagi dan semakin baik,LAINNYA,RENDAH
Harapan saya untuk ITB STIKOM BALI supaya lebih baik lagi dalam merespon via online,LAINNYA,RENDAH
Menjali banyak telasi dengan pihak luar baik di bidang akademik ataupun non akademik,AKADEMIK,RENDAH
Dari saya sudah cukup,LAINNYA,RENDAH
Saya harap hasil kuisioner benar-benar dibaca dan dilakukan perubahan/perbaikan terkait kekurangan dalam beberapa aspek yang sudah disebutkan oleh mahasiswa dalam kuisioner ini.,FASILITAS,SEDANG
"parkir mobil diperluas, perwalian bisa melihat dosen pengajar, kelas hybrid, buatkan tempat mencari materi berupa video pembelajaran (youtube) untuk dikelas online antisipasi ketika dosen tidak bisa mengajar",FASILITAS,TINGGI
"tidak ada, kinerja stikom sudah baik",LAINNYA,RENDAH
Semoga STIKOM Bali semakin meningkatkan kinerja dan menerima semua aspirasi aspirasi dari para mahasiswa nya,LAINNYA,RENDAH
Buat matkul online,AKADEMIK,RENDAH
Di tingkatkan lagi kinerjanya,LAINNYA,RENDAH
Semoga bisa ditingkatkan lagi kedepannya,LAINNYA,RENDAH
Meningkatkan fasilitas,FASILITAS,RENDAH
Mungkin parkiran dapat diperluas atau ditambah agar pada siang hari tidak terjadi penumpukan terutama di basement.,FASILITAS,TINGGI
"Pelayanan yang ramah terhadap mahasiswa yang membutuhkan informasi, keluh kesah mahasiswa banyak mengeluhkan komunikasi dan informasi yang disampaikan secara singkat dan kurang jelas seperti pada akademik, keuangan dan lain2 perlu ditingkatkan payanannya",AKADEMIK,SEDANG
persedikit untuk memberikan tugas hapalan kepada mahasiswa karena mahasiswa banyak memiliki tugas lainnya,LAINNYA,RENDAH
tingkatkan terus dan konsisten,LAINNYA,RENDAH
Semoga stikom jadi fakultas it terbesar di bali,LAINNYA,RENDAH
toiletnya tolong kalo bisa diisikan tissue,FASILITAS,RENDAH
"senoga kedepannya mahasiswa dapat diberi bantuan dalam hal biaya kuliah jika sedang tidak ada uang atau dapat keringanan dari kampus, bahan bacaan di kampus dapat diperbanyak lagi mulai dari buku sastra bahasa agar mahasiswa dapat belajar bahasa asing secara mandiri untuk meningkatkan skill bahasa mereka",FASILITAS,RENDAH
tidak ada. sudah cukup baik,LAINNYA,RENDAH
semoga kedepannya makin baik lagi,LAINNYA,RENDAH
"Banyak, salah satunya saat ada mahasiswa yang bertanya ke sebuah bidang tolong staffnya senyum, saya sering staffnya seperti jutek gitu",LAINNYA,RENDAH
Bisa memberikan informasi dengan lebih jelas terutama di bagian akademik banyak berkas yang diminta dan tidak ada di pedoman/pengumuman,AKADEMIK,RENDAH
pemberian informasi yang lebih detail dan rinci serta ppelayanan yang lebih baik,LAINNYA,RENDAH
Semoga bisa lebih baik lagi,LAINNYA,RENDAH
mungkin lebih ke fitur sion,LAINNYA,RENDAH
Lebih sabar menghadapi mahasiswa yang kurang cepat memahami mata kuliah,LAINNYA,SEDANG
di kampus di sediakan fasilitas lebih lengkap seperti wifi minimal print jadwal kuliah satu lembar gak bayar 10k bair sesaui dengan fasilitas dan spp,FASILITAS,RENDAH
Saya harap STIKOM meningkatkan kualitas pengajaran dengan memberikan pelatihan berkala kepada dosen agar selalu mengikuti perkembangan terbaru dalam teknologi dan metode pengajaran.,AKADEMIK,RENDAH
Memberikan umpan balik yang konstruktif,KEUANGAN,RENDAH
selalu rutin melakukan checking terhadap fasilitas agar yang rusak tidak dibiarkan terlalu lama,FASILITAS,TINGGI
"mungkin bisa sering diadakan evaluasi terhadap beberapa pengajar, karena terkadang terdapat beberapa pengajar yang kurang disiplin dalam mengajar",AKADEMIK,TINGGI
terus lakukan yg terbaik,LAINNYA,RENDAH
Saya harap stikom kedepannya lebih baik dari sebelumnya,LAINNYA,RENDAH
tetap seperti ini,LAINNYA,RENDAH
Semoga kelancarannya tetap terjaga,LAINNYA,RENDAH
kedapan lebih baik lagi,LAINNYA,RENDAH
Agar sarana prasarana dari lab atau berbagai macam lebih ditingkatkan,FASILITAS,RENDAH
Saya berharap STIKOM BALI mampu mempertahankan kinerja yang baik dan meningkatkan kinerja yang kurang,LAINNYA,SEDANG
Semoga kedepannya gedung stikom Bali lebih di perluas agar kenyamanan mahasiswa lebih bagus untuk di pakai belajar.,FASILITAS,TINGGI
semuanya sudah sangat bagus dan harus di pertahankan,LAINNYA,RENDAH
semoga selalu mempertahankan yg bagus,LAINNYA,RENDAH
Semoga kampus stikom di berbaharui lagi,LAINNYA,RENDAH
"Peningkatan kualitas dosen Dosen dapat meningkatkan kualitasnya dengan selalu meng-upgrade ilmu yang di dalaminya, seperti melalui penerbitan buku dan penelitian",AKADEMIK,RENDAH
dosen mampu memberikan materi secara jelas dan memerhatikan mahasiswa agar lebih kreatif di dalam kelas,AKADEMIK,RENDAH
Harapannya semoga dosen pengajar mampu meningkatkan metode mengajar agar mahasiswa/i lebih bisa memahami mata kuliah yang di berikan,AKADEMIK,RENDAH
"Harapan untuk Meningkatkan Kinerja STIKOM Bali Peningkatan Program Magang dan Kerja Sama Global Memperluas kesempatan magang di perusahaan global untuk meningkatkan pengalaman mahasiswa di tingkat internasional. Pengembangan Program Studi Baru Membuka program studi yang relevan dengan tren terkini seperti Kecerdasan Buatan, Blockchain, dan Keamanan Siber. Digitalisasi Proses Pembelajaran Mengadopsi teknologi pembelajaran berbasis AI atau VR/AR untuk pengalaman belajar yang lebih interaktif dan modern. Peningkatan Akses Beasiswa Memberikan lebih banyak akses beasiswa untuk mahasiswa berprestasi dan kurang mampu agar lebih inklusif. Dukungan untuk Startup Mahasiswa Membuat inkubator bisnis untuk mendukung mahasiswa yang ingin memulai usaha berbasis teknologi. Meningkatkan Jaringan Alumni Memperkuat hubungan dengan alumni untuk membangun jejaring profesional yang dapat membantu mahasiswa dalam pengembangan karir. Perluasan Fasilitas Kampus Menambah fasilitas seperti ruang belajar kolaboratif, area kreatif, atau coworking space untuk mendukung inovasi.",FASILITAS,TINGGI
semua ditingkatkan,LAINNYA,RENDAH
Harapan untuk dipermudah segala urusan surat,LAINNYA,RENDAH
usulan saya yaitu lebih sering mendengarkan keluhan mahasiswa/i. karna dari kritikan dan saran tersebut yang bisa meningkatkan semua kinerja,LAINNYA,RENDAH
"melakukan kerjasama jangka panjang untuk memberikan peluang mahasiswa melakukan bootcamp, magang dan kuliah yang lebih berkualitas",KEUANGAN,RENDAH
Tidak ada saran khusus,LAINNYA,RENDAH
semoga ruangan diperbanyak,FASILITAS,RENDAH
"Saya berharap untuk semua informasi yang disampaikan kepada mahasiswa selalu jelas dan tidak menggantung atau terdapat kesalahan informasi sebagai yang saya alami sebagai mahasiswa renim. Sebelumnya saya di informasikan bahwa saya hanya perlu mengikuti perkuliahan selama 3 semester saja, namun pada akhirnya saya harus kuliah selama 3 tahun atau sama dengan 6 semester. karena sayangnya saya sudah menjalani perkuliahan pasca renim hampir selama satu tahun dan berkuliah di stikom dari 2015, sayang rasanya apabila saya mengundurkan diri mengingat saya sudah berusaha sampai dengan titik ini.",LAINNYA,RENDAH
"Harapan untuk STIKOM Bali: meningkatkan kerja sama internasional, mendukung riset teknologi mutakhir, modernisasi fasilitas, pengembangan soft skills mahasiswa, dan optimalisasi peran alumni",FASILITAS,RENDAH
agar melakukan kinerja terbaik,LAINNYA,RENDAH
"untuk menjaga kualitas web perwalian, sering terjadi error saat perwalian",LAINNYA,TINGGI
terus tingkatkan lagi,LAINNYA,RENDAH
"Semoga semakin baik lagi untuk kedepannya untuk Stikom Bali agar dapat menghasilkan orang orang cerdas, berkompeten, dan jaya selalu",LAINNYA,RENDAH
Memberikan fasilitas tempat atau basecamp untuk benerapa ukm,FASILITAS,RENDAH
"semoga kedepannya stikom semakin maju, inovatif, dan terus menciptakan lingkungan pendidikan yang inspiratif",LAINNYA,RENDAH
Ditingkatkan segala aspek,LAINNYA,RENDAH
Semoga kedepannya fasilitas di kampus bisa lebih lengkap,FASILITAS,RENDAH
"harapan saya semoga kedepannya bisa lebih ditingkatkan lagi, dan bisa menjadi kampus terbaik di Bali",LAINNYA,RENDAH
semoga menjadi lebih baik lagi,LAINNYA,RENDAH
saya harap kedepannya lebih baik lagi,LAINNYA,RENDAH
kinerja seperti itu dipertahankan kalau bisa ditingkatkan lagi,LAINNYA,RENDAH
"sarana dan prasarana tolong dtingkatkan, sekedar saran tolong sediakan tempat mahasiswa untuk mengerjakan tugas di kampus selain ruangan kelas karena kalau di kantin itu kadang tempatnya panas dan ramai. Terimakasih",FASILITAS,SEDANG
harapan saya kedepannya semoga ITB STIKOM BALI bisa menjadi kampus terbesar di indonesia,LAINNYA,RENDAH
Pertahankan poin-poin baik yang sudah saya sebutkan tadi.,LAINNYA,RENDAH
Kurangi kegiatan event event diselenggarakan oleh beberapa masing2 UKM. Lebih efesien diselenggarakan secara gabungan. Kemudian penghapusan SKKM sebagai syarat kelulusan sangatlah tidak tepat dijadikan acuan pemenuhan syarat kelulusan.,FASILITAS,TINGGI
Segera perbaiki lift,FASILITAS,RENDAH
semoga bisa menjadi yang lebih baik lagi dan menjadi yang terbaik,LAINNYA,RENDAH
"Meningkatkan pemblajaran melalui praktikum secara langsung dalam perkuliahan, dan Meningkatkan ketersediaan sarana atau alat dan perangkat praktikum di LAB",LAINNYA,RENDAH
Meningkatkan sistem manajemen pengetahuan untuk memfasilitasi transfer pengetahuan antar dosen dan meningkatkan kualitas pengajaran,FASILITAS,RENDAH
Semoga parkir kampus di perluas,FASILITAS,TINGGI
"saya harap STIKOM dapat memperbaiki colokan stop kontak di lantai 4, jika memang rusak atau tidak berfungsi sebaiknya dicabut saja daripada menjadi pajangan di tembok, saya harap STIKOM memperbanyak jumlah kursi biru di lorong kampus karena sangnat efektif untuk mengerjakan sesuatu dengan laptop diatas meja lipat tersebut.",FASILITAS,TINGGI
Peningkatam fasilitas dan layanan,FASILITAS,RENDAH
Semoga pada bagian informasi bisa memberitahu lebih awal terkait apakah kelas dipakai oleh mahasiswa kampus lain atau tidak,LAINNYA,RENDAH
"lebih melihat sarana dan prasarana kampus seperti toilet yang airnya bocor, kurang penerangan di basement dan pada saat krs an tidak error lagi",FASILITAS,TINGGI
Harapan kedepannya agar stikom jadi lebih baik lagi,LAINNYA,RENDAH
Parkir lebih luas,FASILITAS,TINGGI
Semoga lebih baik lagi kedepannya,LAINNYA,RENDAH
Peningkatan Kolaborasi dengan Dunia Industri,LAINNYA,RENDAH
harapan saya STIKOM Bali selalu berkembang dan menghasilkan lulusan yang terbaik,LAINNYA,TINGGI
Saya harap kedepanny bisa lebih banyak kelas offline,LAINNYA,RENDAH
harapan saya semoga itb stikom bali semakin sukses kedepannya,LAINNYA,RENDAH
Semoga kedepannya selalu menjaga kekompakan,LAINNYA,RENDAH
lebih ditingkatkan lagi,LAINNYA,RENDAH
"Harapan saya, agar fasilitas yang berada di STIKOM Bali dapat dipergunakan dengan mudah contohnya jaringan WI-FI mudah konek, AC yang dingin, serta bangku yang nyaman untuk digunakan oleh mahasiswa.",FASILITAS,RENDAH
Mungkin bisa diperbanyak lagi sumber bacaan diperpustakaan,FASILITAS,RENDAH
Tingkatkan pelayanan agar lebih baik,LAINNYA,RENDAH
Kuliah tetap online,LAINNYA,RENDAH
Harapan yang dapat Saya usulkan untuk meningkatkan kinerja STIKOM Bali adalah lebih meningkatkan aksesibilitas E-Library,LAINNYA,RENDAH
AC ruangan harus di maksimalkan,FASILITAS,RENDAH
Semoga lebih ditingkatkan lagi,LAINNYA,RENDAH
"sejauh ini, belum ada",LAINNYA,RENDAH
Lebih meningkatkan kompleksitas materi yang diberikan,LAINNYA,RENDAH
Moga lebih berinovasi,LAINNYA,RENDAH
"ada nya lapangan untuk parkir motor , membuat ruangan untuk setiap ukm , membuat tempat untuk mahasiswa kumpul sebelum kelas, tempat sampah kurang tersebar dibeberapa titik",FASILITAS,SEDANG
"Tidak ada , karena sudah terbaik",LAINNYA,RENDAH
Harapan kedepannya peningkatan sarana seperti ruang kelas tambahan agar bisa kuliah offline.,KEUANGAN,RENDAH
Meningkatkan kualitas dan relevansi pendidikan di bidang ICT,LAINNYA,RENDAH
akses internet / wifi dengan kecepatan yang baik di sekitar AREA KAMPUS,JARINGAN_IT,RENDAH
"harapan saya tolong lebih peduli dengan mahasiswanya kami kelas karyawan, sudah bayar mahal seharusnya mendapatkan fasilitas dan kemudahan yang sesuai",FASILITAS,RENDAH
membenahi fasilitas yang ada dikampus,FASILITAS,RENDAH
"Fasilitas seperti ac dan proyektor kurang di benerin si, kadang ac nya ga dingin/mati kadang proyektor nya bermasalah",FASILITAS,TINGGI
semoga fast respon dan dapat menjelaskan informasi dengan jelas,LAINNYA,RENDAH
Untuk selalu mempertahankan kinerja yang sekarang atau menjadi lebih baik dari yang sekarang.,LAINNYA,RENDAH
"Sudah cukup, kinerja cukup bagus. Perkuliahan online sangat membantu saya ibu rumah tangga",LAINNYA,RENDAH
"mohon jika ada fasilotas yg rusak, diperbaiki dengan cepat",LAINNYA,TINGGI
"Harapan yang dapat saya usulkan yaitu, mengembangkan pusat karier yang proaktif membantu mahasiswa dan alumni menemukan pekerjaan atau memulai bisnis.",LAINNYA,RENDAH
"Akademik, mohon jika memberikan informasi suara lebih di keraskan, kami mahasiswa sulit untuk menerima informasi",AKADEMIK,RENDAH
"Untuk perpustakaan usahakan bukunya dibanyakin seperti buku cerita, komik, atau novel",LAINNYA,RENDAH
mungkin bisa lebih baik lagi,LAINNYA,RENDAH
ditingkatkan lagi disetiap fasilitas,FASILITAS,RENDAH
Harapan saya agar fasilitas di stikom lebih di tingkatkan lagi,FASILITAS,RENDAH
hilangkan kelass online,LAINNYA,RENDAH
"Menambahkan mata kuliah atau modul baru yang relevan dengan tren teknologi masa depan, seperti blockchain, metaverse, atau green computing. Memfasilitasi pembelajaran berbasis proyek yang melibatkan permasalahan nyata dari dunia industri.",FASILITAS,RENDAH
Bisa terus berkembang dan terus lebih baik dari sebelumnya,LAINNYA,RENDAH
semoga kedepannya lebih baik,LAINNYA,RENDAH
Yang saya harapkan stikom menjadi lebih maju,LAINNYA,RENDAH
harapan saya semoga stikom bali tetap menjadi kampus impian para calon mahasiswa di kedepannya dan juga tetap menjadi #ALWAYS THE FIRST,LAINNYA,RENDAH
Semangat terus buat stikom bali,LAINNYA,RENDAH
Usulan yang saya di harapkan adalah semoga ke depanya stikom bali lebih baik kedepanya,LAINNYA,RENDAH
fasilitas ditingkatkan.,FASILITAS,RENDAH
Dosen pembimbing mohon dievaluasi lagi agar dapat memberikan pelayanan yang lebih baik untuk mahasiswa yang sedang menjalankan tugas akhir,AKADEMIK,TINGGI
Kesesuai jadwalan dalam memberikan materi saat perkuliahan online,AKADEMIK,RENDAH
Menjaga keamanan,LAINNYA,RENDAH
agar ITB STIKOM Bali dapat menyediakan program studi S2 untuk jurusan Bisnis Digital,LAINNYA,RENDAH
Semoga stikom menjadi universitas,LAINNYA,RENDAH
"Dalam pendanaan untuk kegiatan lomba agar dipermudah, jadi males ikut lomba kalau biaya saja harus ditanggung sendiri",KEUANGAN,RENDAH
semoga kedepannya lebih ditingkatkan lagi,LAINNYA,RENDAH
semoga kedepannya tetap konsisten dan juga tetap membuat kusioner seperti ini lagi agar bisa berkembang dari waktu ke waktu,LAINNYA,RENDAH
Untuk lebih memperhatikan UKM yang berbasis teknologi seperti RADE karena ukm tersebut sulit untuk melakukan penelitian karena kekurangan dana,KEUANGAN,SEDANG
agar fasilitas lebih lengkap,FASILITAS,RENDAH
harapan saya adalah fasilitas internet di perluas karena pada lantai 3 dan 4 internet wifi ilangan dan juga fasilitas kantin yang kumuh dan panas,FASILITAS,TINGGI
Wifi yang kurang stabil mengingat Stikom merupakan kampus IT serta beberapa kelas mengalami terkendala di AC sehingga menyebabkan kelas panas,FASILITAS,SEDANG
"Wifi nya diperbanyak, kelas j7, j8, j4 tidak ada wifinya",JARINGAN_IT,RENDAH
meng ekspansi gedung khususnya di renon,FASILITAS,RENDAH
buatkan tempat olahraga,LAINNYA,RENDAH
meningkatkan kualitas peralatan praktek untuk matkul jaringan komputer,JARINGAN_IT,RENDAH
Bisa menjadi lebih baik lagi,LAINNYA,RENDAH
Jauhh harus lebih ditungkatkan,LAINNYA,RENDAH
memberikan informasi dengan cepat,LAINNYA,RENDAH
harapan saya semoga fasilitas dan cara mengajar dosen lebih menarik lagi,FASILITAS,RENDAH
Harapan kedepannya supaya stikom bali lebih meningkatkan kinerja di segala bidang,LAINNYA,RENDAH
STIKOM BALI semakin melebar dan sukses,LAINNYA,RENDAH
bisa memberikan fasilitas yang lebih baik lgi,FASILITAS,RENDAH
Harapannya supaya wifi dan kantin di perbaiki,JARINGAN_IT,RENDAH
lebih meningkatkan kualitas login sion karena sering lag,LAINNYA,RENDAH
Semoga semakin berkembang,LAINNYA,RENDAH
"Harapan saya adalah untuk memperbarui kurikulum secara berkala dengan memanfaatkan teknologi terkini seperti kecerdasan buatan, big data, dan internet of things, serta memastikan bahwa seluruh kampus memiliki akses internet yang cepat dan stabil.",JARINGAN_IT,RENDAH
baik ke depan nya,LAINNYA,RENDAH
semoga dikepannya stikom bali dapat meningkatkan lagi baik dari fasilitas dalam ruangan maupun toilet karena masih ada sedikit kerusakan,FASILITAS,TINGGI
smoga sion tidak eror dan juga perwalian tidak lemot websitenya,JARINGAN_IT,TINGGI
"Harapan saya ke depannya adalah agar STIKOM terus meningkatkan fasilitas yang ada, terutama dalam hal perbaikan toilet dan penyediaan akses internet yang lebih baik. Saya berharap toilet dapat lebih sering dibersihkan dan dipelihara dengan baik sehingga memberikan kenyamanan dan kebersihan bagi seluruh pengguna. Selain itu, peningkatan kualitas dan kecepatan internet sangat penting untuk mendukung kegiatan belajar mengajar yang semakin bergantung pada teknologi dan akses informasi online.",FASILITAS,RENDAH
"Saya harap web e-library ditambahkan fitur ""lupa password"", saya tidak bisa login ke e-library karena lupa password dan tidak ada fitur untuk mengatur ulang password di web tersebut.",LAINNYA,RENDAH
Saat mahasiswa mengalami kendala dalam mengumpulkan tugas dosen bisa langsung menanggapi keluhan mahasiswa tersebut,AKADEMIK,RENDAH
Berbenah lagi dalam kondisi dari setiap lab,LAINNYA,RENDAH
baiknya akademik menanyakan ke prodi bukan menyuruh mahasiswa untuk datang ke kampus,AKADEMIK,RENDAH
Lift yang perlu diperbaiki lebih cepat dan free wifi untuk mahasiswa,FASILITAS,RENDAH
Akses wifi gratis diperbanyak,JARINGAN_IT,RENDAH
lebih meningkatkan pemberian informasi kepada mahasiswa,LAINNYA,RENDAH
HARAPAN SAYA KEDEPANNYA SEMOGA KAMPUS STIKOM BALI LEBIH MENINGKATKAN KINERJANYA LAGI,LAINNYA,RENDAH
harapannya agar semua bisa lebih ditingkatkan lagi dari berbagai aspek,LAINNYA,RENDAH
Semoga dapat ditingkatkan lebih baik lagi,LAINNYA,RENDAH
Dilakukan pengembangan dan peningkatan sarana &amp; prasarana guna menunjang proses perkuliahan supaya bisa lebih optimal,LAINNYA,RENDAH
tolong lab multimedia di isi tidak ada layar proyektornya sama fasilitas komputernya kurang agar segera di tambahkan,FASILITAS,SEDANG
meningkatkan sarana prasarana perkuliahan,LAINNYA,RENDAH
Tetap dijaga bila perlu ditingkatkan,LAINNYA,RENDAH
diperbaiki lagi fasilitas toilet,FASILITAS,RENDAH
merespon dengan lebih ramah dan memberikan penjelasan dengan baik,LAINNYA,RENDAH
kualitas gedung diperbaiki,FASILITAS,RENDAH
Pertahankan dan tingkatkann,LAINNYA,RENDAH
Menjadi kampus Komputer terbaik di Indonesia.,LAINNYA,RENDAH
Pengajar yang lebih propesional,LAINNYA,RENDAH
Harapan saya kedepannya mohon dosen setiap mengajar di kelas mau mengerti keadaan mahasiswa yang kurang lambat mengerti dalam tugas hal apapun,AKADEMIK,SEDANG
untuk kecepatan wifi bisa ditingkatkan lagi,JARINGAN_IT,RENDAH
Semoga lebih baik lagi daripada sebelumny,LAINNYA,RENDAH
semakin maju dan berkembang untuk kedepannya,LAINNYA,RENDAH
Besar harapan saya supaya kedepannya meningkatkan kolaborasi industri.,LAINNYA,RENDAH
Agar lebih baik lagi dalam hal pemberian informasi yang informatif kepada mahasiswa,LAINNYA,TINGGI
"Untuk meningkatkan kinerja STIKOM Bali, beberapa harapan dan usulan berikut dapat dipertimbangkan: Peningkatan Kualitas SDM Meningkatkan kompetensi dosen melalui pelatihan, sertifikasi internasional, dan riset kolaboratif, sehingga mampu membawa wawasan global ke dalam ruang kelas. Pengembangan Teknologi dan Fasilitas Investasi lebih pada laboratorium modern, teknologi berbasis AI, dan fasilitas belajar hybrid (online-offline) untuk menunjang pembelajaran yang interaktif dan inovatif.",FASILITAS,RENDAH
"Harapan saya: Untuk meningkatkan kinerja STIKOM Bali, disarankan fokus pada pengembangan kurikulum yang relevan dengan industri, peningkatan infrastruktur, kolaborasi dengan perusahaan untuk magang, pengembangan soft skills, dan dukungan riset. Dengan strategi ini, diharapkan STIKOM Bali dapat menghasilkan lulusan yang siap bersaing dan berkontribusi dalam dunia kerja dan teknologi.",KEUANGAN,TINGGI
saya harap harga ukt di turunkan :(,KEUANGAN,RENDAH
Efektifitas proses. Terutama akademik online,AKADEMIK,RENDAH
"Harapan saya untuk stikom bali, semoga kampus ini semakin lancar dari semua aspek yang ada di kampus ini.",LAINNYA,RENDAH
Semoga bisa menjadi lebih baik lagi,LAINNYA,RENDAH
"Peningkatan dalam fasilitas kampus, Seperi remot AC, perbaikan komputer yang mati.",FASILITAS,TINGGI
Seperti alasan di nomor 47,LAINNYA,RENDAH
meningkatkan informasi,LAINNYA,RENDAH
Harapan agar semua mahasiswa dapat mengikuti kuliah secara tatao muka,LAINNYA,RENDAH
lebih ditingkatkan kinerja dosen agar lebih seru dalam pembelajaran,AKADEMIK,RENDAH
harapan saya kedepannya tolong tingkatkan fasilitas di lingkungan kampus,FASILITAS,RENDAH
lebih banyak mengadakan kelas offline,LAINNYA,RENDAH
Lebih meningkatkan fasilitas yang ada di kampus.,FASILITAS,RENDAH
Tidak ada sudah baik,LAINNYA,RENDAH
selalu mengembangkan dan memperbarui sarana dan prasana stikom dan semoga dosen selalu memudahkan serta memberikan keringanan mahasiswa dalam hal apapun termasuk mahasiswa yang sedang bekerja,AKADEMIK,RENDAH
Menajdi lebih baik lagi dalam pelayanan kepda mahasiswa,LAINNYA,RENDAH
harapan saya adalah agar membuat event yang lebih menarik lagi dan meningkatkan fasilitas yang ada di kelas serta toilet,FASILITAS,RENDAH
Tingkatkan fasilitas kampusnya lagi. Kelas harusnya lebih layak lagi fasilitasnya serta siapkan WIFI yang dapat diandalkan dan bisa diakses oleh mahasiswa. Supaya tidak merasa sia-sia bayar mahal-mahal tapi fasilitas kurang dan susah diakses mahasiswa.,FASILITAS,SEDANG
semoga bisa jauh lebih baik lagi,LAINNYA,RENDAH
perbanyak event di stikom,LAINNYA,RENDAH
harapan kedepannya lebih terbuka lagi dan mau mendengar mahasiswa serta mampu merangkul mahasiswa,LAINNYA,RENDAH
"mungkin meningkatkan kinerja dalam pembangunan misal memperbaiki lift, memperbaiki toilet yang rusak, dan mengservice ac",FASILITAS,TINGGI
tetap dijaga untuk kinerja yg sudah baik ini,LAINNYA,RENDAH
"Dengan terus meningkatkan kinerjanya, STIKOM Bali dapat menjadi perguruan tinggi yang unggul di Indonesia dan menjadi rujukan bagi perguruan tinggi lain di Indonesia.",LAINNYA,RENDAH
Semoga staffnya semakin ramah kepada mahasiswa,LAINNYA,RENDAH
semoga selalu dipertahankan,LAINNYA,RENDAH
supaya lebih tanggap dalam segala hal,LAINNYA,RENDAH
Harapan saya semoga bisa di pertahankan seperti ini,LAINNYA,RENDAH
di cek kembali sarana perkuliahan di kelas,LAINNYA,RENDAH
Bisa lebih baik lagi kedepannya,LAINNYA,RENDAH
semoga pendapat mahasiswa didengar,LAINNYA,RENDAH
banyakin offline,LAINNYA,RENDAH
Lebih cepat dalam memproses,LAINNYA,RENDAH
Untuk kedepaanya pertahankan kinerja supaya tetap sangat baik,LAINNYA,RENDAH
"Tingkatkan fasilitas yang lebih baik di bagian selain komputer, contoh tidak ada wifi gratis",FASILITAS,RENDAH
"Harapan saya, semoga dosen-dosen pengajar dapat lebih disiplin dalam waktu pengajaran.",AKADEMIK,RENDAH
Semoga ITB STIKOM BALI lebih bagus dan lebih memperhatikan fasilitas atau keadaan kampus agar kedepan nya ITB STIKOM BALI lebih baik dan lebih nyaman berada dilingkungan kampus,FASILITAS,RENDAH
"Agar di setiap kelas AC,kursi,proyektor tidak ada yg rusak,karena beberapa dikelas banyak yg rusak",FASILITAS,TINGGI
Untuk kedepannya agar lebih baik lagi,LAINNYA,RENDAH
Semoga kinerja stikom semakin meningkat daripada sebelumnya,LAINNYA,RENDAH
harapan saya mungkin di bagian parkir agar bisa lebih rapi dan memudahkan pengendara dan menjaga ke amanan properti yang di bawa pengendara seperti helm,FASILITAS,RENDAH
"stikom hebat,keren",LAINNYA,RENDAH
Informasi yang diberikan tidak hanya lewat mouth to mouth tapi juga merata melalui sosmed,LAINNYA,RENDAH
"memperbanyak koleksi&quot; penelitian dan juga bacaan, Selain itu memperluas ruangan perpustakaan sehingga lebih banyak orang yang bisa datang dan membaca di perpustakaan",FASILITAS,TINGGI
Lebih banyak kelas agar tidak banyakan online dan untuk saat ini menurut saya STIKOM itu ku tangan kelas jadinya banyakan online,LAINNYA,RENDAH
Selalu menjaga kebaikan kinerja yang telah dilaksanakan,LAINNYA,RENDAH
Meningkatkan kualitas fasilitas dimana bisa menggunakan fasilitas kampus,FASILITAS,RENDAH
Smoga sarana dan prasaran di stikom lebih banyak dan lebih baik lagi,LAINNYA,RENDAH
Saya ingin mengusulkan supaya jaringan Wifi nya bisa lebih kencang dan jangkauannya luas,JARINGAN_IT,TINGGI
lebih di usahakan lagi saat absen,LAINNYA,RENDAH
semoga stikombali bisa lebih bagus,LAINNYA,RENDAH
semoga bisa lebih baik,LAINNYA,RENDAH
Terus tingkatkan agar lebih baik lagi.,LAINNYA,RENDAH
Semoga semakin baik,LAINNYA,RENDAH
harapan saya agar kedepannya stikom bali semakin maju,LAINNYA,RENDAH
sediakan colokan untuk saat pelajaran seperti algoritma,LAINNYA,RENDAH
Semoga lebih banyak kampus yang akan diajak untuk bekerja sama,LAINNYA,RENDAH
harapan saya agar buku skkm di ganti menjadi website saja,LAINNYA,RENDAH
Meningkatkan fasilitas kantin,FASILITAS,RENDAH
lebih di kembangkan lagi,LAINNYA,RENDAH
"Semoga Dosen yg mengajar Akademis ke depannya lebih kompeten &amp; jelas, tidak terlarut dalam emosi personal dan ego ke dalam kelas yg diajar",AKADEMIK,RENDAH
semoga kedepannya kinerja stikom bali bisa lebih cepat dan efisien,LAINNYA,RENDAH
SEMOGA SEMAKIN SUKSES,LAINNYA,RENDAH
Berharap jauh lebih baik,LAINNYA,RENDAH
Kedepannya lebih responsif dan memberikan informasi tanpa mengarahkan mahasiswa ke beberapa bagian tanpa kepastian,LAINNYA,RENDAH
tidak ada mungkin sudah cukup,LAINNYA,RENDAH
"Harapan saya terkait kelas online dan offline, berhubungan saya sekarang memilij kelas online dan banyak sekali teman mahasiswa yang mengambil kelas online juga dari luar pulau Bali. Dengan ini saya berharap ada kelas online sampai akhir semester/lulus untuk mahasiswa luar pulau Bali yang tidak bisa mengikuti perkulian secara tatap muka, sehinggan kampus stikom bisa lebih dikenal dari berbagai mahasiswa yang akan melanjutkan kejenjang perguruan tinggi. Terimakasih...",LAINNYA,RENDAH
"Permisi kak, Saya memberikan saran saja untuk STIKOM Perlu mengupgrade Fasilitas kampus yang kurang memadai, contohnya; nah sekarang kan sudah ada sabun cuci tangan di setiap toilet, jadi yg kurang tolong sediakan tissue juga Kalau alasan nantinya banyak sampah dan alasan lain lain. Boleh diganti dgn Hand dryer. Masa sekelas kampus ITB fasilitasnya kurang.",FASILITAS,SEDANG
"tolong perbaiki ac yang ada di kelas, kelas sangat panas",FASILITAS,SEDANG
"Untuk meningkatkan kinerja STIKOM Bali, dapat dilakukan dengan memperbarui kurikulum agar lebih relevan dengan industri, meningkatkan kualitas pengajaran melalui pelatihan dosen, serta memperbaiki fasilitas seperti laboratorium dan ruang kelas. Selain itu, memperluas kerjasama dengan industri untuk peluang magang dan pengembangan startup mahasiswa, serta meningkatkan layanan mahasiswa seperti bimbingan karir dan beasiswa juga sangat penting. Terakhir, mendorong penelitian dan pengabdian masyarakat akan meningkatkan kontribusi kampus terhadap pengembangan teknologi dan solusi di Bali.",FASILITAS,TINGGI
"untuk fasilitasnya tolong di tingkatkan lagi, terutama di bagian jaringan wifi.",FASILITAS,RENDAH
"harapan pengisian KRS tidak ada lagi masalah, dan saya sebagai kelas karyawan berharap pengisian KRS didahulukan karena kelas karyawan membayar lebih mahal, dan mengapa digabung dengan kelas regular, saya berharap kedepannya mendapat hak yang sesuai",AKADEMIK,RENDAH
berikan informasi lebih jelas,LAINNYA,RENDAH
semoga selalu konsisten,LAINNYA,RENDAH
"Harapan saya, Semoga cepat terlaksanya proses perkuliahan secara oflline.",LAINNYA,RENDAH
Upgrade kampus renon,LAINNYA,RENDAH
Harapan saya untuk kinerja ITB stikom bali adalah dengan melakukan motivasi kelambali mengenai sistem pembelejaran yang ada,LAINNYA,RENDAH
SEMOGA STIKOM Bali BISA MEMPERBAIKI KANTIN DALAM DENGAN TUJUAN MEMPERSIAPKAN DIRI UNTUK PERKULIAHAN OFFLINE. MEMPERSIAPKAN LAHAN PARKIR YANG CUKUP UNTUK SELURUH MAHASISWA ITB STIKOM Bali.,FASILITAS,RENDAH
harapan saya untuk STIKOM Bali kedepannya mengedepankan sarana dan prasana untuk mahasiswanya,LAINNYA,RENDAH
toiletnya tolong disediakan tisu,FASILITAS,RENDAH
Memudahkan dalam pembayaran untuk jadwal krs dan tidak harus menginformasikan 2x,AKADEMIK,RENDAH
Tidak ada udah mantap kok,LAINNYA,RENDAH
harapan fasilitas sperti Gedung dan lapangannya di perluas lagi,FASILITAS,TINGGI
semakin baik lagi,LAINNYA,RENDAH
Semoga fasilitas semakin ditingkatkan,FASILITAS,RENDAH
Harapan saya untuk sinyal Wifi lebih di maksimalkan karena ada beberapa ruangan tidak dapat sinyal,FASILITAS,RENDAH
semoga lebih baik lagi memebrikan informasi,LAINNYA,RENDAH
"perlu ditingkatkan lagi bagian fasilitas kantin, lift dan pendukung lainnya agar lebih nyaman",FASILITAS,RENDAH
Harapan saya semoga ITB STIKOM BALI bisa makin banyak kolaborasi bareng Universitas atau Dual Degree yang lainnya.,LAINNYA,RENDAH
Harapan saya untuk wifi kampus itu kecepatan jaringan nya lambat tolong ke depan nya agar wifi kampus di buat agar lebih cepat,JARINGAN_IT,SEDANG
"Tidak ada, karena semua fasilitasnya sudah mendukung untuk segala kegiatan yang ada di kampus",FASILITAS,RENDAH
Semoga koneksi Wi-Fi kampus makin lancar,JARINGAN_IT,RENDAH
lift Stikom Kampus Jimbaran tolong di perbaiki yang lagi 1 dan pada proyektor harap benar&quot; di maintenance agar tidak mengganggu proses belajar dikelas.,FASILITAS,TINGGI
Peningkatan fasilitas sarana dan prasarana di dalam kelas,FASILITAS,RENDAH
Fasilitas yang lebih bagus lagi,FASILITAS,RENDAH
Sangat baik sekali,LAINNYA,RENDAH
Semoga kedepannya ada lapangan olahraga untuk UKM/organisasi di kampus,KEMAHASISWAAN,RENDAH
Tolong untuk setiap dosen ga semua dosen tapi salah satu atau dua yang kalo di chat tidak pernah di bales padahal dosen wali. justru kemana lagi kita harus bertanya kalo bukan ke dosen wali ? seenggaknya tidak ada informasi bisa di tuntun harus kemana.,AKADEMIK,RENDAH
perlu ditingkatkan.,LAINNYA,RENDAH
"lebih meningkatkan sosialisasi di kinerja tersebut,karena banyak mahasiswa tidak mengetahui info itu",LAINNYA,RENDAH
terus berinovasi,LAINNYA,RENDAH
Semoga dapat dipertahankan untuk kedepannya,LAINNYA,RENDAH
tetap semangat sukses selalu,LAINNYA,RENDAH
Respon Akademik di Percepat,AKADEMIK,RENDAH
pertahankan kinerja baiknya,LAINNYA,RENDAH
"Harapan saya untuk meningkatkan kinerja STIKOM Bali adalah meningkatkan fasilitas teknologi dan infrastruktur, mengembangkan kompetensi dosen dan staf melalui pelatihan berkala, mempercepat pelayanan akademik dengan sistem informasi yang lebih baik, serta mendorong penelitian dan pengabdian masyarakat. Selain itu, penting untuk meningkatkan aksesibilitas dan kualitas perpustakaan, fokus pada pengembangan karir mahasiswa melalui program magang dan job fair, serta membangun komunikasi yang lebih baik antara mahasiswa dan pihak kampus. Dengan demikian, STIKOM Bali dapat memberikan pengalaman pendidikan yang lebih optimal bagi seluruh mahasiswa.",FASILITAS,RENDAH
Kinerja sudah baik,LAINNYA,RENDAH
Semoga yang disemogakan tercapaikan saja,LAINNYA,RENDAH
"Semoga bisa ditampah ruang ukm agar bisa dapet satu""",KEUANGAN,RENDAH
tambah tempat parkir mobil,FASILITAS,RENDAH
mantap tingkatkan fasilitas dan kualitas dosen,FASILITAS,RENDAH
Meningkatkan fasilitas dan prasarana di kelas dan laboratorium,FASILITAS,RENDAH
Lebih teliti dan detail dalam memberikan informasi bundling yang cukup mendadak,LAINNYA,RENDAH
Lebih jelas lagi dalam memberikan informasi perkuliahan,LAINNYA,RENDAH
Harapannya agar kedepannya bisa memperbaiki kekurangan-kekurangan yang ada,LAINNYA,SEDANG
semoga kedepan lebih baik dalam menangani klas kariawan dan memahami,LAINNYA,RENDAH
"Sebagai kampus yang mengaku sebagai pilar teknologi informasi di Bali seharusnya sudah mampu menyediakan fasilitas bagi mahasiswa untuk mengurus perihal administrasi perkuliahan secara daring. Agak konyol ""kampus IT"" tapi segala urusan administrasi masih harus dilakukan secara luring, sangat tradisional sekali.",FASILITAS,RENDAH
Fast respon bisa ditingkatkan lagi,LAINNYA,RENDAH
harapan saya agar bisa lebih di tingkatkan lagi kinerja yang sudah berjalan,LAINNYA,RENDAH
untuk fasilitas semoga lebih di pertimbangkan,FASILITAS,RENDAH
Menjadi lebih baik,LAINNYA,RENDAH
Ditingkatkan keramahan dosennya,AKADEMIK,RENDAH
Dalam metode pembelajaran sejara daring untuk kelas ekstekutif sebaiknya tugas tugas yang diberikan tidak begitu memberatkan sehingga mahasiswa dapat menyelesaikan walaupun sambil bekerja.,LAINNYA,RENDAH
mempermudah akses untuk mencari informasi,LAINNYA,RENDAH
beberapa fasilitas tolong di perhatikan,FASILITAS,RENDAH
Semoga bapak bisa tetap kreatif dalam merancang dan menyampaikan materi kepada kami,LAINNYA,RENDAH
lebih ditingkatkan proses jawab pertanyaan mahasiswa,LAINNYA,RENDAH
"sudah baik, tapi masih bisa jadi lebih baik",LAINNYA,RENDAH
lebih dikembangkan saja,LAINNYA,RENDAH
semakin baik lagi agar dosen tidak memindahmindahkan jam kuliah,AKADEMIK,RENDAH
lebih dimudahkan dalam surat menyurat organisasi,LAINNYA,RENDAH
Kurangi kls online,LAINNYA,SEDANG
"Secara keseluruhan, semua kinerja dari ITB stikom Bali sudah sangat baik",LAINNYA,RENDAH
Meningkatkan fasilitas gedung,FASILITAS,RENDAH
Tingkatkan yang sudah berjalan,LAINNYA,RENDAH
Semoga semakin bagus sarana dan prasarana penunjang,LAINNYA,RENDAH
Harapannya untuk meningkatkan kualitas WiFi di setiap ruangan yang ada,FASILITAS,RENDAH
Semoga kedepannya dapat dipertahankan dan ditingkatkan lagi.,LAINNYA,RENDAH
Lift Stikom lagi satu bisa di perbaiki lebih cepat ya,FASILITAS,RENDAH
Semoga menjadi yang lebih baik lagi,LAINNYA,RENDAH
Lebih memperhatikan kualitas pelayanan terhadap mahasiswa,LAINNYA,RENDAH
Agarmen jadi kampus paling di minati,LAINNYA,RENDAH
semoga kedepanya lebih ditingkatkan,LAINNYA,RENDAH
Perbanyak study center,LAINNYA,RENDAH
harapan saya untuk STIKOM Bali dapat lebih meningkatkan lagi prosespelayanan agar menjadi lebih baik lagi,LAINNYA,RENDAH
kinerja ditingkatkan dan parkiran juga ditingkatkan,FASILITAS,RENDAH
"Meningkatkan kolaborasi dengan industri global, memperluas program sertifikasi internasional, dan memperkuat inovasi riset berbasis teknologi.",LAINNYA,TINGGI
Wifinya di upgrade biar gak lelet,JARINGAN_IT,RENDAH
Lebih di tingkatkan pemberian informasi nya,LAINNYA,RENDAH
Semoga semakin konsisten,LAINNYA,RENDAH
Terus meningkatkan kualitas tenaga pengajar dengan melibatkan lebih banyak praktisi industri sebagai dosen tamu. Membangun lebih banyak fasilitas dan laboratorium modern untuk mendukung pembelajaran dan riset di bidang teknologi informasi.,FASILITAS,RENDAH
Semoga kedepannya bisa melakukan kuliah offline secara keseluruhan,LAINNYA,RENDAH
semoga stikom semakin sukses kedepannya,LAINNYA,RENDAH
kedepannya agar dapat meningkatkan sarana dan prasarana pendukung pembelajaran.,LAINNYA,RENDAH
Lebih memberikan simpati dan informasi yang jelas terhadap mahasiswa yang daring.,LAINNYA,RENDAH
bisa lebih baik dari sebelumnya,LAINNYA,RENDAH
memberikan fasilitas terhadap semua extrakulikuler atau program,FASILITAS,RENDAH
"STIKOM Bali dapat terus melakukan pembaruan dan pengembangan fasilitas seperti laboratorium, perpustakaan, dan ruang kelas, agar proses belajar-mengajar dapat berjalan lebih efektif.",FASILITAS,RENDAH
Semoga pelayanan dan fasilitas kampus makin diperbaiki,FASILITAS,RENDAH
"pegawainya agar lebih ramah dalam melayani, sehingga mahasiswa merasa nyaman dalam mengurus administrasi",LAINNYA,RENDAH
Agar fasilitas baik di kelas maupun diluar kelas bisa lebih di tingkatkan lagi kualitasnya serta adanya wifi yang memumpuni untuk bisa digunakan oleh mahasiswa di kampus,FASILITAS,RENDAH
coba mahasiswa diberikan akses internet (wifi) kampus seperti username dan password oleh pihak kampus sehingga bisa hemat kuota...berikan kepada mahasiswa yang memang belum mendapatkan username dan password untuk bisa mengakses internet kampus,JARINGAN_IT,RENDAH
semoga fasilitas dan saran di ITB STIKOM Bali semakin meningkat,FASILITAS,RENDAH
lebih baik ke depannya,LAINNYA,RENDAH
Semoga WC lebih bersih lagi,FASILITAS,RENDAH
harapan saya semoga Stikom bali makin berjaya,LAINNYA,RENDAH
Meningkatkan partisipasi mahasiswa dalam evaluasi. Dengan implementasi strategi ini dapat meningkatkan kinerja dan mencampai tujuan menjadi institusi pendidikan tinggi yang unggul.,LAINNYA,TINGGI
Semoga tetap bagus,LAINNYA,RENDAH
"Coba saat perwalian untuk dosennya yang benar, contoh waktu daftar stikom offline setelah perwalian ada dosen yang di luar bali dan tidak akan ke bali, jadinya susah saat menangkap pelajaran yang diberikan, apalagi itu matkul praktikum",AKADEMIK,SEDANG
"Mendengarkan setiap keluhan dari mahasiwa, mengevaluasi hal tersebut, dan meningkatkan apa yang perlu ditingkatkan",LAINNYA,TINGGI
semoga dosen lebih memperhatikkan mahasiswa yang kelas karyawan ....karna info yg kita dapat sering lewat begitu saja,AKADEMIK,RENDAH
semoga bisa cepat cepat offline,LAINNYA,RENDAH
"Wifi tolong jangan lambat, agar mahasiswa bisa menggunakan nya dengan baik",JARINGAN_IT,SEDANG
Harapannya agar lingkungan kampus lebih hidup seperti kampus pada umumnya,LAINNYA,RENDAH
semoga stikom kedepannya lebih canggih kinerjanya,LAINNYA,RENDAH
Saya harap STIKOM Bali mampu memberikan update terkait keluh kesah yang disampaikan oleh mahasiswa dalam forum aspirasi agar mahasiswa tahu apakah masalah tersebut sudah diselesaikan atau belum.,LAINNYA,RENDAH
"Ada dosen yang memilih hanya 2 nilai, terlalu memberatkan mahasiswa. Kami harap agar tidak hanya memilih nilai A dan C",AKADEMIK,RENDAH
fasilitas wifi banyak,FASILITAS,RENDAH
keedepan pendidikan makin maju,LAINNYA,RENDAH
harapannya semoga bisa mempertahankan kinerja tersebut serta bisa lebih baik lagi,LAINNYA,RENDAH
semoga fasilitas dalam sarana prasarana ITB STIKOM BALI semakin lebih siap lagi terutama pada fasilitas lab,FASILITAS,RENDAH
Semoga lebih baik dari sebelumnha,LAINNYA,RENDAH
Tingkatkan lagi yang sudah saya pilih opsi kurang,LAINNYA,SEDANG
Harapan semoga semakin sukses dan jaya selalu,LAINNYA,RENDAH
kalau di jimbaran mungkin untuk se segera mungkin di buatkan kantin pak tolong biar kita kalau mau jajan lebih enak,LAINNYA,RENDAH
perbanyak mahasiswa kelas online per kelas,LAINNYA,RENDAH
Tambah parkiran,FASILITAS,RENDAH
mahasiswa hybrid yang mendapat jadwal perkuliahan full online mendapat jadwal perkuliahan offline disemester berikutnya(sangat berharap),AKADEMIK,RENDAH
memperhatikan lebih baik lagi mengenai keluh kesah mahasiswa.,LAINNYA,RENDAH
mamsimalkan lagi...,LAINNYA,RENDAH
semoga perpustakaan ada cakupan wifinya dan semakin luas,JARINGAN_IT,TINGGI
Terus berbenah dan tetap fokus untuk meningkatkan keseluruhan.,LAINNYA,RENDAH
Mungkin untuk program&quot; yang ada lebih di branding lagi,LAINNYA,RENDAH
semoga kinerja bagian infokom lebih baik lagi,LAINNYA,RENDAH
"Turunkan Biaya UKT, Hapuskan Skripsi, SKS tidak boleh lagi diambil maksimal sebanyak 24.",AKADEMIK,RENDAH
Lebih meningkatkan pemberian informasi kepada mahasiswa,LAINNYA,RENDAH
mempertahankan fasilitas tersebut,FASILITAS,RENDAH
lahan parkir diperbanyak,FASILITAS,RENDAH
Harapan saya untuk kedepannya supaya memberi informasi satu atau dua hari sebelum h-h,LAINNYA,RENDAH
lebih meningkatkan fasilitas lagi,FASILITAS,RENDAH
Permurah ukt pliss,KEUANGAN,RENDAH
Tingkatkan akses internet di area kampus guna mempermudah mahasiswa dalam mengakses web/browser saat perkuliahan,JARINGAN_IT,RENDAH
lebih pleksibel terhadap kelas karyawan yang bekerja di bidang parawisata,LAINNYA,RENDAH
Menambah jumlah buku bacaan yang ada di perpustakaan,FASILITAS,RENDAH
"Harapannya lebih diperhatikan dosen dosen yang mengajar agar proses pengajuannya lebih meningkat minta belajar mahasiswa, agak tidak bosan",AKADEMIK,RENDAH
meningkatkan fasilitas yang belum terpenuhi,FASILITAS,RENDAH
Semoga kurikulum yang diberikan bisa lebih banyak mengajarkan ilmu yang praktical dan dapat diterapkan langsung.,AKADEMIK,RENDAH
Semoga semakin bagus kedepannya,LAINNYA,RENDAH
Beberapa mungkin bisa diperbaiki,LAINNYA,RENDAH
semoga kedepannya fasilitas di perbaharui,FASILITAS,RENDAH
Agar di tingkatkan layanannya dalam segini parkir dan toilet,FASILITAS,RENDAH
Membutuhkan wifi lebih cepat dan jangkauan lebih panjang,JARINGAN_IT,RENDAH
harapan yang bisa saya usulkan adalah keramahan dan kejelasan informasi yang hendak diberikan pada mahasiswa terutama mahasiswa baru,LAINNYA,RENDAH
Kemudahan aksesibilitas SION,LAINNYA,RENDAH
Semoga kedepannya ITB STIKOM Bali bisa terus memberikan fasilitas yang nyaman dan bisa membantu mahasiswa ITB STIKOM Bali terus maju.,FASILITAS,RENDAH
"Kurang tau, saya hanya mengikuti saja. Semoga lancar",LAINNYA,SEDANG
saya kira semua sudah berjalan dengan baik,LAINNYA,RENDAH
Meningkatkan kinerja saat mengajar.,AKADEMIK,RENDAH
Semoga selalu dipermudahkan,LAINNYA,RENDAH
mungkin lebih cepat untuk menanggapi keluhan dari mahasiswa,LAINNYA,RENDAH
"Harapan saya untuk membantu mahasiswa mengembangkan ide-ide inovatif menjadi bisnis nyata, sekaligus mendukung ekosistem wirausaha di Bali.",LAINNYA,RENDAH
Semoga lebih baik lagi,LAINNYA,RENDAH
"harapan saya semoga kedepannya, menyediakan fasilitas istirahat di luar gedung(out door) lebih banyak lagi, dan khusus untuk kantin menyediakan nasi bungkus yang sudah di sediakan agar tidak perlu menunggu lama lagi, terutama untuk untuk sarapan sebelum mengikuti perkuliahann",FASILITAS,RENDAH
semoga biner kedepanya semakin besar,LAINNYA,RENDAH
"Memperbanyak kolaborasi dengan pihak - pihak yang expert di Dunia Industri, terutama Teknologi.",LAINNYA,RENDAH
Harapan yaitu perlu di tingkatkan lagi supaya rekan mahasiswa mudah memahaminya Terima Kasih.,LAINNYA,RENDAH
semoga dapat lebih baik lagi,LAINNYA,RENDAH
Semoga wifi free atau wifi gratisnya dan wifi untuk labnya bisa di tingkatkan kecepatannya dan tersedia di semua lantai dari lantai 1 sampai 4 untuk memudahkan mahasiswa belajar di kampus,JARINGAN_IT,RENDAH
"harapan sih tidak ada, mungkin bisa di tingkatkan lagi",LAINNYA,RENDAH
Saya harap dosenya lebih bersahabat dengan mahasiswanya ??,AKADEMIK,RENDAH
semoga stikom semakin lebih baik,LAINNYA,RENDAH
"Harap dosen selalu punya waktu untuk mengajar secara offline, tidak di spam online",AKADEMIK,RENDAH
Harapanya supaya dosen dosen lebih baik dalam memberikan materi baik secara lisan maupun secara tertulis.,AKADEMIK,RENDAH
"fasilitas seperti toilet, parkir, kantin dan wifi dapat ditingkatkan",FASILITAS,RENDAH
Meningkatkan penyebaran informasi tentang Stikom,LAINNYA,RENDAH
semoga aspirasi aspirasi mahasiswa diwujudkan,LAINNYA,RENDAH
tingkatkat lagi kinerja staff,LAINNYA,RENDAH
lebih diperjelas terkait informasi khususnya untuk mahasiswa Transfer dan karyawan,LAINNYA,RENDAH
Agar lebih ditingkatkan lagi,LAINNYA,RENDAH
Semoga kedepannya kita bisa belajar offline di kampus,LAINNYA,RENDAH
untuk saat ini tidak ada dari saya,LAINNYA,RENDAH
tolong tambahkan fitur langsung ke beberapa web lain seperti e-perpus dan link sertifikasi,LAINNYA,RENDAH
Peningkatan Fasilitas Teknologi dan Infrastruktur,FASILITAS,RENDAH
Bisa memberikan informasi dari jauh jauh hari dan menyeluruh untuk mahasiswa,LAINNYA,RENDAH
Semoga semkain kreatif,LAINNYA,RENDAH
Harapan agar lift diperbaiki secepatnya karena lift yang terisisa sangat berbahaya karena beberapakali sering terjepit,FASILITAS,KRITIS
"respon dosen terhadap whatsapp mahasiswa untuk masalah halangan kehadiran mohon ditingkatkan semaksimal mungkin ,agar tidak di baca saja",FASILITAS,RENDAH
Peningkatan fasilitas seperti penambahan gedung dan ruang kelas,FASILITAS,RENDAH
"banyak yang harus diperbaiki salah satu nya kesediaan dosen mengajar full 14 kali pertemuan, sampai saat ini masih banyak dosen yg ijin tidak bisa mengajar lebih dari 4 kali dan sedikit rugi, apalagi terus tidak ada pembelajaran. seharusnya dengan pertemuan singkat setiap semester nya bisa memberikan materi yang lumayan berharga bagi mahasiswa dan menambah banyak ilmu untuk mahasiswa. Nyata nya masih banyak dosen yang mengajar hanya 30 menit dan menyuruh mahasiswa mempresentaskan materi hanya sekedar dan tidak ada pembahasan lanjutan atau tugas yang lebih mendalam terkait matakuliah tersebut, sehingga mahasiswa mengerti bahwa matakuliah tersebut mengajarkan tentang apa.",AKADEMIK,RENDAH
Semoga lebih cepat tanggap memberikan pengumuman saat perpindahan jadwal kuliah seperti setelah uts kemarin gabeng,AKADEMIK,TINGGI
Harapan nya semoga lebih baik,LAINNYA,RENDAH
Semoga Perbaikan Fasilitas Diperhatikan lebih,FASILITAS,RENDAH
memberikan inovasi yang lebih.,LAINNYA,RENDAH
semoga kedepannya,LAINNYA,RENDAH
miningkatakan kualitas organisasi,LAINNYA,RENDAH
Semoga Fasilitas kampus semakin berkembang,FASILITAS,RENDAH
"Harapan saya untuk meningkatkan kinerja STIKOM Bali adalah agar terus memperbarui kurikulum sesuai dengan perkembangan teknologi global, memperluas kerjasama dengan industri dan institusi internasional untuk program magang atau pertukaran pelajar, serta meningkatkan fasilitas pendukung riset dan inovasi. Selain itu, pengembangan soft skills mahasiswa melalui pelatihan kepemimpinan, komunikasi, dan kewirausahaan juga penting agar lulusan semakin siap bersaing di dunia kerja. Dengan langkah tersebut, STIKOM Bali dapat terus mencetak generasi unggul yang inovatif dan berdaya saing tinggi.",FASILITAS,TINGGI
Perbanyak kaijan pustaka,LAINNYA,RENDAH
semoga dapat terus ditingkatkan fasilitas yang ada,FASILITAS,RENDAH
meningkatkan spec pc dan ruangan yg nyaman lagi,FASILITAS,RENDAH
semoga menjadi lebih baik kedepannya,LAINNYA,RENDAH
Pelayanan yang lebih handal,LAINNYA,RENDAH
semoga lebih maju kedepannya,LAINNYA,RENDAH
Semoga lebih bagus kinerja Nya,LAINNYA,RENDAH
"Harapan saya, agar meningatkan kinerja E-krs agar bisa mudah bagi Mahasiswa untuk melakukan perwalian",AKADEMIK,RENDAH
Semoga dosen sehat selalu,AKADEMIK,RENDAH
semoga di Stikom Bali lebih memprioritaskan kebutuhan mahasiswa dalam menyediakan fasilitas terkait hal-hal yang dapat mendukung mahasiswa dalam menyusun SKRIPSI.,FASILITAS,RENDAH
Untuk kedepannya sih agar lebih terupdate,LAINNYA,RENDAH
Ditingkatkan lagi dalam penyampaian informasi di basis socmed,LAINNYA,RENDAH
"menurut pengalaman saya pribadi saat daftar pertama kali dibingungkan oleh bagian keuangan yg saat itu diinfokan saya tf setengah, yg artinya petugas di keuangan kurang teliti hingga mahasiswa keliru, tolong ditingkatkan untuk bagian keuangan",KEUANGAN,SEDANG
memberikan mahasiswa sistem online yang lebih santai dan mempermaklumkan mahasiswa yang sambil bekerja,LAINNYA,RENDAH
Itu saja lebih diperhatikan maintenance nya,LAINNYA,RENDAH
Bisa lebih mantap dalam membangun kampus,LAINNYA,RENDAH
"Harapan dan usulan saya untuk meningkatkan kinerja STIKOM BALI ialah Terus memperbarui kurikulum agar relevan dengan tren teknologi global, seperti kecerdasan buatan (AI), blockchain, data science, dan teknologi ramah lingkungan, Memperluas program beasiswa agar pendidikan lebih inklusif, dan Rutin mengadakan kompetisi teknologi, hackathon, atau seminar untuk mengembangkan kreativitas mahasiswa.",FASILITAS,TINGGI
mungkin perlu ditingkatkan lagi di bagian kantin,LAINNYA,RENDAH
Yang perlu ditingkatkan yaitu Dalam proses belajar online lebih Seru dan aktif,LAINNYA,RENDAH
memperbaiki apa yang harus diperbaiki,LAINNYA,RENDAH
menurut saya sudah sangat baik,LAINNYA,RENDAH
"mungkin di bagian fasilitas bisa segera ditingkatkan menjadi lebih baik dan nyaman lagi, untuk kursi bisa di ganti krn banyak yg sudah mulai rusak dibagian mejanya, juga bisa ditingkatkan lagi untuk kantinnya.",FASILITAS,TINGGI
Banyak harapan saya tapi mungkin bakal banyak yang terjadi,LAINNYA,RENDAH
Perbanyak menu di kantin dan turunkan harga makanan di kantin agar menyesuaikan kantong anak kos,LAINNYA,RENDAH
Wifinya di kencengin ruter nya di tambah ke masing kelas wifinya lemot nilai quis saya jebol pak pokoknya wifinya sudah harus kenceng senin depan,JARINGAN_IT,SEDANG
meningkatkan kemampuan Dosen dalam memberikan materi pembelajaran kepada mahasiswa,AKADEMIK,RENDAH
Diharapkan dapat menambah koleksi e-book dan tugas akhir dalan sistem e-library guna memperkaya sumber referensi mahasiswa.,AKADEMIK,RENDAH
semoga makin jaya,LAINNYA,RENDAH
harapannya manambah team untuk meningkatkan kinerja,LAINNYA,RENDAH
Harapannya agar bisa lebih ditingkatkan pelayanan dalam pembuatan surat-surat.,LAINNYA,RENDAH
dapat ditingkatkan lagi,LAINNYA,RENDAH
Meningkatkan fasilitas yang ada,FASILITAS,RENDAH
Harapan kedepannya agar fasilitas di stikom lebih baik lagi,FASILITAS,RENDAH
agar terus meningkatkan inovasi dalam kurikulum yang relevan dengan perkembangan teknologi terkin,LAINNYA,RENDAH
Semoga Lebih baik kedepannya,LAINNYA,RENDAH
"Meningkatkan kualitas fasilitas kampus seperti wifi ( kecepatan koneksi kurang cukup, dan kadang susah untuk join networknya ) , fasilitas ac di ruang j8",FASILITAS,SEDANG
Meningkatkan ketertiban,LAINNYA,RENDAH
Pertahanan sudah bagus,LAINNYA,RENDAH
"Semoga kalau kelasnya online dosen pengajar memberikan tugas agar yg tidak memberatkan mahasiswa. Kadang ada mahasiswa yg luar kota, diberikan tugas yg harus berkelompok dan tugasnya dituntut untuk bertemu.",AKADEMIK,RENDAH
Mahasiswa dapat menggunakan fasilitas kampus dan jika mahasiswa full kelas online lebih baik tidak dianjurkan membayar uang gedung karena tidak menggunakan fasilitanya.,FASILITAS,RENDAH
Semoga tetap seperti sekarang atau lebih ditingkatkan,LAINNYA,RENDAH
memberikan fasilitas dan pembelajran yang lebih jelas kepada mahasiswanya agar sama kualitas dengan sppnya,FASILITAS,RENDAH
Semoga saya lulus dengan nilai yg bagus tahun ini,AKADEMIK,RENDAH
semakin lengkap dan maju untuk fasilitas nya,FASILITAS,RENDAH
"STIKOM Bali perlu terus berinovasi dan adaptif terhadap perkembangan teknologi dan kebutuhan industri. Dengan begitu, lulusan STIKOM Bali akan semakin siap bersaing di dunia kerja yang dinamis.",LAINNYA,TINGGI
harapan saya semoga kedepannya lebih ditingkatkan kinerjanya,LAINNYA,RENDAH
perbanyak ruangan dan gedung sehingga mahasiswa bisa melaksanakan kelas secara real time dengan dosen,FASILITAS,RENDAH
Sering-Sering Untuk Mengecek Seluruh Sarana Kampus,LAINNYA,RENDAH
harapan saya semoga sedikit ada kelas drop,LAINNYA,RENDAH
semuanya sudah bagus pertahankan yang bila perlu tingkattkan sebagus mungkin,LAINNYA,RENDAH
Semakin di perbaharui dan ditingkatkan fasilitas kampus dan pengajar yang ada distikom bali,FASILITAS,RENDAH
Gedung Diperluas,FASILITAS,TINGGI
"semoga kedepannya stikom bali bisa lebih jelas memberikan informasi baik online maupun offline, dan juga untuk skkm dan sertifikasi mohon dibantu untuk dibuatkan folder untuk setiap mahasiswa yang sudah mengikuti kegiatan tersebut. karena apabila device mahasiswa bermasalah maka data yang ada didalamnya kemungkinan besar hilang dan susah untuk dicari kembali terimakasih",KEMAHASISWAAN,SEDANG
"saran saya untuk agar mempercepat koneksi jaringan wifi, terutama di lab",JARINGAN_IT,RENDAH
Kantinnya di perluas lagi dan di kantin biasa nya sangat panas,LAINNYA,TINGGI
"Menyediakan layanan yang mendukung kesejahteraan mental dan fisik mahasiswa, seperti konseling, fasilitas olahraga, dan kegiatan ekstrakurikuler",FASILITAS,RENDAH
"ac, sama jaringan tolong di perbarui. ini jg untuk mahasiswa",FASILITAS,RENDAH
"Semoga menjadi universitas yang berkualitas, dengan mencetak lulusan-lulusan yang dapat bersaing dengan dunia luar. Lebih berkembang lagi, Lebih luas lagi lingkungan kampusnya,",LAINNYA,TINGGI
lebih ditingkatkan,LAINNYA,RENDAH
semoga dosen lebih membimbing mahasiswa nya,AKADEMIK,RENDAH
Semoga kedepannya lebih bagus lagi,LAINNYA,RENDAH
Semakin baju dan event konser band yang bagus bagus,LAINNYA,RENDAH
Semoga kedepannya bisa lebih baik dan sukses,LAINNYA,RENDAH
"harapan saya sebagai mahasiswa ITB Stikom Bali, dimohon untuk dalam hal cara mengajar lebih ditingkatkan lagi, dikarenakan untuk beberapa mahasiswa mungkin ada yang lambat dalam menerima materi yang dijelaskan oleh dosen.",AKADEMIK,SEDANG
harapan ke depan untuk stikom jimbaran di perbaiki bagian musholla karena tidak ada pintu dan remote ac tidak ada di tempat sedangkan di renon ada,FASILITAS,RENDAH
Semoga kedepannya STIKOM Bali dapat meluangkan satu hari di mana civitas akademika diwajibkan untuk berbahasa Inggris agar dapat meningkatkan kemampuan dalam berbahasa inggris,AKADEMIK,RENDAH
"Harapa saya, yaitu agar kelayakan fasilitas sarana dan prasarana kantin lebih ditingkatkan lagi.",FASILITAS,RENDAH
"vasilitas bisa di perbaharui, mulai di kelas : proyektor, kursi.. dan juga lift",FASILITAS,RENDAH
Digitalisasi Layanan Kampus: Memaksimalkan sistem digital untuk kemudahan akses layanan administrasi dan pembelajaran.,LAINNYA,RENDAH
parkirannya motornya mungkin diperluas lagi,FASILITAS,TINGGI
Bisa lebih baik lagi,LAINNYA,RENDAH
"Memperbanyak ruangan kelas offline, menyediakan kipas atau AC untuk di kantin, Ac di ruang kelas agar selalu dipastikan tetap dingin.",FASILITAS,RENDAH
"Semoga kedepannya Dosen yang mengajar pada Perkuliahan Daring (Online) lebih disiplin lagi dalam melaksanakan Kelas Daringnya, karena cukup banyak yang tidak sesuai dengan jadwal dan pemberian materi serta tugas yang terkadang tidak adanya kejelasan terhadap materi dan tugas yang disampaikan.",AKADEMIK,RENDAH
Semoga Stikom Bali makin maju,LAINNYA,RENDAH
"harapan kedepannya, tingkatkan pelayanan online",LAINNYA,RENDAH
Semoga jadi lebih baik,LAINNYA,RENDAH
Harapan agar menjadi lebih baik lagi,LAINNYA,RENDAH
"semoga lampu toilet atas lebih di tingkatkan (karena lampunya mati ) dan colokan pada toilet bawah tidak berfungsi , dan semoga bangku pada lantai 4 yang mejanya sudah turun / sudah tida goyang mohon di ganti , harapan untuk stikom semoga ampus nya bisa lebih maju dan lebih hidup",FASILITAS,TINGGI
Melakukan survey dilapangan berdasarkan hasil survey para mahasiswa. Memperbaharui berbagai fasilitas yang kurang memadai.,FASILITAS,SEDANG
"Semoga dj parkiran ada cctv, can lift segera di perbaiki",FASILITAS,RENDAH
lab di manfaatkan dengan lebih baik lagi,LAINNYA,RENDAH
semoga kedepannya ditingkatkan lagi,LAINNYA,RENDAH
Perbaikan terkait fasilitas kelas,FASILITAS,RENDAH
"memasang wifi pada setiap ruangan, dan menambah kecepatan wifi, agar pembelajaran di dalam kelas dapat terlaksana lebih baik, dan tidak terkendala dengan koneksi",FASILITAS,RENDAH
SEMOGA FISILITAS DAN YANG LAINNYA TERUTAMA WIFI KURANG STABIL KARENA BANDWITH KECIL,JARINGAN_IT,SEDANG
"Memperbaiki pelayanan di loket akademik karena staffnya kurang ramah, lift segera diperbaiki, makanan di kantin kurang beragam, kipas di kantin tidak berfungsi dengan baik karena kotor",FASILITAS,SEDANG
"Meningkatkan dalam membantu permasalahan yang diajukan mahasiswa, dan penunjang pendidikan",LAINNYA,RENDAH
Parkiran mohon di perluas,FASILITAS,TINGGI
lebih menguatkan alumni network,LAINNYA,RENDAH
menjadi lebih baik,LAINNYA,RENDAH
Semoga bisa dipertahankan,LAINNYA,RENDAH
tambah parkiran,FASILITAS,RENDAH
sering eror jika jarang di buka,LAINNYA,TINGGI
"kurangin tugas seperti kurikulum kemarin, sekarang banyak sekali tugas yang diberikan",LAINNYA,SEDANG
"Semoga bisa meningkatkan kinerja lab untuk praktikum mata kuliah agar bisa cepat mengakses materi yang dibutuhkan, dan lain sebagainya.",LAINNYA,RENDAH
Saya harap kelayakan fasilitas di toilet lebih diperhatikan,FASILITAS,RENDAH
semoga stikom selalu jaya,LAINNYA,RENDAH
"Lebih manfaatkan kuliah online dan mematangkan sistem kuliah jarak jauh supaya bisa lebih efektif namun lebih mudah dioperasikan,,",LAINNYA,RENDAH
harapanya semoga bisa dipertahankan dan ditingkatkan,LAINNYA,RENDAH
Konfirmasi Pembayaran online,KEUANGAN,RENDAH
Semoga dapat direalisasikan sebuah platform dalam memberikan informasi dan panduan agar dapat lebih menarik dan dapat menjangkau sdm secara keseluruhan.,LAINNYA,RENDAH
"Tidak ada harapan, sudah bagus",LAINNYA,RENDAH
"Semoga mahasiswa mendapatkan WI-Fi yang kencang, Toilet yang memiliki sarpras yang baik, tempat parkir yang luas, proyektor di ruang kelas yang lebih baik dari sekarang",FASILITAS,TINGGI
meningkatkan sarana & fasilitas,FASILITAS,RENDAH
Semoga kedrpannya makin jaya,LAINNYA,RENDAH
Harapannya agar pengembangan soft skills mahasiswa dapat di tingkatkan serta peningkatan sarana dan prasarana.,LAINNYA,RENDAH
Semuanya dapat ditingkatkan lebih baik lagi,LAINNYA,RENDAH
Dosen dapat hadir ketika pembelajaran offline,AKADEMIK,RENDAH
stikom selalu terbaik,LAINNYA,RENDAH
"harapan untuk meningkatkan kinerja STIKOM Bali yaitu, kecepatan dalam memberikan sebuah informasi.",LAINNYA,RENDAH
"Saya berharap dibukanya kelas malam pada perkuliahan Semester Pendek, agar mahasiswa kelas malam bisa mengikuti Semester Pendek",LAINNYA,RENDAH
Memperluas bangunan,FASILITAS,TINGGI
peningkatan aksesibilitas,LAINNYA,RENDAH
semoga ke depan menjadi lebih baik,LAINNYA,RENDAH
kedepannya untuk mempermudah kelulusan mahasiswa,LAINNYA,TINGGI
"Peremajaan terhadap seluruh komputer, menambah fasilitas di dalam lab",FASILITAS,RENDAH
tingkatkan kualitas di beberapa sektor,LAINNYA,RENDAH
Harapan saya bisa bekerja sama dengan binus university dan program magang ke luar negeri,LAINNYA,RENDAH
fasilitas masih kurang untuk memenuhi proses pembelajaran,FASILITAS,SEDANG
"dibagian pelayanan keluhan kurang responsif dan slow respon jika di chat via teams, sehingga saya harus ke kampus untuk menanyakan solusi terkait keluhan saya",LAINNYA,SEDANG
"saya berharap stikom bali terus maju dan jadi yang pertama, dan saya berharap kedisiplinan dosen lebih di tingkatkan lagi",AKADEMIK,RENDAH
Lebih fas respon ketika ditanya oleh mahasiswa,LAINNYA,RENDAH
Semoga dalam alur pelaksaan rangkaian sidang dapat dijelaskan lebih baik lagi,LAINNYA,RENDAH
semoga pelayanan lebih ditingkatkan,LAINNYA,RENDAH
"Semoga kedepan semakin baik, internal dan eksternal yang semakin bagus",LAINNYA,RENDAH
semoga kinerja seluruhnya semakin meningkat,LAINNYA,RENDAH
Pelayanan akademik kurang menyenangkan,AKADEMIK,SEDANG
Pemberitahuan pengumuman setidaknya 2 atau 1 minggu lebih awal,LAINNYA,RENDAH
"semoga penyampaian kuliah seperti magang, mbkm atau yang lainnya lebih banyak informasi",LAINNYA,RENDAH
Harapan nya supaya stikom lebih baik lagi kedepannya dalam akadameik,LAINNYA,RENDAH
Dilakukannya pengecekan kualitas/mutu secara rutin,LAINNYA,RENDAH
peningkatan kualitas fasilitas,FASILITAS,RENDAH
Semoga Kedepannya Dosen Pembimbing Bisa Lebih Cepat Untuk Menanggapi Permasalahan Pada Mahasiswanya,AKADEMIK,RENDAH
memperbaiki dan memperbagus fasilitas kampus,FASILITAS,RENDAH
harapan saya semoga kedepanya tetap menjadi yang terbaik,LAINNYA,RENDAH
Terus memberi inovasi inovasi untuk mahasiswa nya,LAINNYA,RENDAH
lebih mengupgrade kualitas SION,LAINNYA,RENDAH
semoga kedepepannya stikom menjadi yg semakin baik,LAINNYA,RENDAH
ya memprbaiki yg seharusnya di perbaiki,LAINNYA,RENDAH
Fasilitas Teknologi yang Lebih Maju,FASILITAS,RENDAH
kedepannya agar bisa lebih baik lagi,LAINNYA,RENDAH
saya sarakan buat satpam di depan bilang mahasiswa mau masuk kampus satpam memberhentikan kendaraan agar mahasiswa mudah memasuki kampus.,LAINNYA,RENDAH
tetap memberikan pelayanan yang baik,LAINNYA,RENDAH
Peningkatan Infrastruktur Teknologi,KEUANGAN,RENDAH
"Wifi lebih kencang, kursi di tiap lantai tersedia, kantin lebih banyak kursi, larangan merokok,",FASILITAS,RENDAH
LEBIH DITINGKATKAN LAGI,LAINNYA,RENDAH
"tidak ada,semua sudah dilakukan dengan baik",LAINNYA,RENDAH
Semakin berkembang,LAINNYA,RENDAH
fasilitas semakin di bagusin,FASILITAS,RENDAH
Semakin di tingkatkan fasilitas nya terutama di ruangan perkuliahan dan semoga dari pelayanan tetap konsisten dengan baik dan terjaga.,FASILITAS,RENDAH
semoga fasilitas ruanganya diperbanyak agar tidak ada kelas malam,FASILITAS,RENDAH
"Wifi nya kencening, saat kuota habis jadi saya sangat susah untuk akses pembelajaran online karena kuota habis",JARINGAN_IT,SEDANG
Semoga jauh lebih baik,LAINNYA,RENDAH
Semoga kedepannya koleksi bacaan buku di perpustakaan bertambah,FASILITAS,RENDAH
saya berharap stikom bali bisa lebih baik lagi dalam memberikan pelayanan,LAINNYA,RENDAH
Harapan saya semoga dapat meningkatkan fasilitas sarana dan prasarana kedepannya,FASILITAS,RENDAH
Mungkin disetiap kelas bisa menggunakan smart screen untuk proses pembelajaran sebagai ganti dari proyektor dan screen proyektor..,FASILITAS,RENDAH
Tempat untuk istirahat dengan adanya ac,FASILITAS,RENDAH
Tempat parkir stikom,FASILITAS,RENDAH
Agar kedepannya staff di perpustakaan stikom lebih ramah lagi terutama jika ada mahasiswa kelas PJJ yang bertanya mengenai cara pengumpulan Proposal atau laporan Kerja Praktek,AKADEMIK,RENDAH
Dosen yang lebih profesional,AKADEMIK,RENDAH
tetap konsisten,LAINNYA,RENDAH
Semoga STIKOM bali lebih bisa meregulasi pembagian kelas online dan offline secara adil,LAINNYA,RENDAH
Harapannya seomga liftnya bisa bekerja dengan baik keduanya,FASILITAS,RENDAH
Semoga lebih fast respon dalam menanggapi keluh kesah mahasiswa,LAINNYA,RENDAH
Semoga semakin sukses,LAINNYA,RENDAH
Semoga dibenahi,LAINNYA,RENDAH
"Harapan saya, Semoga Kinerja yang baik itu tetap di pertahankan dan tidak menyulitkan mahasiswanya dalam mengurus hal apapun terkait perkuliahan. apalagi mahasiswa yang sudah mau lulus pastilah banyak membutuhkan bantuan para dosen, dan para staf kampus lainnya dalam memberikan informasi kepada mahasiswanya.",AKADEMIK,RENDAH
"Harapan saya hanya, semoga kampus kita ITB Stikom Bali lebih berkembang lagi, dan banyak membuat program baru untuk mengembangkan minat dan bakat, serta bisa membantu masyarakat miskin untuk melanjutkan pendidikan",LAINNYA,RENDAH
sebagi mahasiswa PJJ kami tetap menginginkan dan mendapatkan hak dan kewajiban sesuai aturan. kami tetap ingin mendapatkan ilmu dari STIKOM bukan sekedar kuliah.,LAINNYA,RENDAH
Harapan saya adalah respon komunikasi dapat ditingkatkan,LAINNYA,RENDAH
semoga lebih baik menjalankan tugas masing,LAINNYA,RENDAH
tetap pada kinerja seperti ini,LAINNYA,RENDAH
semoga bisa menjadi kampus favorit di bali,LAINNYA,RENDAH
sudah sangat baik,LAINNYA,RENDAH
"Semoga ada perubahan untuk stikom,biar lebih berkembang kedepannya",LAINNYA,RENDAH
"SAYA MOHON UNTUK JALANAN BELAKANG ATASAN BISA MENGUSULKAN KEPADA PEMERINTAH UNTUK MEMPERBAIKI JALAN YANG SUPER RUSAK, FASILITAS GEDUNG DI RENON JUGA HARUS DITINGKATKAN, TAMBAHKAN FURNITUR YANG FUTURISTIK AGAR SESUAI DENGAN BAYARAN SPP KAMI, MASA KALIAN KALAH DENGAN PRIMAKARA YANG BARU MUNCUL BARU"" INI DARI SEGI HAMPIR KESELURUHAN ASPEK?",FASILITAS,TINGGI
Perbaikan fasilitas jika ada fasilitas yang rusak tolong cepat di perbaiki,FASILITAS,TINGGI
meningkatkan kecepatan update informasi melalui sion,LAINNYA,RENDAH
saya harapkan stikom mampu mengganti unit kabel proyektornya dari vga ke hdmi,FASILITAS,RENDAH
Harapan saya stikom agar lebih berkembang lagi dan liftnya agar cepat diperbaiki,FASILITAS,RENDAH
Berkomitmen mengembangkan STIKOM Bali dengan tanpa tercerabut dari akar budaya bangsa,LAINNYA,RENDAH
tetap memberikan yag terbaik,LAINNYA,RENDAH
semoga kedepannya semua bisa kelas offline,LAINNYA,RENDAH
semoga cepat menjadi universitas,LAINNYA,RENDAH
Harapan saya Stikom Bali lebih kompeten untuk memajukan pengetahuan di bidang TI(Teknologi Informasi),LAINNYA,RENDAH
"STIKOM Bali banyak Menjalin kerja sama lebih erat dengan perusahaan teknologi besar untuk mendukung magang, penelitian bersama, atau inkubator bisnis. Supaya peluang kerja lulusan STIKOM Bali bisa mendapatkan pekerjaan lebih mudah kedepannya.",KEUANGAN,TINGGI
semoga bisa dipertahankan untuk kedepannya,LAINNYA,RENDAH
Semoga dapat memberikan pelayanan yang terbaik,LAINNYA,RENDAH
Fasilitas pembayaran uang kuliah seperti atm atau bank di limgkungan kampus mohon di sediakan,FASILITAS,RENDAH
lebih ramah lagi,LAINNYA,RENDAH
tingkatkan fasilitas umum,FASILITAS,RENDAH
Lebih Responsif,LAINNYA,RENDAH
lebih cepat dalam merespon permasalahan mahasiswa,LAINNYA,RENDAH
server untuk perwalian di tingkatkan dan di perbaiki agar tidak ngelag,LAINNYA,RENDAH
Terus kembangkan.,LAINNYA,RENDAH
Selalu update dari segi teknologi dan fasilitas IT,FASILITAS,RENDAH
"Harapan saya, STIKOM Bali dapat meningkatkan fasilitas dan teknologi pembelajaran, serta memperbanyak program magang untuk mahasiswa agar lebih siap menghadapi dunia kerja.",FASILITAS,RENDAH
"Ac bocor agar diperbaiki, dan bangku yang rusak diganti",FASILITAS,TINGGI
"Harapan yang dapat saya usulkan adalah memperbarui infrastruktur teknologi kampus, seperti jaringan internet, menambah titik akses WiFi di area publik, seperti kantin, taman, dan ruang diskusi, serta meningkatkan kualitas jaringan WiFi di kampus.",JARINGAN_IT,RENDAH
semoga semakin jaya dan lebih baik lagi,LAINNYA,RENDAH
Kelayakan fasilitas sarana dan prasarana perkuliahan.,FASILITAS,RENDAH
Intinya segala bidang,LAINNYA,RENDAH
untuk memeberikan notifikasi bagi mahasiswa agar lebih jelas untuk pengumuman apapun itu,LAINNYA,RENDAH
menambah fasilitas seperti wifi yang mempuni untuk mahasiswa,FASILITAS,RENDAH
Semoga semua yang masih kurang bisa semakin ditingkatkan agar sama-sama memberikan kenyamanan untuk semua warga kampus,LAINNYA,SEDANG
kurangi mencari sertifikasi karna tidak ada gunanya punya banyak sertifikat,LAINNYA,SEDANG
Memperbarui dan menambah fasilitas laboratorium dengan teknologi terkini,FASILITAS,RENDAH
Lebih di tingkatkan dan pertahankan yg sudah baik,LAINNYA,RENDAH
terus meningkatkat kinerja yang terbaik agar mutu pendidikan semakin baik,LAINNYA,RENDAH
semoga kedepannya di setiap pintu lab diisi hand sanitizer,LAINNYA,RENDAH
Hanya di tempat parkir mobil,FASILITAS,RENDAH
"parkiran di perluas, tanah di perluas, lift rutin di perbaiki, air di kamar mandi kelancarannya diperhatikan",FASILITAS,TINGGI
"Lebih banyak membuka kelas offline, mensosialisasikan akses e-library yang saya sendiri tidak pernah menggunakan fasilitas e-library, dan saran saya yang saya sangat rasakan kali ini adalah kelas yang double pertemuan mohon untuk dikurangi. karena menumpuknya seluruh tugas mahasiswa dari seluruh mata kuliah. jadi mahasiswa cukup kerepotan dalam menghadapi banyaknya tugas. Mohon saran dan harapan dapar diterima, demi sistem perkuliahan yang lebih efektif lagi. terima kasih",FASILITAS,SEDANG
semoga stikom kedepan semakin jaya,LAINNYA,RENDAH
"saya harap di kamar mandi ditambahkan tissue toilet, agar lebih higienis",FASILITAS,RENDAH
"Saya harap fasilitas parkir di perluas lagi, mengingat banyaknya mahasiswa di itb stikom bali. Dlm sistem e-learning dan sion juga diperbaiki karena kadang sulit masuk dan eror",FASILITAS,TINGGI
Mohon dijaga dan ditingkatkan kinerjanya,LAINNYA,RENDAH
Sediakan WIFI yang dapat diakses mahasiswa.,JARINGAN_IT,RENDAH
Supaya bisa menjadi kampus yang lebih baik dan bagus,LAINNYA,RENDAH
semoga dipertahankan,LAINNYA,RENDAH
yang kurang kurang mungkin bisa ditingkatkan lagi,LAINNYA,SEDANG
semoga fasilitas yang ada bisa lebih baik lagi,FASILITAS,RENDAH
Dapat meningkatkan lagi layanan khususnya di daya tanggap atau respon terhadap mahasiswa yang bertanya,LAINNYA,RENDAH
Kami berharap kelas di ITB Stikom Bali ditingkatkan lagi,LAINNYA,RENDAH
meningkatkan fasilitas yang lebih baik,FASILITAS,RENDAH
fasilitas jangan dibatasi,FASILITAS,RENDAH
meningkat terus,LAINNYA,RENDAH
semoga kantinya diperluas dan juga toiletnnya di benahi dan lieftnya tidak rusak lagi,FASILITAS,TINGGI
tolong di perbaiki di bagian parkiran saat hujan terjadi banjir,FASILITAS,TINGGI
harapan saya semoga stiko bali kedepannya dapat menjadi kampus yang disenangi banyak orang untuk belajar tentang IT,LAINNYA,RENDAH
Harapan saya wifi di kampus tidak berisi password,JARINGAN_IT,RENDAH
karena saya tidak menggunakan fasilitas kampus (kuliah dirumah) maka saya memberi *1 pada beberapa sektor,FASILITAS,RENDAH
"Semoga konsisten dengan apa yang diucapkan, pembuktian dari janji janji yang diberikan",KEUANGAN,RENDAH
"Semoga para dosen di bina lebih baik agar tidak terlalu ber ego tinggi, karena mahasiswa juga banyak yang sudah bekerja, jadi harus bisa saling mengerti dalam pembelajaran dan kelas yang berlangsung, dan juga semoga sistem dari ITB STIKOM BALI lebih di tingkatkan karena absensi saya banyak mendapatkan masalah yang mana seharusnya saya hadir tetapi dari sistem di buat tidak hadir",AKADEMIK,RENDAH
Menjadi lebih baik kedepan nya,LAINNYA,RENDAH
semoga stikom menjadi lebih baik lagi kedepannya,LAINNYA,RENDAH
Kurang tisu ditoilet,FASILITAS,SEDANG
harapan saya semoga STIKOM Bali dapat memperbaiki dan menambah infrastruktur kampus agar lebih modern dan nyaman.,KEUANGAN,RENDAH
ada tempat duduk di lantai agar pantat tidak sakit saat buat tugas di kampus,LAINNYA,RENDAH
Semoga terus berkembang dalam memberikan pelayanan dan fasilitas kampus,FASILITAS,RENDAH
"saya harap fasilitas kampus lebih ditingkatkan seperti ada furniture di setiap tangga karna sedikit membosankan, lalu harapan saya stikom bisa lebih cepat berubah menjadk univ USB terima kasih",FASILITAS,RENDAH
Ya lebih tingkatkan lagi yang masih kurang,LAINNYA,SEDANG
semoga semakin meningkat,LAINNYA,RENDAH
semoga makin sukses,LAINNYA,RENDAH
Lebih bagus lagi semangat,LAINNYA,RENDAH
Untuk kedepannya mungkin bisa di kembangkan lagi sistemnya,LAINNYA,RENDAH
"Peningkatan Layanan Mahasiswa: Memperbaiki sistem layanan mahasiswa agar lebih responsif dan cepat, terutama dalam hal penanganan keluhan dan permintaan informasi. Kolaborasi dengan Industri: Menjalin lebih banyak kerja sama dengan industri untuk program magang, kuliah tamu, dan penelitian bersama, sehingga mahasiswa mendapatkan pengalaman praktis yang lebih banyak. Pengembangan Infrastruktur Digital: Meningkatkan infrastruktur digital, termasuk aksesibilitas sistem informasi e-learning, SION, dan e-library agar lebih mudah diakses dan digunakan oleh mahasiswa. Fasilitas Kesejahteraan Mahasiswa: Memperbaiki dan menambah fasilitas kesejahteraan mahasiswa, seperti kantin, tempat ibadah, dan fasilitas untuk difabel, sehingga semua mahasiswa merasa nyaman dan didukung. Pelatihan Dosen: Memberikan pelatihan berkala kepada dosen tentang metode pengajaran terbaru dan teknologi pendidikan, agar kualitas pengajaran terus meningkat.",FASILITAS,RENDAH
"Beberapa harapan yang dapat diusulkan meliputi pengembangan lebih lanjut dalam kurikulum berbasis teknologi terkini, serta peningkatan kerja sama dengan industri lokal dan internasional untuk memperluas peluang magang dan pekerjaan bagi mahasiswa.",KEUANGAN,TINGGI
tetap pertahankan kinerja yang sudah cukup baik sejauh ini,LAINNYA,RENDAH
Semoga makin berkembang lagi,LAINNYA,RENDAH
kurang tau karena saya maba,LAINNYA,SEDANG
Lebih jelas dalam memberikan informasi karena terkadang sering ketinggalan informasi,LAINNYA,RENDAH
Agar fasilitas parkiran dan kantin di perbaiki dan aturan no smooking lebih tegas lagi,FASILITAS,RENDAH
Semog dosen lebih rajin datang,AKADEMIK,RENDAH
semoga semakin bagus lagi,LAINNYA,RENDAH
Saya harap agar meja-meja yang sudah lama diperbarui,FASILITAS,RENDAH
"Penguatan Kolaborasi dengan Industri dan Pemerintah: STIKOM Bali dapat memperluas kemitraannya dengan lebih banyak perusahaan, baik lokal maupun internasional, serta dengan instansi pemerintah. Kerja sama ini dapat mencakup program magang, penelitian bersama, dan pengembangan produk teknologi yang bermanfaat bagi masyarakat. Hal ini akan memberikan mahasiswa kesempatan yang lebih luas untuk mendapatkan pengalaman langsung serta memperkuat koneksi industri yang dapat membantu kelancaran karir lulusan.",JARINGAN_IT,TINGGI
"Semoga pegawainya lebih ramah, serta fasilitas pembelajarannya bisa ditambah",FASILITAS,RENDAH
"harapan saya agar STIKOM Bali meningkatkan fasilitas, seperti menambah laboratorium dengan teknologi terkini atau memperbaharui perangkat keras dan lunak agar mahasiswa bisa mengikuti perkembangan teknologi terbaru",FASILITAS,RENDAH
semakin menambah fasilitas untuk menunjang segala aktivitas,FASILITAS,RENDAH
harpan saya semoga menjadi kampus yang lebih maju dalam mengembangkan teknologi dan terkenal di kaca international,FASILITAS,RENDAH
"Harapan saya untuk meningkatkan kinerja STIKOM BALI yaitu: Pengembangan Sumber Daya Manusia yakni Meningkatkan program pelatihan dan sertifikasi bagi dosen dan staf untuk memperkuat kompetensi di bidang teknologi terkini, seperti cloud computing dan SEO dan juga Peningkatan Sarana dan Prasarana kampus untuk mendukung proses belajar mengajar yang lebih baik.",AKADEMIK,RENDAH
"meningkatkan fasilitas akademik, melakukan kerjasama dengan industri yang terpercaya supaya mahasiswa mendapatkan peluuang besar untuk melakukan kegiatan magang, atau kesempatan kerja setelah lulus",FASILITAS,RENDAH
semoga bisa di tingkatkan,LAINNYA,RENDAH
"tingkatkan fasilitas, karna fasilitas STIKOM Renon tidak sepadan dengan biaya semester yang mahasiswa bayar",FASILITAS,RENDAH
Semoga stikom bali kedepan nya lebih meingkat dan lebih jaya,LAINNYA,RENDAH
tidak ada paling ukt dapet diskon,KEUANGAN,RENDAH
tolong tempat duduk di perpustakaan di buat agak jauh sedikit agar tidak terlalu mepet dengan sebelahnya,LAINNYA,RENDAH
Meningkatkan kinerja segala pelayanannya,LAINNYA,RENDAH
Harapannya yang terbaik,LAINNYA,RENDAH
selalu menjadi terbaik,LAINNYA,RENDAH
Semoga kedepannya bisa lebih baik,LAINNYA,RENDAH
semoga sarana dan prasara toilet segera diperbaiki dan di lengkapi,FASILITAS,RENDAH
apa yang sudah ada makin ditingkatkan,LAINNYA,RENDAH
lebih ditingkatkan fasilitas publik seperti parkiran dan kebersihan toilet,FASILITAS,RENDAH
harapan saya terus ditingkatkan terkait fasilitas pembelajaran,FASILITAS,RENDAH
Lebih meningkatkan infra struktur yang dimana mahasiswa ada temapt untuk mengerjakan tugas dikampus,KEUANGAN,RENDAH
semoga bisa lebih baik dari tahun ini,LAINNYA,RENDAH
harapannya lebih mengembangkan kegiatan ukm yang mengikuti perkembangan zaman,KEMAHASISWAAN,RENDAH
Harapannya semoga kedepannya itb stikom bali semakin bagus,LAINNYA,RENDAH
untuk sekarang sudah memenuhi harapan yang diharapkan. semoga dapat dipertahankan atau meningkat menjadi lebih baik,LAINNYA,RENDAH
"Harapan saya, semoga kedepanya lebih ditingkatkan lagi dari segi pelayanan dan penanganan keluhan. Hal ini akan memberikan rasa nyaman dan kami akan merasa di hargai ketika saran dan keluhan kami ditindaklanjuti segera.",LAINNYA,RENDAH
"Mohon Bantuannya Agar Saya Bisa Cepat Lulus, Terima Kasih.",LAINNYA,RENDAH
alat proyektor lebih di bagusin lagi,FASILITAS,RENDAH
"Harapan saya, untuk kedepannya dapat ditingkatkan lagi.",LAINNYA,RENDAH
"Harapan saya semoga stikom menjadi lebih baik,",LAINNYA,RENDAH
"semoga kedepannya STIKOM Bali lebih memperhatikan kinerja bagian kepengurusan mahasiswa karena beberapa masalah yang di alami mahasiswa kadang kurang antusisasnya bantuan dari pengurus tersebut. misalnya pada bagian akademi renon, jika di chat melalui wa butuh waktu yang lama di respon oleh akademik tersebut. berbeda dengan akademik jimbaran yang selalu cepat merespon setiap chat wa dari mahasiswa sehingga masalah mahasiswa cepat di bantu dengan baik sesuai prosedur yang ada",AKADEMIK,SEDANG
semoga Stikom tetap jaya,LAINNYA,RENDAH
"Harapannya mungkin stikom bisa memperluas tempat parkir, karena saya sering tidak mendapatkan tempat parkir",FASILITAS,TINGGI
"harapan yg dapat saya usulkan untukmeningkatkan kinerja stikom baliyaitu pada peningkatan fasilitas dan infrastruktur pada parkir, karena pda siang hari mahasiswa sering kekurang parkir, sehingga parkir diluar basement",FASILITAS,SEDANG
dalam bagian keuangan harus cepat menggapi dalam keluhan mahasiswa,KEUANGAN,RENDAH
Memperluas basement,FASILITAS,TINGGI
"Dibeberapa kelas terdapat AC yang mati, mohon diperbaiki secepatnya karena mempengaruhi kenyamanan saat kegiatan belajar mengajar, liftnya juga diperbaiki secepatnya. Ada beberapa dosen yang memasukkan kehadiran yang salah di SION, semoga lebih ditingkatkan lagi.",FASILITAS,TINGGI
Menghapus sistem skripsi dan menggantikan nya dengan projek,AKADEMIK,RENDAH
Semoga parkiran kampus bisa diperluas,FASILITAS,TINGGI
"dari yang dapat saya usulkan adalah Memperbarui kurikulum secara berkala agar sesuai dengan perkembangan teknologi dan industri. dan Menyediakan infrastruktur IT yang memadai, seperti komputer, jaringan internet, dan software yang terbaru. itu saja yang dapat saya usulkan untuk kinerja STIKOM Bali",JARINGAN_IT,RENDAH
Semoga lebih baik lagi kedepannya dan semakin canggih dan modern,LAINNYA,RENDAH
harapan kedepan agar stikom lebih sukses dan berkembang,LAINNYA,RENDAH
Semoga stikom ke depannya lebih baik lagi,LAINNYA,RENDAH
mungkin di sini program luar negerinya lebih dibanyakin tapi yang gratis terus juga dapat Besiswa dan itu pun tidak disusahkan ya syaratnya,LAINNYA,SEDANG
Peningkatan kolaborasi dengan industri,LAINNYA,RENDAH
Mempertahankan fasilitas dan kinerja dosen,FASILITAS,RENDAH
meningkatkan lagi fasilitas,FASILITAS,RENDAH
Harapan saya adalah lebih ditingkatkan lagi kualitas dosen pengajar,AKADEMIK,RENDAH
"MOHON LEBIH MEMPERHATIKAN MAHASISWA. KAMI SUDAH BAYAR MAHAL TAPI HANYA MENDAPAT KELAS ONLINE. TOLONG BUAT KERJASAMA DENGAN PIHAK KE TIGA DALAM PENYEWAAN GEDUNG UNTUK MENAMBAH JUMLAH KELAS. TOLONG JUGA LAHAN PARKIRNYA DILUASKAN YA, SAYA KESUSAHAN MEMARKIRKAN MOTOR KARNA TERLALU SEMPIT JUGA KEAMANAN DI BASEMENT TOLONG DITINGKATKAN. MASAK ADA KEJADIAN KEHILANGAN HELM DI PARKIRAN KAMPUS? GA MASUK AKAL. ITU SAJA TERIMA KASIH.",FASILITAS,TINGGI
Semoga kedepannya selalu membantu mahasiswa dengan baik,LAINNYA,RENDAH
agar dipertahankan,LAINNYA,RENDAH
harapan saya semoga fasilitas dan toilet bisa lebih baik lagi,FASILITAS,RENDAH
semoga tempat parkir dan kantin diperluas,FASILITAS,TINGGI
lebih maju dan sukses,LAINNYA,RENDAH
Harapannya semoga bisa lebih cepat dalam memberikan tanggapan agar bisa lebih baik lagi.,LAINNYA,RENDAH
semakin maju semakin kreatif,LAINNYA,RENDAH
Dapat memproses sesuatu dengan lbh cepat,LAINNYA,RENDAH
Semoga kedepannya banyak perkembangan nyata lebih besar lagi untuk fasilitas dan layanan terhadap mahasiswa tentunya agar siswa lebih nyaman terhadap semua hasil kinerja di STIKOM Bali,FASILITAS,RENDAH
"Semoga kedepannya makin baik dan dapat membuat lulusan terbaik, dan memperluas parkir serta me renovasi toilet",FASILITAS,TINGGI
"Visibilitas dan pemberitahuan informasi dari kampus hanya bisa dilihat melalui Sion, yang terkadang tidak memberikan notifikasi adanya informasi baru terkait perkuliahan",LAINNYA,RENDAH
semoga kedepannya semakin baik dan terus berkembang,LAINNYA,RENDAH
ditingkatkan lagi agar semakin baik pelayanannya untuk civitas mahasiswa,LAINNYA,RENDAH
"Semoga untuk toilet, kantin, tempat parkir dan tempat ibadah dapat diperbaiki agar semua mahasiswa dapat menggunakannya dengan nyaman dan aman",FASILITAS,RENDAH
harapan saya semoga kursi kelas bisa dotanti deng an lebih baik,FASILITAS,RENDAH
Kedepannya semakin baik lagi,LAINNYA,RENDAH
Meningkatkan kualitas fasilitas kampus,FASILITAS,RENDAH
Lebih banyak praktek,AKADEMIK,RENDAH
saya berharap fasilitas kampus makin baik,FASILITAS,RENDAH
"Follow up / respon puskom agar lebih cepat tanggap menangani keluhan atau request mahasiswa, karyawan FO lebih welcome lagi.",LAINNYA,RENDAH
Harapan saya semoga kedepannya stikom lebih baik,LAINNYA,RENDAH
sebaiknya di tingkatkan lagi informasi yang akan di sebarkan ke mahasiswa agar tidak ada miskom satu sama lain,LAINNYA,RENDAH
perbaiki layanan website KRS,AKADEMIK,RENDAH
"Menyempurnakan kurikulum dengan memasukkan mata kuliah yang lebih relevan dengan perkembangan teknologi terkini seperti kecerdasan buatan (AI), data science, blockchain, dan cybersecurity. Hal ini akan memastikan bahwa lulusan STIKOM Bali memiliki keterampilan yang dibutuhkan oleh industri.",LAINNYA,TINGGI
pertahankan agar tetap baik,LAINNYA,RENDAH
semoga lebih menanggapi aspirasi mahasiswa.,LAINNYA,RENDAH
Semoga kedepannya lebih baik,LAINNYA,RENDAH
"Menurut saya, informasi mengenai informasi fasilitas yang disediakan oleh stikom sangat susah dicari tau. Contoh kecilnya, banyak mahasiswa yang tidak mengetahui adanya sistem e-library. Harapan saya, aksesibilitas terhadap informasi tersebut dapat ditingkatkan, entah dengan cara perbanyak announcing, announcing dilakukan di beberapa media (sion, IG, dan media lainnya) ataupun dengan cara-cara lain yang bisa membantu mahasiswa reach out informasi tersebut",FASILITAS,SEDANG
Tolong disediakan wifi lebih banyak diarea kampus,JARINGAN_IT,RENDAH
Semoga lebih baik lagi.,LAINNYA,RENDAH
semoga setiap harinya selalu membaik,LAINNYA,RENDAH
semoga bisa lebih maju dan berkualitas dan menjadi kampus it terbaik,LAINNYA,RENDAH
meningkatkan lagi kecepatan respon dalam memberikan informasi,LAINNYA,RENDAH
penambahan gedung kampus,FASILITAS,RENDAH
diperluas lagi kampusnya,LAINNYA,TINGGI
kedepannya mungkin bisa ditambahkan untuk sarana dan pra sarana yang kurang,LAINNYA,SEDANG
fasilitas meningkat,FASILITAS,RENDAH
semoga kinerja stikom bali akan lebih baik lagi,LAINNYA,RENDAH
Semoga kebersihan toilet dan ukuran gedung stikom makin bagus dan meningkat efisien,FASILITAS,RENDAH
Meningkatkan jenis fasilitas kampus,FASILITAS,RENDAH
"Memastikan kurikulum selalu up-to-date dengan perkembangan terbaru dalam teknologi informasi dan komunikasi, serta kebutuhan industri. Melibatkan pakar industri dalam perancangan kurikulum untuk menjamin relevansi",LAINNYA,RENDAH
semoga kedepannya bisa meningkatkan fasilitas pendukung,FASILITAS,RENDAH
Mempercepat pemberian jadwal terutama yang berhubungan dengan tugas akhir,AKADEMIK,RENDAH
lebih diperbanyak ruang kelas dan dosen pengajar,AKADEMIK,RENDAH
Mungkin untuk bagian akademik lebih cepat tanggap lagi untuk merespon pertanyaan mahasiswa dan juga untuk sarana prasana di kampus bisa lebih ditingkatkan lagi,AKADEMIK,RENDAH
"Adanya tempat yang lebih baik untuk mahasiswa saling berdiskusi dan menunggu sebelum kelas mulai, dan penataan tempat parkir yang lebih baik",FASILITAS,RENDAH
di tingkatkan lagi fasilitas di kampus seperti lift dan lain lain,FASILITAS,RENDAH
Membuat tempat pojok mahasiswa untuk belajar dan mengwrjakan tugas,LAINNYA,RENDAH
Semoga kinerja nya semakin meningkat dan terus memuaskan,LAINNYA,TINGGI
Untuk dosen-dosen lebih sering dilakukan pengawasan dan penilaian di kelas.,AKADEMIK,RENDAH
"pertahankan, dan semoga kedepannya semakin lebih baik lagi",LAINNYA,RENDAH
semoga kedepan nya lebih maju dan jaya terus.,LAINNYA,RENDAH
saat ini belum ada,LAINNYA,RENDAH
tidak ada komentar,LAINNYA,RENDAH
Melihan kemampuan mahasiswa dengan lebih baik lagi,LAINNYA,RENDAH
Harapan saya adalah akses wifi yang stabil dan kencang,JARINGAN_IT,RENDAH
perluas lahan stikombali,LAINNYA,TINGGI
semoga tahun berikutnya jarang ada kelas drop,LAINNYA,RENDAH
fasilitas diperbarui,FASILITAS,RENDAH
Cukup baik semuanya.,LAINNYA,RENDAH
Di perbaik lagi,LAINNYA,RENDAH
Saya mengharapkan wifi di stikom bisa free tanpa pasword dan mbps nya di naikkan lagi biar tidak lambat dan toilet stikom semoga bisa lebih bersih lagi,FASILITAS,SEDANG
"Disediakannya tisu(TOLONG) di setiap toilet untuk mengeringkan tangan setelah cuci tangan, serta perataan lokasi wifi pada kampus, dikarenakan tidak setiap kartu SIM mendapatkan sinyal disetiap lantai kampus. Dan tolong sertakan password dari wifi tersebut, bagimana caranya kami mahasiswa ingin mengakses fasilitas dari kampus tersebut? setelah kami membayar uang semester yang lumayan mahal",FASILITAS,RENDAH
Kedepannya lebih baik,LAINNYA,RENDAH
terus tingkatkan kualitas,LAINNYA,RENDAH
"Menambahkan work space dalam area kampus untuk para mahasiswa saat sedang diskusi, kerja kelompok dan sebagainya. Memfalitasi work space juga dapat meningkatkan keaktifan mahasiswa dalam belajar pada tempat yang nyaman.",FASILITAS,RENDAH
Kalo bisa fast respon saat di WA,LAINNYA,RENDAH
Semoga kedepannya ITB STIKOM BALI menjadi lebih baik lagi,LAINNYA,RENDAH
"Usulan: Mengembangkan metode pembelajaran berbasis teknologi terkini, seperti penggunaan Artificial Intelligence (AI), Virtual Reality (VR), dan Augmented Reality (AR) dalam proses belajar mengajar. Hal ini akan meningkatkan pengalaman belajar mahasiswa serta mempersiapkan mereka menghadapi tantangan teknologi global. Harapan: Mahasiswa akan memiliki pemahaman praktis dan teoritis yang lebih baik tentang teknologi masa depan.",AKADEMIK,RENDAH
Banyakin kelas offfline,LAINNYA,RENDAH
Harapan saya semoga bisa lebih mudah mengakses web yang digunakan untuk kuliah.,LAINNYA,RENDAH
Mungkin harapan saya dengan adanya peningkatan fasilitas2 disekitar kampus,FASILITAS,RENDAH
Semoga lebih mengedepankan kepentingan pembelajaran dan kenyamanan,LAINNYA,RENDAH
untuk saat ini belum ada,LAINNYA,RENDAH
menambah lagi fasilitas yang ada,FASILITAS,RENDAH
harapan saya tingkatkan lagi,LAINNYA,RENDAH
Semakin di tingkatkan kinerjanya,LAINNYA,RENDAH
Lahan parkir mohon diperluas,FASILITAS,TINGGI
Semoga bisa tetap meningkatkan kinerja yang telah dilaksanakan supaya bisa semakin maksimal,LAINNYA,RENDAH
tingkatkan kualitas pelayanan dan kebersihan,LAINNYA,RENDAH
"Tolong diperhatikan lagi untuk ruangan kelasnya, mengingat ruang kelas distikom sudah lumayan sedikit",FASILITAS,RENDAH
Semoga itb stikom bali teruss meningkat,LAINNYA,RENDAH
Semoga tetap semua dosen tetap kompak dan Konsistensi,AKADEMIK,RENDAH
Harapannya agar selalu membantu mahasiswa selama proses belajar,LAINNYA,RENDAH
Semoga ITB Stikom bali semakin berkembang dari sebelumnya,LAINNYA,RENDAH
Tingkat semua fasilitas,FASILITAS,RENDAH
Pertahankan dan tingkatkan lagi,LAINNYA,RENDAH
Pertahankan dan tingkatkan,LAINNYA,RENDAH
saya berharap bagian akademik dan pihak terkait yang menandatangani surat menyurat Kerja Praktek lebih bisa memaksimalkan kinerjanya agar tidak merugikan mahasiswa karena sangat lambat dalam penandatanganan.,AKADEMIK,SEDANG
Harapan saya agar pelayanan lebih baik lagi dan memberikan informasi yang jelas,LAINNYA,RENDAH
Harapan saya untuk kedepannya tetap dalam mempertahankan kinerja yang baik kedepannya,LAINNYA,RENDAH
pengumuman yang mendadak di kurangi,LAINNYA,SEDANG
Menambah RKM untuk UKM,KEMAHASISWAAN,RENDAH
Harapan kedepannya semoga memiliki fasilitas yang lebih bagus lagi demi memaksimalkan proses pembelajaran secara offline maupun online,FASILITAS,RENDAH
"Lebih banyak kerjasama dengan perusahaan, bikin riset yang inovatif, dan tambah program internasional biar lulusan makin kompetitif.",LAINNYA,TINGGI
"semoga fasilitasnya dapat diperaharui dan diperbaiki bila ada yang rusak terutama bangku didalam ruang pengajaran agar mahasiswa dapat fokus untuk mendapatkan materi pengajaran, dab bukan memindahkan mindahkan bangku untuk mendapat bangku yang tidak rusak",FASILITAS,TINGGI
untuk lebih meningkatkan fasilitas,FASILITAS,RENDAH
semoga di ajaran baru dapat ditingkatkan,LAINNYA,RENDAH
kemungkinan kinerja pembelajaran dimana dosen memberikan jadwal harus tepat dan fokus mengajar,AKADEMIK,RENDAH
Berharap kedepannya stikom lebih baik,LAINNYA,RENDAH
Semoga stikom Bali lebih Baik lagi,LAINNYA,RENDAH
penyediaan fasilitas kampus untuk beberapa ukm,FASILITAS,RENDAH
Saya berharap pihak STIKOM Bali bisa membantu bagi mahasiswa yang kesulitan dalam permasalahan mata kuliah dan administrasi,LAINNYA,RENDAH
mungkin lebih ditingkatkan lagi untuk fasilitas toiletnya dan kelasnya. terima kasij,FASILITAS,RENDAH
"sudah cukup baik, perlu dipertahankan dan ditingkatkan",LAINNYA,RENDAH
membuat student centre,LAINNYA,RENDAH
Mohon dipertahankan,LAINNYA,RENDAH
TURUNKAN UKT!!!!!!!!!!!,KEUANGAN,RENDAH
Semoga kedepannya fasilitas semua dapat dipergunakan sebagai mana perlunya kepada warga kampus,FASILITAS,RENDAH
"Harapan saya kedepannya adalah bisa bertemu dengan dosen wali, karena saya sampai sekarang masih belum bertemu dengan dosen wali saya",AKADEMIK,RENDAH
ruangan kelas tambahan,FASILITAS,RENDAH
"Tolong beri tahu dosen jika tidak bisa mengajar/tidak bisa hadir, infokan jauh sebelum jam pelajaran matakuliah dimulai. TERIMAKASIH",AKADEMIK,RENDAH
makin maju menuju University,LAINNYA,RENDAH
harapnnya fasilitas lebih ditingkatkan,FASILITAS,RENDAH
"Harapan ke depan bagi STIKOM Bali adalah untuk terus memperkuat posisi sebagai pusat pendidikan teknologi terdepan di Indonesia. Dengan terus berinvestasi dalam penelitian dan pengembangan, memperluas kerjasama dengan industri dan institusi internasional, serta menjaga dan meningkatkan kualitas dosen dan tenaga pendidik, STIKOM Bali dapat mencapai reputasi global.",AKADEMIK,TINGGI
Mungkin di tiap kelas disediakan remote AC karena di kelas AC nya kadang terlalu dingin,FASILITAS,RENDAH
Semakin baik kedepannya dalam mempertahankan usaha nya,LAINNYA,RENDAH
semakin di tingkatkan kedepannya,LAINNYA,RENDAH
semoga kedepannya kinetja stikom bisa lebih baik lagi,LAINNYA,RENDAH
Agar bisa memgerti mahasiswa tidak semua di jelaskan 1x sudah paham,LAINNYA,RENDAH
Agar kedepannya lebih memberikan banyak informasi lagi karena beberapa ada yang kurang dalam penyampaian informasi.,LAINNYA,SEDANG
Fasilitas yang sangat perlu untuk ditingkatkan,FASILITAS,RENDAH
Meningkatkan kualitas dosen,AKADEMIK,RENDAH
Mohon untuk sppnya di kurangi sama benerin ac nya setiap kelas karena kadang sering error,FASILITAS,TINGGI
meningkatkan tingkat respon yang lebih tanggap atas keluhan dari mahasiswa,LAINNYA,RENDAH
lebih baik lagi.,LAINNYA,RENDAH
harapan saya bagi stikom lebih mefasilitasi bagi mahasiswa nya,FASILITAS,RENDAH
untuk meningkatkan kinerja yg sudah baik,LAINNYA,RENDAH
harapan saya kedepannya adalah lebih baik dari pada yang kemaren,LAINNYA,RENDAH
SUDAH CUKUP BAIK,LAINNYA,RENDAH
Untuk harga makanan dan minuman di kantin sangat menguras kantong,LAINNYA,RENDAH
Peningkatan sarana dan prasarana seperti ruang kelas untuk memenuhi kebutuhan mahasiswa hybrid.,KEUANGAN,RENDAH
Semoga kedepannya lebih baiklgi,LAINNYA,RENDAH
bisa lebih ditingkatkan lagi,LAINNYA,RENDAH
Meningkatkan komunikasi dari dosen kepada mahasiswa agar lebih mudah dipahami dan dimengerti.,AKADEMIK,RENDAH
Semoga sarana dan prasarana semakin baik/meningkat,LAINNYA,RENDAH
Menambah kantin dikampus,LAINNYA,RENDAH
semoga fasilitas makin banyak,FASILITAS,RENDAH
dapat membantu STIKOM Bali untuk terus meningkatkan kinerjanya dan menjadi kampus yang semakin unggul di era digital.,LAINNYA,RENDAH
Semakin BESAR bilangan yang anda pilih menunjukan anda semakin SETUJU,LAINNYA,RENDAH
membuat banyak hal2 bru bagi mahasiswa dn peluang2 bru untuk mahasiswa yang ingin bekerja sambil kuliah,KEUANGAN,RENDAH
Harapannya semoga pelayanan stikom bisa lebih efisien lagi kedepannya,LAINNYA,RENDAH
Dimohon untuk selalu ber-koordinasi dengan seluruh jajaran staff agar dapat dilakukannya proses kinerja yang lebih baik,LAINNYA,RENDAH
lebih mendengarkan keluh kesah saat kegiatan d2s,KEMAHASISWAAN,RENDAH
"tetap baik, tetap sehat",LAINNYA,RENDAH
ke depan nya lebih baik lagi,LAINNYA,RENDAH
Semoga tdk menurun kuliats pelayan stikom,LAINNYA,RENDAH
sudah bagus tidak ada lgi,LAINNYA,RENDAH
Peningkatan tentang proses pembelajaran,LAINNYA,RENDAH
"Mohon ditinjau lebih lanjut dosen dan beberapa petugas lainnya, karena mungkin beban kerja berlebih maka banyak dosen atau petugas yang kurang fokus dan memberikan respon yang lambat. Terutama kampus abiansemal, mohon ditinjau lebih lanjut kejelasannya.",AKADEMIK,SEDANG
saya berharap agar stikom bali memebuat kelas offline semakin banyak dari pada kelas online,LAINNYA,RENDAH
"harapan saya semoga fasilitas yang telah rusak segera diganti atau diperbaiki, contohnya kursi mahasiswa yang sudah banyak mulai tidak nyaman dipakai",FASILITAS,TINGGI
tingkatkan fasilitas kantin,FASILITAS,RENDAH
Semoga tetap konsisten dalam meningkatkan kinerja dalam akademik atau non akademik,AKADEMIK,RENDAH
"lebih empati dan gampang mengakses, ui sion sama e learning jelek banget, kalah sama binus",LAINNYA,RENDAH
kurikulum yang update untuk industri saat ini,LAINNYA,RENDAH
"jumlah fasilitas ditingkatkan, dan kelayakan fasilitas ditingkatkan",FASILITAS,RENDAH
semoga stikom menjadi terbaik,LAINNYA,RENDAH
meningkatkan jumlah kerjasama internasional memperkuat program studi bersetandar internasional,LAINNYA,RENDAH
lebih baik dalam segala hal kedepannya,LAINNYA,RENDAH
Perbaikan lift kampus,FASILITAS,RENDAH
Harapan saya adalah agar saat administrasi atau pelaporan apapun berjalan dengan lancar dan tidak ada hambatan,LAINNYA,RENDAH
Harapan saya kedepannya tetap memprtahankann kinerja terbaiknya,LAINNYA,RENDAH
Semoga Semakin Didepan,LAINNYA,RENDAH
memperluas area parkir,FASILITAS,TINGGI
Informasi yang di sampaikan semoga lebih jelas,LAINNYA,RENDAH
Harapan nya semoga tetap bisa memberikan informasi,LAINNYA,RENDAH
"Mungkin untuk lahan parkir bisa diperluas, karena saya sering tidak mendapatkan parkir saat perkuliahan offline.",FASILITAS,TINGGI
semoga semakin bagus,LAINNYA,RENDAH
"Semoga kedepannya STIKOM semakin jaya, dan lebih memperbaiki sistem-sistem yang masih kurang.",LAINNYA,SEDANG
"Memperbarui kurikulum secara berkala dengan memasukkan teknologi-teknologi terbaru yang relevan dengan industri, seperti kecerdasan buatan, big data, dan internet of things.",JARINGAN_IT,RENDAH
Perjelas jadwal kelas yang sedang tidak digunakan,AKADEMIK,RENDAH
diharapkan stikom mengembangkan prodi lain,LAINNYA,RENDAH
semoga stikom semakin baik kedepannya,LAINNYA,RENDAH
"semakin meninkatkan pelayanannya agar tetap baik, sukses selalu STIKOM BALI",LAINNYA,RENDAH
Fasilitas tolong ditingkatkan dan perbanyak kelas offline,FASILITAS,RENDAH
Tingkatkan apa yang perlu di tingkatkan,LAINNYA,RENDAH
Proses perbaikan seperti sarana prasana supaya lebih cepat,LAINNYA,RENDAH
"untuk bagian akademik diharap pelayanan lebih diperbaiki dalam segala hal, semua staf judes, kadang tidak bisa memberikan prosedur dengan jelas padahal mereka tau,, balas chat aja lama banget.. minta tolong diperbaiki ya kemudian untuk kantin, harapannya kipas ditambah, dan kipas yang ada dibersihkan karena kipas sudah sangat kotor dan angin tidak terasa.",FASILITAS,SEDANG
Menambahkan kelas,LAINNYA,RENDAH
"proyektor kadang mau nanyala kadang ga, ini membuat proses perkuliahan manjadi terlambat dan memakan waktu yang banyak. jadi saya harap proyektor perlu di upgrade.",FASILITAS,SEDANG
"Cukup, tidak ada",LAINNYA,RENDAH
"tambahkan ruangan kelas, bukan dikurangi menjadi ruangan yang sangat tidak ada fungsinya sama sekali buat mahasiswa luas",FASILITAS,TINGGI
lebih baik kedepannya dan juga semakin ditingkatkan lagi.,LAINNYA,RENDAH
semoga banyak ada event tournament dan ukm esport,KEMAHASISWAAN,RENDAH
Perluas parkir dan perbanyak kelas,FASILITAS,TINGGI
Kalo bisa pas sedang skripsi dosennya jangan ilang kalo bisa pas bimbingan langsung acc gapapa titik koma,FASILITAS,RENDAH
meningkatkan informasi penting agar tersiar ke seluruh mahasiswa,LAINNYA,RENDAH
Selalu terjadi miss komunikasi dengan admin ataupun pihak akademik mengenai kegiatan pemblajaran.,AKADEMIK,RENDAH
Semoga lebih baik dari sebelumnya,LAINNYA,RENDAH
lebih responsif lagi,LAINNYA,RENDAH
semoga lebih baik lagi kedepan nya,LAINNYA,RENDAH
proses document,LAINNYA,RENDAH
berharap yg terbaik,LAINNYA,RENDAH
Instruksi perwalian lebih diperinci lagi,LAINNYA,RENDAH
Semoga kedepannya pada saat lift mengalami kerusakan bisa langsung segera diperbaiki,FASILITAS,TINGGI
harapan kedepanya tolong untuk dosenya tolong jam perkulihanya itu harus sesuai jadwal yang sudah ada.,AKADEMIK,RENDAH
agar ITB STIKOM BALI dapat terakreditasi A dan jurusan Bisnis Digital dapat menyediakan program studi untuk jenjang S2.,LAINNYA,RENDAH
Semoga semua jadi lebih baik,LAINNYA,RENDAH
"peningkatan fasilitas seperti beberapoa cat tembok yang sudah kusam, kantin kotor, toilet agak kotor",FASILITAS,SEDANG
"semoga lift satu lagi cepat selesai, supaya mempermudah dan mempercepat perjalanan menuju kelas",FASILITAS,RENDAH
"tingkatkan kualialitas pelayanan, tingkatkan fasilitas",FASILITAS,RENDAH
labih aktif dalam menerima saran mahasiswa untuk membuat kampus yang lebih baik,LAINNYA,RENDAH
"sudah bagus,pertahankan",LAINNYA,RENDAH
"Penggunaan sistem daring masih kurang, dosen tidak menggunakan sarana e-learning dengan efektif",AKADEMIK,SEDANG
Saya berharap Stikom Bali bisa terus meningkatkan kinerja nya seperti melakukan revisi terus menerus agar tetap sejalan dengan perkembangan jaman,LAINNYA,RENDAH
ditingkatkan lagi kedepannya,LAINNYA,RENDAH
harapannya supaya para staff stikom bali lebih ramah dan informatif,LAINNYA,TINGGI
pemeriksaan rutin pada beberapa bagian seperti fasilitas kampus untuk kenyamanan mahasiswa,FASILITAS,RENDAH
Lingkungan belajar yang kondusif,LAINNYA,RENDAH
MEMBERIKAN DISKON KE MAHASISWA,LAINNYA,RENDAH
Harapan saya semoga kedepannya jadi lebih baik dari sekarang,LAINNYA,RENDAH
Semoga kinerjanya ditingkatkan lagi,LAINNYA,RENDAH
semoga lebih baik lagi,LAINNYA,RENDAH
Menurut saya kinerja yang harus ITB stikom lakukan itu bagi informasi apa saja lebih awal biar mahasiswa bisa tau dan bisa melakukan lebih awal,LAINNYA,RENDAH
semoga gedung stikom diperluas,FASILITAS,TINGGI
Lebih meningkatkan mutu dan kualitas kampus,LAINNYA,RENDAH
Tolong perbaiki jaringan internet di beberapa titik di gedung stikom,FASILITAS,RENDAH
Kemabangkan lagi sarpras,LAINNYA,RENDAH
"Bagian akademik dan yang terkait, diharapkan untuk lebih transparan dan aktif memberikan informasi karena sudah sering kami di kelas karyawan ketinggalan informasi penting dan juga penanganan masalah yang sangat lambat bahkan sering dilupakan",AKADEMIK,SEDANG
"Peningkatan ukuran bangunan kampus Denpasar dengan lebih masive dan terstruktur, kemudian pembaruan design interior dan konsep kampus agar sesuai dengan tema Kampus IT Terbaik di Bali Nusa. Saya butuh tempat nongkrong, nugas dan bersantai di areal kampus baik outoor maupun indoor dengan support konektivitas internet minimum 100mbps (pengennya sih 1Gbps kalo bisa).",FASILITAS,RENDAH
Agar stikom bisa lebih baik lagi dari yang sekarang,LAINNYA,RENDAH
Harapan saya kedepannya semoga ITB STIKOM BALI menjadi yang terbaik dalam ilmu pengetahuan teknologi,LAINNYA,RENDAH
Tetap semakin baik,LAINNYA,RENDAH
semoga kedepan nya bisa menjadi yg lebih baik lagi dan terbaik,LAINNYA,RENDAH
Fasilitas kelas,FASILITAS,RENDAH
Semoga parkir diperluas dan wifi distabilkan serta proyektor dikelas perlu diperhatikan,FASILITAS,TINGGI
semoga bisa lebih baik lagi dan semakin ditingkatkan untuk kebaikan mahasiswa,LAINNYA,RENDAH
Harapan saya semoga bisa meningkatkan kinerja yang lebih baik,LAINNYA,RENDAH
Sudah cukup baik,LAINNYA,RENDAH
Evaluasi website SION dan e-Learning,LAINNYA,TINGGI
Terus pertahankan kinerja terbaik stikom,LAINNYA,RENDAH
"Harapan saya, STIKOM Bali terus berkolaborasi dengan industri global, meningkatkan fasilitas teknologi, memperluas program magang, dan mendukung inovasi serta kewirausahaan mahasiswa.",FASILITAS,TINGGI
Harapan saya untuk ditingkatkan lebih baik lagi dalam memberikan pembelajaran,LAINNYA,RENDAH
Di harapkan unukt Wifi di Lt.3 Stikom bali bisa di perluas jangkauanya dan juga kecepatannya,JARINGAN_IT,KRITIS
semoga kedepannya akan lebih baik lagi,LAINNYA,RENDAH
Semoga stikom semakin maju,LAINNYA,RENDAH
di mempercepat keluarnya infomasi yang di butuhkan,LAINNYA,RENDAH
DOSEN HARUS MENGINFORMASIKAN ADA/TIDAK ADA PERKULIAHAN H-1 SEBELUM PERKULIAHAN.JIKA TIDAK ADA PERKULIHAAN ABSEN DAPAT DI GANTIKAN DENGAN TUGAS,AKADEMIK,RENDAH
Perbaikan toilet dan banjir di basement,FASILITAS,TINGGI
Fasilitasnya seperti perspustakaan kalau boleh saran lebih baik disediakan wifi jadi memudahkan mahasiswa dalam membuat tugas,FASILITAS,RENDAH
Kursi mahasiswa lumayan banyak yg rusak tapi masih ada di kelas. Layar untuk proyektor jg ada beberapa yg tidak berfungsi dgn baik,FASILITAS,TINGGI
semoga kedepannya semakin baik lagi di segala bidang,LAINNYA,RENDAH
Untuk tisu di toilet terkadang masih tidak ada,FASILITAS,RENDAH
Semoga bisa mensejahtrakan mahasiswa dan dosen dengan memberikan dana yang cukup untuk unit kegiatan mahasiswanya.,AKADEMIK,RENDAH
menambah fasilitas wifi yang cukup,FASILITAS,RENDAH
menetapkan yang sekarang,LAINNYA,RENDAH
perbanyak free wifi untuk mahasiswa,JARINGAN_IT,RENDAH
"dalam menyususn krs harap lebih memperhatikan sisiwa yang di Stikom Abiansemal dimana krs yang diambil sudah ditetapkan dan disamaratakan dengan mahasiswa stikom abiansmal yang lainnya sehingga tidak dapat memilih mata kuliah sesuai keingginan. Kemudian akses pada penyusunan krs juga bermasalah, padalah sudah melunasi pembayaran tetapi di sistem belum bisa diakses sudah lapor ke bagian keuangan prosesnya lama.",AKADEMIK,RENDAH
semoga bisa selalu dioptimalkan dalam membantu mahasiswa,LAINNYA,RENDAH
Supaya kedepannya srana prasananya bisa lebih baik,LAINNYA,RENDAH
Semoga lebih baik dri sebelumnya,LAINNYA,RENDAH
semoga layanan fasilitas ditingkatkan kualitasnya,FASILITAS,RENDAH
"Perbaiki fasilitas kampus, perbanyak buku bacaan perpustakaan, fasilitas kantin juga diperbaiki",FASILITAS,RENDAH
memperbaiki sarana area parkir agar tidak banjir,FASILITAS,TINGGI
"saya harap, pihak kampus lebih niat untuk mengurusi program program kerja sama yang diadakan, jangan kesannya seperti menelantarkan mahasiswa yang menjalani program dengan ketidak sesuaian informasi dari awal.",LAINNYA,RENDAH
Baik dan no comment,LAINNYA,RENDAH
semoga fasiitas sesuai dengan ukt,KEUANGAN,RENDAH
mengindikasikan lebih jelas lagi informasi tentang magang di luar negri,LAINNYA,RENDAH
pada ruangan perpustakaan tidak adanya akses wifi semoga kedepannya ada akses wifi agar mempermudah mencari informasi di luar perpustakaan,FASILITAS,RENDAH
"Lebih di tingkatkan semua kinerja yang ada, agar mahasiswa merasa lebih nyaman berada di lingkungan kampus.",LAINNYA,RENDAH
"Harapan kedepannya, stikom harus tetap jadi tempat ternyaman bagi mahasiswa",LAINNYA,RENDAH
"ruangan 4.3 mohon diperbaiki pintunya, dikarenakan setiap menutup pintu berbunyi.",FASILITAS,RENDAH
Harapan saya semoga diberikan kemudahan ke semua mahasiswa/i,LAINNYA,RENDAH
semoga selalu memberikan pelajarana yang terbaik,LAINNYA,RENDAH
harapan saya saat pembayaran administrasi yang terlambat karena suatu alasan tertentu tidak dikenakan denda,KEUANGAN,SEDANG
Harapan saya agar stikom bali tetap selalu menjadi kampus IT terbaik sampai kapanpun,LAINNYA,RENDAH
semoga dapat lebih baik kedepannya,LAINNYA,RENDAH
semoga stikom lebih banyak event menarik,LAINNYA,RENDAH
Mempermudah pertemuan dosen dan mahasiswa,AKADEMIK,RENDAH
terus ditingkatkan,LAINNYA,RENDAH
agar lebih baik lgi kedepannya,LAINNYA,RENDAH
tolong ya di bagian keuangan atau di resepsionis pelayanannya di tingkatkan lagi,KEUANGAN,RENDAH
Semoga kedepan lebih baik lagi,LAINNYA,RENDAH
Lebih tingkatkan Kemudahan aksesibilitas Website,LAINNYA,RENDAH
semoga kedepannya lebih baik lagi,LAINNYA,RENDAH
meningkatkan fasilitas umum kampus seperti wifi untuk mahasiswa yang kencang,FASILITAS,RENDAH
harapan saya untuk kinerja stikom bali yakni mempertahankan kinerja meraka saat ini,LAINNYA,RENDAH
Semoga wifinya bisa di gunakan tanpa lemot,JARINGAN_IT,SEDANG
"E-Learning tolong dirapikan, supaya pencarian matkul lebih gampang",AKADEMIK,RENDAH
"Saya harap life bisa capat diperbaiki, perbaiki kantin",LAINNYA,RENDAH
"Untuk meningkatkan kinerja STIKOM bali, perluasan kerjasama internasional, dorongan riset dan inovasi, peningkatan fasilitas, pengembangan SDM, dan implementasi teknologi pendidikan terbaru.",FASILITAS,TINGGI
Semoga kampus stikom makin luas,LAINNYA,TINGGI
saya harap kedepannya stikom bisa lebih baik dari segala hal,LAINNYA,RENDAH
"meningkatkan pelayanan dari kemahasiswaan, akademik, keuangan, kaprodi dan lain-lain",AKADEMIK,RENDAH
lebih maju semakin kreatif dan moralitas,LAINNYA,RENDAH
tempatnya banyak diperbaiki dan dosennya harus lebih perhatian,AKADEMIK,RENDAH
Menurut saya para dosen mungkin lebih teliti dalam pemberian informasi tentang jam kuliah,AKADEMIK,RENDAH
Harapannya semoga Stikom Bali terutama bagian akademik memberikan respon yang cepat dalam memberikan pelayanan kepada mahasiswa.,AKADEMIK,RENDAH
Tolong ditambah tempat untuk mahasiswa belajar bersama,LAINNYA,RENDAH
Semoga itb stikom bali semakin maju kedepannya,LAINNYA,RENDAH
Tolong percepat koneksi wifinya,JARINGAN_IT,RENDAH
Semua staff Harus selalu mengetahui segala informasi,LAINNYA,RENDAH
memiliki fasilitas tambahan dan bukan hanya menambah jumlah mahasiswa saja,FASILITAS,RENDAH
Peningkatan Layanan Karir dan Alumni: Membentuk pusat layanan karir yang proaktif dalam membantu mahasiswa dan alumni dalam mencari pekerjaan. Membuat jaringan alumni yang kuat untuk mendukung lulusan baru dengan mentoring dan networking.,JARINGAN_IT,TINGGI
Harapan saya supaya itb stikom bali lebih baik lagi kedepannya,LAINNYA,RENDAH
Semoga fasilitas sarana prasana kampus bisa ditingkatkan lebih baik lagi,FASILITAS,RENDAH
Meningkatkan fasilitas wifi lebih baik bagi mahasiswa supaya lebih efisien dalam penggunaannya,FASILITAS,RENDAH
Meningkatkan informasi tentang acara-acara seperti Festika karena konsistant sekali kurang informasi tentang waktu dan lokasi,FASILITAS,SEDANG
Mempertahankan kinerja tersebut dan memberikan solusi terbaik agar mahasiswa cepat lulus,LAINNYA,RENDAH
Tingkatkan sistem,LAINNYA,RENDAH
Penjelasan kontrak kuliah yang lebih lengkap,LAINNYA,RENDAH
semoga kedepannya meningkatkan standar kualitas fasilitas kampus,FASILITAS,RENDAH
Tingkatkan lagi fasilitas dan kemudahan akses sion dan e-learning.,FASILITAS,RENDAH
semoga kedepannya pengumuman lebih awal diumumkan dan tidak mepet mepet,LAINNYA,RENDAH
Semoga semakin meningkat kedepannya,LAINNYA,RENDAH
Harapan saya semoga tetap jaya terus,LAINNYA,RENDAH
lebih ditingkatkan server seperti sion dan elearning agar tidak lag,LAINNYA,RENDAH
"WC tolong di baguskan dan fasilitas seperti ac, kursi, besmen banjir, dan tempat nongkrong untuk nugas mungkin perlu di buat trimakasi",FASILITAS,TINGGI
agar lebih ditingkatkan kembali khususnya bagian keuangan dan bagian kesiswaan terkait dengan informasi yang harus diberikan kepada mahasiswa,KEUANGAN,RENDAH
Untuk saat ini tidak ada,LAINNYA,RENDAH
pertahankan yang sudah baik,LAINNYA,RENDAH
fasilitas diperhatikan lagi,FASILITAS,RENDAH
"dosennya lebih care lagi terhadap materi yang akan diberikan, kalau bisa dipelajari dulu untuk disampaikan, agar saat penyampaian nya tidak membingungkan",AKADEMIK,RENDAH
Semoga bisa terus menjadi yg terbaik,LAINNYA,RENDAH
harapan saya STIKOM Bali dapat lebih memperkuat kerjasama dengan industri dan memperbanyak program magang agar mahasiswa lebih siap menghadapi tantangan di dunia kerja.,LAINNYA,RENDAH
Semoga semakin bagus lagi,LAINNYA,RENDAH
Fasilitas yang lebih baik,FASILITAS,RENDAH
semoga bisa lebih baik lagi,LAINNYA,RENDAH
semakin maju dan jaya,LAINNYA,RENDAH
SEMOGA FASILITASNYA LEBIH BAIK LAGI,FASILITAS,RENDAH
Pemaksimalan ruangan/workspace untuk kegiatan UKM para mahasiswa??,FASILITAS,RENDAH
Smga kedepan nya lebih baik,LAINNYA,RENDAH
harapan saya untuk ITB STIKOM BALI adalah untuk menyediakan aula yang bagus,FASILITAS,RENDAH
Kinerja penilaian mohon diperbaiki. Terima kasih.,AKADEMIK,RENDAH
"Harapan untuk meningkatkan kinerja STIKOM Bali adalah memperluas kerja sama dengan industri global, memperbanyak program magang internasional, meningkatkan fasilitas pendukung teknologi modern, serta memperkuat bimbingan karier dan inovasi mahasiswa untuk menghasilkan lulusan yang semakin unggul dan relevan dengan kebutuhan dunia kerja.",FASILITAS,TINGGI
semakin maju dan memperbaiki kekurangan,LAINNYA,SEDANG
Harapan saya untuk meningkatkan kinerja stikom bali adalah tetap semangat dalam menjalaninya,LAINNYA,RENDAH
meningkatkan kualitas sarana prasarana,LAINNYA,RENDAH
dimohon untuk cepat dalam menanggapi keluhan yang terjadi di tempat ibadah,LAINNYA,RENDAH
Harapan saya agar stikom lebih maju kedepannya,LAINNYA,RENDAH
Semoga stikom bali lebih baik kedepannya,LAINNYA,RENDAH
Semoga kedepannya lebih maju dan lebih berkembang,LAINNYA,RENDAH
"Harapan saya stikom mampu meningkatkan pelayanan san sarpras lebih baik lagi, agar mahasiswa aman dan nyaman",LAINNYA,RENDAH
saya harap untuk beberapa staff agar bisa tersenyum ramah kepada mahasiswa agar bisa di beri apresiasi,LAINNYA,RENDAH
Agar mempermudah akses SION tanpa harus mengisi kuisioner,LAINNYA,RENDAH
semoga menjadi kampus yang terbaik,LAINNYA,RENDAH
semoga semakin lebih baik,LAINNYA,RENDAH
semoga stikom bali makin besar dan dapat memberikan materi yang lebih mendalam terutama dalam pemrograman,LAINNYA,RENDAH
Semoga kedepannya lebih baik dan cekatan lagi,LAINNYA,RENDAH
Pertahankan kinerja yang sudah baik dan tingkatkan selalu pelayanannya,LAINNYA,RENDAH
Harap fasilitas di perbaiki lagi,FASILITAS,RENDAH
"Menyediakan informasi mengenai perkuliahan dengan lebih baik, jelas dan rinci",LAINNYA,RENDAH
"Saya berharap kegiatan mahasiswa dapat lebih diutamakan dibandingkan kegiatan lain di kampus, terutama saat perkuliahan offline. Sebagai contoh, terkait penggunaan gedung kampus yang sempat dipakai untuk CPNS, seharusnya mahasiswa yang sudah dijadwalkan untuk belajar di kampus dapat menggunakan fasilitas yang ada, bukan malah harus menjalankan perkuliahan secara online. Selain itu, saya juga ingin menyampaikan bahwa di semester 3 ini, saya merasa ada beberapa dosen yang kurang optimal dalam menjalankan perannya sebagai pengajar. Mengingat bahwa tugas utama dosen adalah mendidik mahasiswa, saya berharap hal ini dapat menjadi perhatian.",FASILITAS,SEDANG
"lebih tanggap dan sigap dalam menyampaikan segala informasi, agar tidak terjadinya informasi yg tertinggal antar mahasiswa",LAINNYA,RENDAH
untuk saya sarannya fasilitasnya tolong di perbarui lagi,FASILITAS,RENDAH
Harus bisa lebih improve lagi kedepannya,LAINNYA,RENDAH
Harapan saya agar semua aspek yang tertera di atas bisa di tingkatkan lagi.,LAINNYA,RENDAH
harapan saya semoga semakin baik lagi kedepannya,LAINNYA,RENDAH
harapan saya semoga lebih baik kedepannya,LAINNYA,RENDAH
Lebih baik dalam perbaikan fasilitas terutama di parkiran bawah yang rentan banjir,FASILITAS,TINGGI
Meningkatkan fasilitas dan dosen pengajar,FASILITAS,RENDAH
Semoga segala kinerja yang dilakukan kedepannya selalu lancar tiada halangan,LAINNYA,RENDAH
INTERNET KAMPUS MOHON DITAMBAH LAGI MBBPSNYA,JARINGAN_IT,RENDAH
tingkatkan bagian yang kurang,LAINNYA,SEDANG
mempertahankan kinerja kalau bisa lebih meningkatkan kinerja baik sarana maupun prasarana.,LAINNYA,RENDAH
"Ditingkatkannya lagi QoL dari kampus on-site, seperti kecepatan dalam memperbaiki elevator, perbaikan sara kelas seperti kursi, dan seterusnya",FASILITAS,RENDAH
Semoga kedepannya makin baik,LAINNYA,RENDAH
Lebih meningkatkan kualitas lab dan tempat duduk,LAINNYA,RENDAH
Menyediakan koneksi internet gratis kepada mahasiswa ketika sedang dalam pembelajaran baik offline maupun online,JARINGAN_IT,RENDAH
tingkatkan lagi,LAINNYA,RENDAH
terkadang ada kelas yg kekurangan kursi terkadang ada kelas yg tidak dpt menggunakan pc karena rusak atau apa,FASILITAS,TINGGI
harapan saya semoga stikom bisa lebih besar lagi lapangannya karena akan kalah dengan kampus diluar sana,LAINNYA,RENDAH
Meningkatkan kualitas pengajaran dan kurikulum Meningkatkan sarana dan prasarana,LAINNYA,RENDAH
"Agar STIKOM tetap jaga dan semakin di depan terus,semoga dengan terus adanya kemajuan dalam kampus mahasiswa menjadi senang dan nyaman di dalam kampus stikom",LAINNYA,RENDAH
Fasilitas lebih diperhatikan,FASILITAS,RENDAH
"Renovasi bangunan, wifi umum untuk mahasiswa",FASILITAS,RENDAH
mohon pertahankan,LAINNYA,RENDAH
"ada fasilitas yang kurang di dalam kelas seperti stopkontak, dan fasilitas seperti proyektor ada beberapa yang kurang memuaskan saat pembelajaran",FASILITAS,TINGGI
Ac dibeberapa ruangan ada yang tidak berfungsi,FASILITAS,RENDAH
"harapan saya adalah, semoga stikom semakin sukses",LAINNYA,RENDAH
Kedepannya bisa lebih bagus lagi,LAINNYA,RENDAH
Membuat parkiran yang lebih luas lagi.,FASILITAS,TINGGI
Perbaiki lagi Kelayakan fasilitas sarana dan prasarana toilet.,FASILITAS,RENDAH
Semakin baik ke depannya,LAINNYA,RENDAH
"harapannya yaitu dapat memperluas area kantin, dapat meningkatkan sarana dan prasarana dalam kelas, baik itu wifi mau proyektor yang lebih baik lagi, memberikan area mahasiswa untuk beristirahat disela menunggu kelas selanjutnya",FASILITAS,TINGGI
"DINGINKAN AC, PERBAIKI FASILITAS KAMPUS BANYAK KORSI YANG SUDAH RUSAK PERBARUI PC/KOMPUTER DI LAB SUDAH SANGAT LAMBAT DAN KUNO, BIAR TIDAK RUGI BAYAR MAHAL FASILITAS BANYAK YANG KURANG MEMADAI",FASILITAS,TINGGI
"Tolong dibuatkan ruangan UKkk, karena kita butuh ruangan untuk UKM supaya skill bisa berkembang dengan baik. Dan juga buatin learning space seperti di kampus-kampus lain untuk mahasiswa belajar",FASILITAS,RENDAH
bisa menjadi lebih baik lagi,LAINNYA,RENDAH
proses konversi mata kuliah supaya lebih mudah,LAINNYA,RENDAH
semoga kedepannya kinerja lebih ditingkatkan lagi,LAINNYA,RENDAH
Lebih mantap lagi,LAINNYA,RENDAH
Mata kuliah mengikuti perkembangan zaman,LAINNYA,RENDAH
Lanjutkan kinerja baiknya,LAINNYA,RENDAH
fasilitas dibenahi lagi,FASILITAS,RENDAH
lebih mengutamakan kenyamanan mahasiswa bisa dalm bentuk fasilitas yg diberikan oleh stikom,FASILITAS,RENDAH
harapannya semoga lebih baik lagi,LAINNYA,RENDAH
Banyakin kelas offline,LAINNYA,RENDAH
jadi lebih baik,LAINNYA,RENDAH
Semoga kedepanya stikom tetap kompak dan tetap semangat,LAINNYA,RENDAH
Semakin di tingkatkan dan di pertahankan,LAINNYA,RENDAH
Terus berkembang dan tetap menjadi no 1,LAINNYA,RENDAH
stikom memperluas area kampus dan mempunyai banyak kelas dan parkir yang lebih luas supaya bisa melakukan pembelajaran lebih bagus,FASILITAS,TINGGI
perbaikan fasilitas di beberapa lab,FASILITAS,RENDAH
semoga lebih tambah bagus kedepanya,LAINNYA,RENDAH
fasilitas sarana dan prasarana di kampus tetap terjaga dengan baik,FASILITAS,RENDAH
Menurut saya semua sudah dipermudahkan,LAINNYA,RENDAH
-Kursi Di kelas banyak rusak dan komputer di Lab banyak yang tidak bisa digunakan -Fasilitas Wifi yang masih kurang (lemot) dan tidak dapat di akses di semua sudut kampus -Tolong AC di setiap Lab. Business Intelegence dan Lab. Networking,FASILITAS,TINGGI
Harapan saya kedepannya untuk lebih ditingkatkan lagi fasilitas nya.,FASILITAS,RENDAH
Bekerjasama dengan perusahaan2 besar untuk internship atau magang.,LAINNYA,RENDAH
Semoga layanan internet dan fasilitas komputer di lab Mobile Programming dapat di tingkatkan,FASILITAS,RENDAH
Semoga kedepan nya bisa di kembangkan lebih jauh,LAINNYA,RENDAH
SEMOGA LEBIH BAIK,LAINNYA,RENDAH
Semoga lebih bisa lebih baik,LAINNYA,RENDAH
harapan nya lebih di tingkat kan lagi di sistem UKM mahasiswa,KEMAHASISWAAN,RENDAH
Meningkatkan kinerja dari akademik untuk memberikan arahan atau pelayanan bagi mahasiswa/i,AKADEMIK,RENDAH
agar beberapa fasilitas stikom di perbaiki dan ditingkatkan lagi,FASILITAS,RENDAH
semoga semakin baik dan jam bisa disesuaikan untuk jam free kerja,LAINNYA,RENDAH
agar selalu memberikan informasi dan pelayanan lebih meningkat,LAINNYA,RENDAH
Sarana dan prasarana di perkuliahan di tingkatkan lagi,LAINNYA,RENDAH
Nisi dolores quis fu,LAINNYA,RENDAH
Selalu menyediakan yg terbaik,LAINNYA,RENDAH
buatkan aplikasi mobile yang bisa di akses melalui handphone,LAINNYA,RENDAH
Harapan saya semoga kedepannya proyektor di setiap kelas tidak ada kendala karena lumayan memakan waktu pembelajaran,FASILITAS,RENDAH
Di murahin uang semesternya,KEUANGAN,RENDAH
tetap jaga kualitas pelayanan terutama mengutamakan mahsiswa agar tidak ada yang tertinggal,LAINNYA,RENDAH
agar lebih ditingkatkan untuk yang dirasa masih belum bagus,LAINNYA,RENDAH
bisa ditingkatkan lagi dari segi prasaran dan sarana dikampus.,LAINNYA,RENDAH
Semoga kualitas kinerjanya dipertahankan dan semakin lebih baik lagi,LAINNYA,RENDAH
"mungkin jika mahasiswa ingin mengakses SION jangan langsung diberikan question seperti ini ya,karena jika mahasiswa ingin mengakses SION dengan cepat malah akan menjadi terhambat",LAINNYA,RENDAH
"Terutama untuk kelas unggulan, jangan terlalu banyak program yang diberikan kepada mereka yang membuat semakin bingung dan tidak maksimal karena terlalu banyak hal yang diwajibkan untuk ikut sehingga banyak hal yang membuat mereka semakin kurang dan tidak fokus dalam satu hal",LAINNYA,SEDANG
"Semoga kedepannya seluruh area kampus tercover free wifi dengan keamanan, dan kecepatan yang bagus, guna menunjang proses belajar agar mahasiswa tidak perlu lagi memakai hotspot dari hp masing-masing.",JARINGAN_IT,RENDAH
Semoga kedepannya website SION STIKOM ini memberikan inovasi baru setiap tahunnya!,LAINNYA,RENDAH
Tolong lift segera diperbaiki karna lift sangat berguna untuk memangkas waktu,FASILITAS,RENDAH
Tetap pertahankan karena kinerja saat ini sudah sangat baik,LAINNYA,RENDAH
"Harapan untuk STIKOM Bali perluas kerja sama internasional, perkuat riset dan inovasi, kembangkan soft skills, tingkatkan fasilitas digital, dan dukung kewirausahaan mahasiswa.",FASILITAS,TINGGI
"saya berharap ditingkatkan jiwa hospitality dari staff stikom dan fasilitas nya di tingkatkan lagi, meja dosen sebaiknya di ganti dan beberapa proyektor sudah harus di ganti.",FASILITAS,RENDAH
Untuk parkiran agar lebih diatur lagi karena sulitnya mencari parkir dan untuk toilet agar bisa semua digunakan mulai dari lantai 1 hingga lantai 4.,FASILITAS,RENDAH
Harapan saya tetap semangat dan memberikan yang terbaik bagi mahasiswa,LAINNYA,RENDAH
"tolong speed wifinya di tingkatkan lagi, sangat lambat saat digunakan",JARINGAN_IT,SEDANG
buat na gedung baru lagi biar memperbanyak kelas offline,FASILITAS,RENDAH
lebih berkembang lagi terutama fasilitas nya,FASILITAS,RENDAH
Tingkatkan kinerja dan pelayanan,LAINNYA,RENDAH
"tolong di perbaiki kembali ruangan dan toiletnya, sering ruangan terlalu penuh sehingga sulit belajar",FASILITAS,RENDAH
pertahankan apa yang baik,LAINNYA,RENDAH
"menurut saya yang harus ditingkatkan lagi yaitu, lebih ketat lagi dalam pengawasan pengambilan surat",LAINNYA,RENDAH
pelayanan akademik agar lebih di tingkatkan kembali,AKADEMIK,RENDAH
"harapannya bisa lebih baik dalam memberikan pelayanan, dsb.",LAINNYA,RENDAH
"Berikut adalah beberapa saran yang dapat diusulkan untuk meningkatkan kinerja ITB STIKOM Bali: 1. Kerjasama Internasional: Meningkatkan kerjasama dengan universitas dan institusi internasional untuk pertukaran pelajar dan dosen, serta penelitian bersama. 2. Pengembangan Kurikulum: Mengadopsi praktik terbaik dan tren terkini dalam teknologi dan bisnis ke dalam kurikulum untuk memastikan relevansi dan kesiapan kerja lulusan. 3. Fasilitas Penelitian: Meningkatkan fasilitas penelitian dan laboratorium untuk mendukung penelitian yang inovatif dan berdampak. 4. Program Beasiswa: Menyediakan lebih banyak program beasiswa untuk menarik mahasiswa berprestasi dan berbakat. 5. Pengembangan SDM: Melakukan pelatihan dan pengembangan berkelanjutan untuk staf pengajar dan non-pengajar. 6. **Pengembangan Ekstrakurikuler**: Meningkatkan kegiatan ekstrakurikuler, seperti klub dan organisasi mahasiswa, untuk mendukung pengembangan soft skills mahasiswa. 7. Pelayanan Mahasiswa: Meningkatkan layanan kepada mahasiswa, seperti bimbingan karir, dukungan kesejahteraan mahasiswa, dan layanan akademik. 8. Penggunaan Teknologi: Mengintegrasikan teknologi terkini dalam proses belajar mengajar, seperti pembelajaran online, simulasi virtual, dan lainnya. Harapan ini diusulkan dengan tujuan untuk terus meningkatkan kualitas pendidikan dan pengalaman belajar di ITB STIKOM Bali. Semoga ini membantu! ??",FASILITAS,TINGGI
Mohon ditindaklanjuti untuk gambar output proyektor ada yang offside dari layar yang ada di depan kelas sehingga gambar menjadi terpotong. Proyektor di ruangan kelas di lantai 4 goyang-goyang ketika pintu dibuka atau ditutup karena proyektor menggantung langsung di plafon (perlu diisi kerangka agar tidak goyang-goyang). Mohon formulir ini diisi validasi ketika ada option yang belum dipilih (peningkatan UX),FASILITAS,RENDAH
semuanya sudah baik dan lancar tinggal di maksimalkan saja,LAINNYA,RENDAH
tingkat dalam segi informasi,LAINNYA,RENDAH
Semakin lebih baik kedepannya.,LAINNYA,RENDAH
Menambah gedung baru,FASILITAS,RENDAH
Harapannya matkul teori dengan praktek dijadi 1,AKADEMIK,RENDAH
"untuk bagian akademik , saya harap dapat merespon dengan lebih cepat, saya mengerti mungkin memang pesan yang masuk banyak, namun jika responsibility dapat ditingkatkan, kinerja stikom dapat lebih meningkat",AKADEMIK,RENDAH
perluas parkiran dan perbaharui bangku yang rusak,FASILITAS,TINGGI
meningkatkan lagi dalam pemberian informasi,LAINNYA,RENDAH
"Lebih ditingkatkan lagi untuk informasi yang berhubungan tentang kemahasiswaan, termasuk SKKM2",LAINNYA,RENDAH
Dapat ditingkatkan lagi dalam aspek pelayanan dan fasilitas,FASILITAS,RENDAH
Semoga baik lagi,LAINNYA,RENDAH
Perbaiki kualitas fasilitas yang ada,FASILITAS,RENDAH
tetap menjadi terbaik,LAINNYA,RENDAH
Kalau bisa SPPnya di murahkan lagi hehehe,LAINNYA,RENDAH
"Harapan saya untuk meningkatkan kinerja STIKOM Bali adalah dengan memperbarui fasilitas belajar, membangun kerjasama internasional, meningkatkan pelatihan bagi dosen, dan mendorong program kewirausahaan bagi mahasiswa.",FASILITAS,RENDAH
lebih untuk di respon dengan baik,LAINNYA,RENDAH
Lebih mengembangkan fasilitas penunjang di kampus,FASILITAS,RENDAH
"Harapan saya, semoga STIKOM dapat lebih baik dalam merespon dan menjawab kendala ataupun pertanyaan mahasiswa terkait informasi kampus. Terima kasih.",LAINNYA,RENDAH
semoga kedepannya yg kurang bisa lebih baik lagi,LAINNYA,SEDANG
Kinerjanya sudah sangat baik,LAINNYA,RENDAH
supaya lebih baik lagi,LAINNYA,RENDAH
"Harapan saya untuk meningkatkan kinerja STIKOM Bali adalah agar kampus terus berinovasi dalam kurikulum, sehingga selalu selaras dengan perkembangan teknologi terbaru. Selain itu, memperkuat kerjasama dengan industri teknologi dan perusahaan besar dapat membuka lebih banyak kesempatan magang dan kerja bagi mahasiswa. Meningkatkan fasilitas penunjang, seperti laboratorium dan perpustakaan digital, juga akan sangat membantu proses belajar mengajar. Tidak kalah penting, memperbanyak program pertukaran pelajar dan kolaborasi internasional dapat memberikan wawasan global kepada mahasiswa dan dosen, serta meningkatkan reputasi kampus di kancah internasional.",FASILITAS,RENDAH
saya harap dalam pembelajaran dosen dapat banyak interaksi dengan mahasiswa,AKADEMIK,RENDAH
semoga tetap solid dan saling menghormati.,LAINNYA,TINGGI
"Saya harap untuk kedepannya agar lebih ramah, dan lebih sabar dalam menghadapi mahasiswa, terutama pada mahasiswa baru",LAINNYA,RENDAH
semoga stikom semakin jaya,LAINNYA,RENDAH
peningkatan fasilitas yang berstandar internasional di semua bidang di ITB STIKOM Bali,FASILITAS,RENDAH
tambahkan kolam berenang,LAINNYA,RENDAH
semoga kedepannya bisa pakai starling,LAINNYA,RENDAH
tetap pertahankan,LAINNYA,RENDAH
"harapan saya, fasilitas di tingkatkan, dari saya lihat di lift masih kurang bersih, faslitas dari ruangan mungkin bisa di perbarui dan toilet dan wifi tolong di tingkatkan",FASILITAS,SEDANG
"untuk tempat parkir mohon diperluas lagi. dan jika bisa, tolong perluas STIKOM ke lahan yang disebelah ??. biar kantinnya luas juga, terus parkirannya juga luas, ruangannya luas, dll. SEMANGAT STIKOM??",FASILITAS,TINGGI
Harapan saya semoga kedepannya semakin meningkat dan semakin sukses,LAINNYA,RENDAH
kedepannya lebih baik lagi,LAINNYA,RENDAH
STIKOM mengevalusasi kuisioner dan memperbaiki aspek yang masih kurang dari harapan mahasiswa,LAINNYA,TINGGI
Semoga Stikom bali terus berkarya dan berkembang lagi ke depannya,LAINNYA,RENDAH
perhatikan setiap mahasiswa lebih detail dan jangan ada yang ditinggalkan,LAINNYA,RENDAH
"Fasilitas dari segi wifi, kursi, ac di perbaharui",FASILITAS,RENDAH
"Harapannya semoga bisa lebih baik lagi, dan usulannya tolong untuk selalu di cek kabel yang di sediakan di setiap ruangan karena beberapa kali ada kbel HDMI yang ga mau,",FASILITAS,RENDAH
kedepannya lebih bisa lagi mendengarkan keluh kesah mahasiswa nya,LAINNYA,RENDAH
Pengumuman untuk Pasca bisa di lakukan lebih awal dan tidak mendadak karena kadang terbentur dengan kegiatan lain karena kita juga bekerja,KEMAHASISWAAN,RENDAH
SEMOGA LEBIH BAIK LAGI,LAINNYA,RENDAH
semoga lebih cepat dalamm menanggapi respon,LAINNYA,RENDAH
semakin inovatif dan dapat menjadi salah satu kampus teknologi terbaik di indonesia,LAINNYA,RENDAH
agar bisa konsisten dalam service nya kedepan,LAINNYA,RENDAH
adanya penurunan ukt dan kemudahan lainnya,KEUANGAN,RENDAH
Harapan saya semoga stikom Bali bisa lebih berkembang dan bisa bersaing dalam.bidang apapun dgn berbagai kampus lain yang ada di Bali dan seluruh Indonesia,LAINNYA,RENDAH
semoga lebih mudah mendapat informasi terkait pengumuman,LAINNYA,RENDAH
Mengganti proyektor baru,FASILITAS,RENDAH
Semoga kedepan nya bisa menjadi lebih bagus terutama fasilitas kelas semoga 1 kelas berisi 30 ac atau 100 ac kalo bisa,FASILITAS,RENDAH
Perbaiki koneksi wifi di setiap lab dan kelas,JARINGAN_IT,RENDAH
semoga beberapa web seperti e-learning lebih muda dipahami,LAINNYA,RENDAH
Lebih meningkat lagi di tahun berikutnya,LAINNYA,RENDAH
Agar lebih baik,LAINNYA,RENDAH
"Memperluas program pertukaran mahasiswa dan dosen dengan universitas internasional untuk memperkaya pengalaman global dan menjalin kemitraan strategis dengan perusahaan teknologi global dan universitas ternama untuk pengembangan kurikulum, riset, dan magang.",AKADEMIK,TINGGI
"Kantin, dari awal masuk sampai sekarang kantin",LAINNYA,RENDAH
Semoga kedepannya lebih ditingkatkan,LAINNYA,RENDAH
lebih ditingkatkan lagi dalam segala aspek,LAINNYA,RENDAH
harapan saya tingkatkan terus cara mengajarnya sehingga banyak mahasiswa yang berprestasi,AKADEMIK,RENDAH
Saya harapkan peningkatkan kualitas persediaan,LAINNYA,RENDAH
Kinerja dan Penyediaan yang lebih baik terhadap Program Thirdparty seperti Lithan dll,LAINNYA,RENDAH
untuk kedepanya mohon untuk selalu meningkatkan kinerja tersebut,LAINNYA,RENDAH
Lebih memperbanyak peluang-peluang untuk mahasiswa mendapatkan beasiswa dan lebih banyak ikut serta dalam lomba-lomba internasional,KEUANGAN,RENDAH
Harapan yang saya usulkan untuk stikom bali meningkatkan fasilitas parkiran untuk mahasiswa agar kinerja stikom bali lebih baik lagi kedepannya,FASILITAS,RENDAH
Semoga selalu dapat mempertahankan kinerja nya,LAINNYA,RENDAH
"Harapan kedepannya mungkin dibagian pertanyaan dan saran, karena beberapa situasi bertanya di FO kami tidak mendapatkan jawaban spesifik yang bisa membantu, malah diarahkan kesana kemari. Mungkin tim internal perlu briefing ulang sehingga bisa lebih mudah terkoneksi ke bagian yang diperlukan oleh mahasiswa.",JARINGAN_IT,TINGGI
Menambah komputer untuk umum dengan spesifikasi yang memumpuni,LAINNYA,RENDAH
harapan saya untuk kedepannya lbisa ada perubahan baru,LAINNYA,RENDAH
"Semoga lift nya nggk terus""an rusak",FASILITAS,TINGGI
"harapan yang saya usulkan adalahan tingkatkan lagi fasilitas seperti wifi, ruangan kelas dengan colokan charger, kelas yang kadang kurang dingin karena ac rusak",FASILITAS,TINGGI
everything is good,LAINNYA,RENDAH
semoga kedepannya bisa semakin jaya dan semakin maju untuk dunia IT,LAINNYA,RENDAH
prakteknya karna kalo mater tidak seimbang dengan praktek susah itu memahami,AKADEMIK,SEDANG
Semoga bisa lebih ditingkatkan lagi,LAINNYA,RENDAH
Ditingkatkan lagi pelayanannya,LAINNYA,RENDAH
harapannya agar informasi baik terkait perkuliahan maupun seputaran kampus lebih cepat diinfokan lagi,LAINNYA,RENDAH
Kecepatan bagian keuangan dalam membantu dan memberikan jasa pelayanan kepada mahasiswa,KEUANGAN,RENDAH
"update kurikulum, pilih dosen yang meningkatkan gairah untuk belajar",FASILITAS,RENDAH
semoga dosen-dosen dapat mengajar dengan cara melakukan pendekatan yang lebih baik kepada mahasiswa,AKADEMIK,RENDAH
Pemberian informasi yang aktual jika mahasiswa merasa kesulitan menyelesaikan masalah.,LAINNYA,RENDAH
lift nya dibenerin,FASILITAS,RENDAH
Tidak ada sudah mantap,LAINNYA,RENDAH
Harapan saya semoga bisa berkembang lebih bagus lagi,LAINNYA,RENDAH
Diperjelas lebih jelas fungsi sion dan el learning serta teams,LAINNYA,RENDAH
Perluas area parkir,FASILITAS,TINGGI
Meningkatkan fasilitas baik dari parkir dll,FASILITAS,RENDAH
ditingkatkan kedepannya,LAINNYA,RENDAH
Tingkatkan Kualitas terkhususnya dosen pengajar agar kita dapat memahami materi lebih baik,AKADEMIK,RENDAH
kedepannya bisa lebih baik lagi,LAINNYA,RENDAH
semoga semua fasilitas segera dibenahi,FASILITAS,RENDAH
harapannya semoga selalu memperhatikan sarana dan prasarana yang ada di kampus seperti wifi mohon pihak kampus untuk menggratiskan akses ke seluruh wifi kampus karena itu merupakan hak bagi bahasiswa juga,JARINGAN_IT,RENDAH
Harapan saya kedepannya stikom terus berkembang menjadi lebih baik dalam berbagai aspek,LAINNYA,RENDAH
konsisten agar layanan selalu bagus,LAINNYA,RENDAH
Harapan agar tetap memperhatikan fasilitas,FASILITAS,RENDAH
Semoga bisa semakin berkembang dari segala aspek,LAINNYA,RENDAH
semoga fasilitasnya semakin memadai,FASILITAS,RENDAH
"Pemberitahuan bisa langsung didapatkan seluruh mahasiswa dengan lebih simpel lewat gmail atau pemberitahuan di kampus, khususnya uang ukt",KEUANGAN,RENDAH
Memperluas acara ukm,FASILITAS,TINGGI
"Memperluas kemitraan dengan perusahaan teknologi, startup, dan institusi kreatif untuk meningkatkan peluang magang dan karier.",KEUANGAN,TINGGI
mengharapkan semoga dosen dosennya lebih jelas memberikan suatu penjelasan,AKADEMIK,RENDAH
berharap untuk lebih ditambah lagi dalam fasilitas olahraganya,FASILITAS,RENDAH
tolong lab komputer bisa ditingkatkan lebih baik lagi agar bisa digunakan dengan maksimal,LAINNYA,RENDAH
"Saya harap setiap staff, dosen maupun bagian/divisi di stikom dapat meningkatkan komunikasinya lebih baik agar tidak menjadi misskomunikasi yang dapat membuat masalah kedepannya. Dan lagi saya harap setiap kerjasama yang dijalin stikom dengan lembaga lain memiliki komunikasi yang bain dan jelas.",AKADEMIK,RENDAH
Gatau ah biar cepet UP aja,LAINNYA,RENDAH
Meningkatan Materi perkuliahan yang di berikan Oleh Dosen dengan Diskusi Secara praktek agar mahasiswa Lebih Memahami Materi yang di sampaikan lewat praktik Nyata Tersebut.,AKADEMIK,RENDAH
Semoga kinerjanya dapat dipertahankan untuk kedepannya.,LAINNYA,RENDAH
tolong dosen lebih aktif untuk info untuk kelas online,AKADEMIK,RENDAH
Harapan saya kedepannya adalah Kinerja STIKOM BALI tetap dan juga selalu konsisten karena menurut saya sendiri kinerja yang sekarang sudah sangat&quot; baik dalam memberikan apapun informasi yang di butuhkan untuk mahasiswa-mahasiswanya.,LAINNYA,RENDAH
server untuk perwalian tolong di perbaiki,LAINNYA,RENDAH
"Harapan saya pada peningkatan kualitas akademik dalam kerjasama industri untuk meningkatkan kolaborasi dengan perusahaan teknologi, baik lokal maupun internasional, untuk memberikan pengalaman dunia kerja kepada mahasiswa melalui magang, penelitian, atau proyek bersama.",AKADEMIK,RENDAH
semoga lebihh ditingkatkan lagi prasana seperti toilet lebih diperbaiki lebih bagus lagi,FASILITAS,RENDAH
semogaa kedepannya lebih baik terutama sarana prasarana dan pelatihan dosen agar lebih sabar dalam mengajar,AKADEMIK,RENDAH
Semoga kedepannya bisa lebih baik lagi dari sekarang.,LAINNYA,RENDAH
mungkin ada event yang manrik untuk mahasiswa agar semangat untuk ke kampus dan mengurangnya kelas online,LAINNYA,RENDAH
tidak ada karena semuanya baik,LAINNYA,RENDAH
"sudah bagus, pertahankan",LAINNYA,RENDAH
semoga lebih baik lagi dalam meningkatkan kinerja,LAINNYA,RENDAH
Wifi ditingkatkan me semua lantai sehingga mahasiswa bisa menggunakan wifi yg tersedia untuk kegiatan belajar,JARINGAN_IT,RENDAH
"harapan saya untuk ITB Stikom Bali kedepannya adalah semoga ITB Stikom semakin maju, jaya, dan berkembang mengikuti perkembangan zaman kedepannya.",LAINNYA,RENDAH
semoga kedapan semangkin membaik dan jaya,LAINNYA,RENDAH
tambah lagi kelas offlinenya,LAINNYA,RENDAH
tolong kelasnya direnovasi,LAINNYA,RENDAH
saya berharap agar pemberian informasi lebih mudah dicari dan mudah untuk diserap agar tidak ada terlewat atau lain sebagainya,LAINNYA,RENDAH
ada baiknya dosen tidak terlalu sering mengubah jadwal kelas agar tidak berbentur dengan jadwal mahasiswa yang memiliki keperluan lain diluar kuliah seperti bekerja,AKADEMIK,RENDAH
"Harapan saya agar para informan kelas karyawan lebih responsif dikarenakan kami kelas karyawan butuh informasi yang detail dan jelas, tidak hanya sekedar menjawab, banyak dari kami kelas karyawan kebingungan ketika bertanya kepada informan yang sangat slow respon dan dioper ke rekan kerjanya. Mohon agar STIKOM memperhatikan hal tersebut. Terimakasih",LAINNYA,RENDAH
harapan saya untuk STIKOM Bali supaya lebih meningkatkan kinerja daam penyampaian informasi,LAINNYA,RENDAH
Harapan nya semoga bisa kuliah offline,LAINNYA,RENDAH
Metode pembelajaran,LAINNYA,RENDAH
Lebih memberikan materi yang lebih terperinci dan dapat di tanggapi olah siswa,LAINNYA,RENDAH
mendengarkan keluhan para mahasiswa dan memperbaikinya,LAINNYA,RENDAH
"penambahan ruangan kelas, dan pemaksimalan laboratiorium beserta alat-alat terkait. karena lab dan isinya sangat berguna untuk matakuliah seperti IoT, jaringan komputer, dll.",FASILITAS,RENDAH
"Harapan saya untuk stikom kedepannya agar fasilitas toilet lebih diperhatikan lagi, masih banyak pintu toilet yang rusak dan minim nya tisu toilet.",FASILITAS,TINGGI
untuk meningkatkan kinerja krss saat perwalian agar kami tidak kesusahan dalam mengakses krs tersebut,AKADEMIK,SEDANG
semoga kinerjanya makin baik dan terus melakukan pembenahan seperti informasi terhadap mahasiswa yang semakin cepat,LAINNYA,RENDAH
semoga ditingkatkan kinerjanya,LAINNYA,RENDAH
Tidak ada sudah lebih dari cukup itu,LAINNYA,RENDAH
kecepatan akademik dalam menyampaikan informasi,AKADEMIK,RENDAH
Harapan saya semoga kinerja Stikom Bali bisa tetap bagus dan menjadi lebih bagus untuk kedepannya.,LAINNYA,RENDAH
lebih percepat wifi,JARINGAN_IT,RENDAH
Akses internet yang tidak mencangkup beberapa kelas,JARINGAN_IT,RENDAH
memperluas akses terhadap sumber daya digital,LAINNYA,TINGGI
Harapa saya adalaha sangat baik dan kinerja nya bagus semoga bisa menjadi lebih baik semangat stikom,LAINNYA,RENDAH
Sering mengadakan event yang menyatukan segenap warga kampus,LAINNYA,RENDAH
Meningkatkan fasilitas kelas dan sarana pembelajaraan,FASILITAS,RENDAH
meningkaykan kinerja yang belum tercukupi,LAINNYA,RENDAH
saya harap fasilitasnya lebih memadai seperti di lab karna masih ad komputer yang mati saya harap itu di tingkatkan,FASILITAS,TINGGI
Mohon ditingkatkan,LAINNYA,RENDAH
lebih cepat tanggap dan harus lebih ramah,LAINNYA,RENDAH
bisa memilih pelajaran dan materi sesuai dengan yang di inginkan,LAINNYA,RENDAH
Meningkatkan fasilitas kampus,FASILITAS,RENDAH
Semoga kedepannya lebih berkembang lagi,LAINNYA,RENDAH
Lakukan apa yang terbaik yang biasa anda lakukan.,LAINNYA,RENDAH
"Tolong di infokan kepada dosen untuk misalkan ada acara atau halangan segera beritahu kepada mahasiswa karena untuk mahasiswa yang rumahnya jauh kalau sudah sampai kampus tiba tiba dikasih info bahwa kelas online kan kasian mahasiswa dan bensin motor tersebut, dan juga untuk dosen pembimbing tolong jika mahasiswa Nya bertanya dan menggunakan bahasa sopan tolong direspon ???? sekian saja",FASILITAS,RENDAH
fasilitas lebih baik lagi,FASILITAS,RENDAH
masih bisa ditingkatkan lagi,LAINNYA,RENDAH
semoga tahun depan ITB STIKOM berubah menjadi UNIVERSITAS,LAINNYA,RENDAH
Bisa lebih maju dan menciptakan mahasiswa yang berprestasi,LAINNYA,RENDAH
Mungkin untuk bagian fasilitas wifi dapat di berikan akses kepada mahasiswa yang mungkin lupa membawa handphone,FASILITAS,RENDAH
"semoga lebih improve dalam segala kegiatan, baik dari segi akademin maupun non akademik supaya lebih memajukan kampus tercinta ini",AKADEMIK,RENDAH
Tetap di pertahankan,LAINNYA,RENDAH
"Semoga keluh kesah siswa/i lebih didengarkan dan diperhatikan, dan evaluasi dosen2 yang jarang mengajar. Bahkan sampai sekarang ada matkul yang belum memberikan UTS dan dosen ditanyai cuma read saja tidak memberi balasan",AKADEMIK,TINGGI
"Harapan saya sih ada CCTV di tempat parkir, karena di angkatan 2024 ada terjadi kemalingan helm",FASILITAS,KRITIS
Harapan saya kedepannya semoga bisa lebih baik lagi,LAINNYA,RENDAH
semoga kedepannya Stikom bali memberikan fasilitas dan sarana yang lengkap,FASILITAS,RENDAH
bangku harus di ganti sudah banyak yang rusak,LAINNYA,TINGGI
menjadi lebihh baik,LAINNYA,RENDAH
"Tingkatkan terus kinerja nya, tapi saya merasa Stikom sudah melakukan yang terbaik.",LAINNYA,RENDAH
Ada kelas online terus,LAINNYA,RENDAH
Harapannya agar sarana dan prasarana serta fasilitas dapat ditingkatkan lagi,FASILITAS,RENDAH
Harapan semoga stikom bisa meluluskan banyak mahasiswa sesuai target di stikom,LAINNYA,RENDAH
?mengembangkan fasilitas,FASILITAS,RENDAH
Semoga kedepannya fasilitas yang di sediakan lebih banyak dan memadai untuk di pakai. Dan juga diharapkan pembuatan lahan parkir yang lebih luas,FASILITAS,TINGGI
Semoga kedepannya stikom makin berkembang lagi,LAINNYA,RENDAH
ada banyak event tanpa biaya mahal,KEUANGAN,RENDAH
Harapannya lebih baik lagi kinerja kedepannya,LAINNYA,RENDAH
"tolong perluas kampus renon, sangat sempit",LAINNYA,TINGGI
tetap lebih baik dalam mengurusi mahasiswa itb stikom,LAINNYA,RENDAH
perbanyak dosen pengajar,AKADEMIK,RENDAH
Harapan nya semoga keluhan dibawah (mahasiswa &. Organisasi kampus) bisa didengar,LAINNYA,RENDAH
Terus meningkatkan fasilitas belajar mengajar online.,FASILITAS,RENDAH
memberikan fasilitas wifi gratis,FASILITAS,RENDAH
semoga stikon dapat lebih baik lagi,LAINNYA,RENDAH
Ada beberapa departemen yang tidak tersedia pada jam tertentu dan juga kurang informasi kapan departemen tersebut beroperasi,LAINNYA,SEDANG
"Untuk harapan yang dapat saya usulkan mungkin peningkatan fasilitas seperti wifi dalam lab yang perlu di perhatikan, karena menurut saya tidak lancar sama sekali dan menghambat proses belajar mengajar. Mungkin sekian saja harapan saya kedepannya, maaf jika ada salah kata. Terimakasih",FASILITAS,RENDAH
harapan nya semoga dalam pembayaran persemester untuk pemilihan kelasnya harap sesuai dengan kelas yang dipilih mahasiswa agar tidak melenceng dari kelas yang telah dipilih,KEUANGAN,RENDAH
"Tapi terutama bagi kami yang Dual Degree dengan UTB prosesnya lama sekali untuk mendapatkan kejelasan2 program yang sejak semester 1 sudah banyak bermasalah dan ketidaksesuaian program dan efisiensi pembelajaran, hingga saat ini status kami akan KP dan TA dan kejelasan kami ke Bandung itu bagaimana? Mohon kejelasannya ya. Mohon sekali. Terima Kasih.",AKADEMIK,RENDAH
"Mungkin bisa memperluas parkir, sukses terus stikom????",FASILITAS,TINGGI
Mengganti beberapa kursi yang sudah tidak layak pakai,FASILITAS,RENDAH
"Cekap tanggap terhadap teknologi baru dan memberikan pembelajaran di teknologi tersebut. Salah satunya AI, BLOCKCHAIN dll.",LAINNYA,RENDAH
wifi lebih di perhatikan,JARINGAN_IT,RENDAH
lebih meningkatkan lagi pelayanan pihak akademik maupun dosen kepada mahasiswa dalam hal merespon setiap pertanyaan lebih baik lagi.,AKADEMIK,RENDAH
"Review kembali amsukan-masukan dari para mahasiswa kelas karyawna emngenai materi kuliah, metode kulisj, kemudahan administrasi dll",LAINNYA,RENDAH
lebih baik lagi kedepannya,LAINNYA,RENDAH
"cuman bagian sesi pembagian kode kelas di e learning, pembimbing tidak memberitahu di e learning terlebih dahulu. sehingga tidak sadar bahwa sudah di undang kelas oleh pembimbing. dan berakhir absen saya kosong selama 4 pertemuan. tolong di diskusikan lagi untuk pembagian kode kelas",AKADEMIK,RENDAH
Harapan saya mungkin diperbagus lebih sedikit untuk penempatan tools2nya,LAINNYA,RENDAH
Pengumuman pembayaran lebih awal lagi sebelum jadqal yang di tentukan,KEUANGAN,RENDAH
semakin ditingkatkan lagi untuk kecepatan layanannya,LAINNYA,RENDAH
memperluas koneksi wifi,JARINGAN_IT,TINGGI
Dimohon agar menjadi lebih baik dan semakin baik di setiap tahunnya.,LAINNYA,RENDAH
terus di tingkatkan dan kosisten,LAINNYA,RENDAH
berharap ukt turun,KEUANGAN,RENDAH
tingkatkan jadi lebih baik,LAINNYA,RENDAH
Tolong dingingkan AC diruangan agar mahasiswa nyaman,FASILITAS,RENDAH
Harapan saya kedepannya untuk lebih lagi ditingkatkan fasilitas kampus dan parkir.,FASILITAS,RENDAH
dspat menerima dan melayani pendapat mahasiswa/i,LAINNYA,RENDAH
mungkin proyektor dan informasi cara akses elibrary nya,FASILITAS,RENDAH
Harapan dari saya semoga stikom semakin berkembang setelah kuisioner fasilitas ini dan usulan dari saya mungkin untuk kantin bisa sedikit diperluas.,FASILITAS,TINGGI
semoga kedepannya bisa menjadi lebih baik lagi,LAINNYA,RENDAH
saat ini tidak ada,LAINNYA,RENDAH
tidak ada karna semua sudah dilakukan dengan baik,LAINNYA,RENDAH
semoga di pertahankan bila perlu di tingkatkan,LAINNYA,RENDAH
Harapan saya agar Stikom dapat memperjelas informasi tentang beasiswa,KEMAHASISWAAN,RENDAH
"Harapan saya semoga STIKOM Bali makin terus berkembang dari segi fasilitas maupun pelayanan, yang sekarang sudah sangat baik, dan harapan saya semoga tetap konsisten dan jaya terus untuk ITB STIKOM BALI",FASILITAS,RENDAH
Yang dapat saya usulkan yaitu menyediakan sarana dan prasarana kantin yang layak agar mahasiswa bisa nongkrong di kampus sehingga kampus tidak terlihat sepi,LAINNYA,RENDAH
semoga lebih baik aja untuk kedepannya,LAINNYA,RENDAH
"Semoga ditingkatkan dalam pemberian informasi dari akademik dan kaprodi semoga tidak dadakan dadakan lagi salah satunya memberikan penyuluhan kp, dan juga saat mengumumkan program yang masih belum jelas ketentuan nya agar lebih cepat ditangani",AKADEMIK,RENDAH
saya harap stikom bali tetap konsisten dengan kinerja terbaiknya,LAINNYA,RENDAH
Semoga lebih baik,LAINNYA,RENDAH
Semoga lebih baik ke depanya,LAINNYA,RENDAH
digitalisasi administrasi di STIKOM,LAINNYA,RENDAH
MENINGKATKAN PELAYANAN LEBIH BAIK LAGI,LAINNYA,RENDAH
Memberikan beasiswa bagi mahasiswa yang pintar dan rajin atau memberikan beasiswa bagi mahasiswa dari luar daerah yang sedang berkuliah di Stikom,KEMAHASISWAAN,RENDAH
Agar lebih diperhatikan lagi fasilitas kantin,FASILITAS,RENDAH
fasilitas supaya mahasiswa bisa belajar dengan nyaman di kampus,FASILITAS,RENDAH
semoga STIKOM Bali lebih jaya dan dikenal lebih luas,LAINNYA,TINGGI
Harapan saya agar pelaksanaan KRS dapat lebih baik,AKADEMIK,RENDAH
Peningkatan Kualitas Pendidikan,LAINNYA,RENDAH
di bangun kls lagi untuk keberlansungan perkuliahan secara tatap maya,LAINNYA,RENDAH
"harapan saya semoga bisa ditingkatkan lebih baik lagi untuk kedepannya ,semangat untuk para seluruh staff yang ada di itb stikom bali",LAINNYA,RENDAH
Meningkatkan fasilitas kelas yg mumpuni,FASILITAS,RENDAH
semoga stikom dapat meningkatkan kinerja sehingga mampu menghasilakan sarjana yang memiliki pengetahuan serta moral yang baik,LAINNYA,RENDAH
sudah cukup bagus,LAINNYA,RENDAH
"Akan lebih baik apabila pihak-pihak seperti akademik, kemahasiswaan, keuangan dll lebih responsif dan informatif",AKADEMIK,TINGGI
Tolong ditingkatkan lagi segi fasilitasnya,FASILITAS,RENDAH
untuk saat ini belum ada kendala apa apa,LAINNYA,RENDAH
"semoga kedepan tetap seperti ini, dan jika bisa akan terus membuka peluang yang baik di segala bidang untuk generasi penerus bangsa.",KEUANGAN,RENDAH
"1. Dibeberapa rungan kelas gangan pintu masuknya dah ke copot/rusak 2. Jam kelas di dalam kelas sepertinya perlu untuk di perbaiki/perhatikan 3. Kanting bawahnya (basement) boleh di perbaiki lagi, klo bisa.",FASILITAS,TINGGI
Semoga jeda pembayaran SPP lebih diperpanjang,KEUANGAN,RENDAH
"pelayanan nya cukup baik namun mohon ditingkatkan lagi untuk keramahan nya, terimakasii",LAINNYA,RENDAH
"harapan saya adalah jangan pernah masukan mata kuliah jam malam di kelas reguler untuk semester depan. saya agak keberatan ada satu mata kuliah di kelas reguler yang jadwal aslinya siang, tapi di ubah menjadi malam. sedangkan saya bekerja setiap hari dari jam 6.30 malam sampai 12 malam. sehingga itu mengganggu pembelajaran dan absensi saya karena jadwal berbenturan dengan jadwal kerja saya.",AKADEMIK,TINGGI
Lebih banyak fasilitas,FASILITAS,RENDAH
Semoga kelas nya lebih flexsible,LAINNYA,RENDAH
"Memperbaiki alat"" yang rusak seperti kamar mandi, ac yang bocor di beberapa ruangan",FASILITAS,TINGGI
memberikan informasi terkait tentang kampus,LAINNYA,RENDAH
dosen hanya mengajar sebentar,AKADEMIK,RENDAH
"Memperluas kesempatan bagi mahasiswa untuk mengikuti program pertukaran pelajar, atau kuliah di luar negeri dalam jaringan universitas internasional yang memiliki kemitraan dengan STIKOM Bali.",JARINGAN_IT,TINGGI
Teruslah memberi yang terbaik,LAINNYA,RENDAH
wifi di stikom akan lebih baik dan aksesnya lebioh mudah,JARINGAN_IT,RENDAH
Lebih bagus lagi,LAINNYA,RENDAH
sediakan tisu di toilet,FASILITAS,RENDAH
"Fasilitas seperti kantin perlu ditingkatkan, dan laboratorium juga.",FASILITAS,RENDAH
Sudah bagus untuk saat ini,LAINNYA,RENDAH
"Pokoknya yang kurang ""semakin di perbaiki",LAINNYA,SEDANG
Semoga fasilitas stikom lebih terawat supaya tidak kalah dengan kampus lain dan lebih banyak kegiatan yang menguntungkan (fee) dan dosen harus lebih relevansi dengan rps,FASILITAS,RENDAH
semoga ada fitur untuk melakukan ijin atau dispen,LAINNYA,RENDAH
saya berharap yang terbaik,LAINNYA,RENDAH
untuk harapan tentang pemberian informasinya lebih ditingkatkan,LAINNYA,RENDAH
harapan saya dapat mempelajari terkait dunia cyber lebih dalam,LAINNYA,RENDAH
Tetap jaga kinerja yang sudah baik.,LAINNYA,RENDAH
"pemeriksaan kondisi AC disetiap kelas, pemeriksaan kondisi kursi di setiap kelas, pemeriksaan proyektor di setiap kelas",FASILITAS,RENDAH
Fasilitas harap di tingkatkan kembali,FASILITAS,RENDAH
tolong perbaiki server untuk perwaliannya agar tidak banyak mahasiswa tidak bisa perwalian gara&#039; sever lama loading,LAINNYA,RENDAH
tidak meminjamkan kelas untuk hal selain perkuliahan lagi,LAINNYA,RENDAH
lebih ditingkatkan kualitas,LAINNYA,RENDAH
Perbaikan fasilitas kampus yang kurang memadai,FASILITAS,SEDANG
semakin memberikan layanan yang terbaik,LAINNYA,RENDAH
kinerja bisa ditingkatkan lagi,LAINNYA,RENDAH
Mungkin harapan saya kampus punya halaman,LAINNYA,RENDAH
"saya berharap stikom bisa memberikan informasi lebih tepat dan akurat, tidak mendadak",LAINNYA,RENDAH
Meningkatkan penyaluran informasi tentang perkuliahaan,LAINNYA,RENDAH
"Harapan saya , agar kantinnya dibikin lebih luas",LAINNYA,TINGGI
Saya berharap agar STIKOM Bali lebih meningkatkan kinerja setiap tahunnya,LAINNYA,RENDAH
STIKOM Bali dapat memperluas kerja sama dengan universitas atau perusahaan teknologi global.,LAINNYA,TINGGI
"Harapanyang dapat diusulkan untuk meningkatkan kinerja STIKOM Bali Mendukung mahasiswa untuk mengikuti lomba di tingkat regional, nasional, atau internasional di bidang teknologi informasi.",KEMAHASISWAAN,RENDAH
Kelas Offline lebih ditingkatkan,LAINNYA,RENDAH
kinerja yang dapat ditingkatkan mungkin dari segi fasilitas karena ada beberapa komputer yang tidak bisa hidup,FASILITAS,RENDAH
Semoga kedepannya makin banyak inovasi terbaru terutama di bidang IT,LAINNYA,RENDAH
tenaga pengajar yang perlu lebih di asah agar lebih kompeten dan handal,LAINNYA,RENDAH
Semoga bisa menjadi yang lebih baik lagi.,LAINNYA,RENDAH
"Pemberian informasi bisa lebih ditingkatkan lagi, agar tidak ada kebingungan",LAINNYA,RENDAH
Semoga semakin baik dan jaya always the first,LAINNYA,RENDAH
"Dialog dua sisi kemarin gak efektif pak, cobak pikir nae engken nagih maju dialog dua sisi cuman hima ne gen ane ngomong, cobak bayangkan gen malu keluh kesah nyata mahasiswa ane orin ne teke ke aula uli kelas sing ade ne pesu munyi ne cuman hima ne gen ne memunyi",FASILITAS,RENDAH
Mempermudah proses bimbingan bagi mahasiswa akhir seperti kehadiran pembimbing dalam melakukan jadwal bimbingan,AKADEMIK,RENDAH
selalu menjadi yang terbaik,LAINNYA,RENDAH
semoga kedepannya semakin lebih baik lagi,LAINNYA,RENDAH
Semoga kedepan AC/Fasilitas yang kurang bisa diperbaiki,FASILITAS,SEDANG
Lebih fast respon,LAINNYA,RENDAH
"Tidak ada, sudah cukup baik",LAINNYA,RENDAH
Semoga semakin improve dan menjadi lebih baik dari sebelumnya,LAINNYA,RENDAH
semoga cepat menjadi univesitas,LAINNYA,RENDAH
Terus mempertahankan kinerja yang baik ini,LAINNYA,RENDAH
"Parkiran Mobil itb stikom bali jimbaran, mahasiswa hanya bisa parkir didepan lobby yaitu diatas, dan sangat panas parkir disana, mahasiswa tidak bisa parkir mobil dibasement",FASILITAS,SEDANG
Harapan saya saya harap kedepannya memiliki fasilitas yang sangat baik dalam kampus ini,FASILITAS,RENDAH
meningkatkan server agar akses cepat,LAINNYA,RENDAH
"harapan yang saya usulkan dari fasilitas nya, seperti kursi banyak yang rusak, ac kadang tidak nyala sehingga di kelas terasa panas.",FASILITAS,TINGGI
semoga stikom tetap jaya,LAINNYA,RENDAH
lebih deperdulikan lagi jangan di cuek kan,LAINNYA,RENDAH
Kualitas Mata Kuliah,LAINNYA,RENDAH
"Selalu upgrade ilmu, Selalu aktif dan kreatif",LAINNYA,RENDAH
harapannya untuk kedepan untuk fasilitas barang yang rusak segara di ganti dan untuk ukt saya mengharapkan ada penurunan,FASILITAS,TINGGI
Semoga semakin berkembang dan jadi yang terdepan,LAINNYA,RENDAH
"TIDAK ADA, SUDAH BAGUS",LAINNYA,RENDAH
wifi untuk mahasiswa terutama di area kantin dan perpustakaan yg memang terbuka untuk umum,JARINGAN_IT,RENDAH
pertahankan dan tingkatkan lagii,LAINNYA,RENDAH
bisa lebi baik dalam berbagai aspek,LAINNYA,RENDAH
Mungkin Apa yang bisa ditingkatkan,LAINNYA,RENDAH
memberikan anggaran dan pelatihan tambahan bagi organisasi mahasiswa agar bisa lebih produktif dalam mengikuti kegiatan kreatif dan inofatif.,KEUANGAN,RENDAH
semoga lbih baik lagi,LAINNYA,RENDAH
"Tidak ada ,suda bagus",LAINNYA,RENDAH
Harapan saya untuk stikom semoga interior gedung nya dibuat menjadi lebih bagus dan tertata rapi,FASILITAS,RENDAH
semoga stikom semakin maju,LAINNYA,RENDAH
Toilet dan lift harap cepat diperbaiki,FASILITAS,RENDAH
Semoga lebih baik lagi dalam peningkatan infrastuktur.,KEUANGAN,RENDAH
Tolong diperluas lagi gedung stikomnya supaya kuliahnya offline,FASILITAS,TINGGI
"Semoga bangku di kelas yang lumayan banyak yang rusak segera d perbaiki , wifi mungkin bisa d tambah karna masi terasa banget lemotnya",JARINGAN_IT,TINGGI
Harapan saya agar lebih bisa memperbanyak kelas offline,LAINNYA,RENDAH
Lebih bagus lagi fasilitasnya,FASILITAS,RENDAH
Semoga kedepannya agar bisa lebih baik lagi,LAINNYA,RENDAH
Ruangan UKM yg terlihat dari kantin lebih diberi penerangan dan kebersihan dijaga,FASILITAS,RENDAH
Harapan saya. Semoga saya dipermudah dalam segala urusan di kampus ini??.,LAINNYA,RENDAH
"Harapan saya adalah mampu untuk memberikan fasilitas yang sesuai dengan kebutuhan belajar mengajar, seperti komputer yang seharusnya digunakan saat ada matakuliah yang wajib menggunakan komputer, karena kalau ujungnya mahasiswa tetap menggunakan laptop, kenapa ada lab kalau masih banyak mahasiswa yang harus memiliki laptop dengan spesifikasi tinggi dan harga yang tentunya tidak murah",FASILITAS,RENDAH
supaya ditingkatkan lagi kinerja stikom baik kepada mahasiswa maupun dosen,AKADEMIK,RENDAH
tidak ada sudah sangat baik,LAINNYA,RENDAH
"Harapannya agar mereka terus berinovasi dalam kurikulum, memperluas kerjasama dengan industri, dan memberikan pelatihan dan pembelajaran yang lebih interaktif dan praktis. Hal ini akan membantu lulusan mereka menjadi lebih siap dan relevan dengan tuntutan dunia kerja.",LAINNYA,TINGGI
harapan saya semoga kedepannya stikom bali bisa mengatasi genangan air yang ada di basement,FASILITAS,RENDAH
Meningkatkan kualitas pendidikan dan Meningkatkan kualitas lulusan,LAINNYA,TINGGI
kelas offline semua wkwk,LAINNYA,RENDAH
Harapan saya semoga kedapannya lebih baik lagi dan semakin berkembang kinerja kerjanya,LAINNYA,RENDAH
lebih ditingkatkan lagi prasarana seperti lift.,FASILITAS,RENDAH
Semoga bisa di tingkatkan kedepannya,LAINNYA,RENDAH
lebih ditingkatkan lagi fasilitasnya,FASILITAS,RENDAH
Stikom Bali dapat menambah ruangan belajar sehingga semua mahasiswa dapat belajar dengan secara offline,FASILITAS,RENDAH
harapan saua semoga kedepnnya lebih ditingkatkan lagi,LAINNYA,RENDAH
meluaskan gedung dan parkir,FASILITAS,TINGGI
"untuk form kuesioner fasilitas kalau bisa area klik untuk angkanya diperluas tidak hanya terbatas pada pointer angka saja, karena membuat proses polling menjadi lambat",FASILITAS,TINGGI
harapan saya semoga setikom semakin maju,LAINNYA,RENDAH
Semoga dosen dosen sering cek kehadiran para siswa agar tidak ada yg hadir tapi ditulis tidak hadir,AKADEMIK,RENDAH
"Harapan saya STIKOM Bali terus meningkatkan kenyamanan mahasiswa dalam perkuliahan.Seperti membuat Student hall/Mess Hall dimana mahasiswa bisa berdiskusi,mempromosikan event-event,dan mengembangkat bakat.Menurut saya ini adalah satu langkah yang bisa membuat STIKOM lebih nyaman sebagai sebuah Institusi",LAINNYA,RENDAH
tolong bedakan kelas karyawan dan kelas reguler jangan dijadikan 1,LAINNYA,RENDAH
Harapan saya semoga kedepannya semakin lebih baik lagi,LAINNYA,RENDAH
Jangan sampai air toilet macet,FASILITAS,TINGGI
"Lebih transparansi sama mahasiswa jgn seperti ada yg ditutup tutupi yang pada akhirnya menimbulkan prasangka buruk mahasiswa, minta tolong juga kampusnya di renovasi terutama area lobby kalo bisa diperbagus lagi karena lobby merupakan wajah dari kampus. Selain itu tolong untuk toilet direnov dan rombak total lantai 1-4 apalagi yg cowo sumpah ga layak banget",FASILITAS,RENDAH
Fasilitas yang lebih baik bagi mahasiswa,FASILITAS,RENDAH
Berharap untuk Bapak/Ibu Dosen berkomitmen dalam mengajar mahasiswa didasari motivasi agar para mahasiswa dapat benar benar memahami materi yang ada dengan cara yang menarik bukan dengan cara instan yang menyudutkan mahasiswa,AKADEMIK,RENDAH
"Harapan saya untuk meningkatkan kinerja kampus mungkin bisa dengan meningkatkan fasilitas"" kampus agar lebih memadai.",FASILITAS,RENDAH
"semoga bisa lebih baik lagi dalam pemberian informasi terkait wisuda, Tugas akhir dan Kerja Praktek",AKADEMIK,RENDAH
Semoga semakin IT dan efisien lagi kinerjanya,LAINNYA,RENDAH
semoga fasilitas yang lama diganti dengan yang baru,FASILITAS,RENDAH
semoga pelayanan dan fasilitas ditambah,FASILITAS,RENDAH
semoga semakin baikk,LAINNYA,RENDAH
semoga kedepanya lebih baik lagi dari sekarang,LAINNYA,RENDAH
semoga makin bagus kedepannya,LAINNYA,RENDAH
ditingkatkan lagi kineja kerjanya,LAINNYA,RENDAH
"Memperluas jaringan kerjasama dengan perusahaan untuk menyediakan lebih banyak peluang magang dan kerja bagi mahasiswa, sehingga akan membantu mahasiswa untuk mendapatkan pengalaman praktis yang berharga.",JARINGAN_IT,TINGGI
Sudah cukup baik.,LAINNYA,RENDAH
Tidak adanya denda bayar ukt. Lumayan dendanya 10 persen trims,KEUANGAN,RENDAH
Harapan saya semoga semakin berkembang dan semakin baik,LAINNYA,RENDAH
fasilitas di tambah,FASILITAS,RENDAH
Tingkatkan manajemen parkir dan sarana toilet. Bangku perlu direstorasi,FASILITAS,RENDAH
Perluasan Kerjasama Internasional,LAINNYA,TINGGI
"Harapan saya untuk STIKOM ke depannya adalah agar dapat meningkatkan pelayanan terhadap mahasiswa, terutama bagi mahasiswa kelas karyawan. Saya berharap informasi mengenai sistem perkuliahan yang akan diikuti dapat disampaikan dengan lebih jelas dan mendetail. Secara pribadi, saya merasa sempat mengalami kesulitan karena informasi yang diberikan saat pendaftaran kurang lengkap. Semoga masukan ini dapat menjadi bahan pertimbangan untuk perbaikan ke depan. Terima kasih.",LAINNYA,SEDANG
Lebih maju lagi kampus ini agar bisa bersaing dengan kampus di luar baliatau naik peringkat,LAINNYA,RENDAH
mampu meningkatkan kualitas baik itu kualitas SDM maupun fasilitas yang ada,FASILITAS,RENDAH
dengan mengajar dengan santai dan mudah dipahami,AKADEMIK,RENDAH
Tingkatkan semua agar menjadi lebih baik,LAINNYA,RENDAH
"meningkatkan fasilitas lab, kelas, kantin dan lainnya",FASILITAS,RENDAH
"harapan saya untuk meningkatkan kualitas kampus ini adalah, pelayanan dan infrastrutur diubah agar mahsiswa merasa betah sampai bermalam malam di kampus",LAINNYA,RENDAH
Lebih baik lagi ke depan nya,LAINNYA,RENDAH
harapan saya agar dapat mempertahankan kinerja yang baik,LAINNYA,RENDAH
"Menurut saya, kita harus fokus pada pengembangan kompetensi mahasiswa melalui kurikulum yang relevan dengan kebutuhan industri, serta menyediakan fasilitas dan teknologi terkini yang mendukung proses belajar mengajar.",FASILITAS,RENDAH
Harapan saya semoga kedepannya bisa menerima mahasiswa baru lebih banyak dari angkatan sebelum sebelumnya,LAINNYA,RENDAH
Semoga STIKOM Bali tetap sukses!,LAINNYA,RENDAH
Kinerja di stikom sudah sangat meningkat semoga nantinya lebih baik lagi.,LAINNYA,RENDAH
"Diharapkan kampus dapat menyelenggarakan pelatihan rutin untuk meningkatkan keterampilan dosen dalam menyusun dan menyampaikan materi dengan jelas dan menarik. Karena ada beberapa dosen yang kurang dalam menyampaikan materi, sehingga materi sulit dipahami.",AKADEMIK,SEDANG
smog lebih back lag kedepannya,FASILITAS,RENDAH
"Saya belum menemukan kesulitan dalam pelayanan atau fasilitas di SIKOM Bali, karena saya masih Mahasiswa Baru",FASILITAS,RENDAH
"saya harap komunikasi antar warga ITB STIKOM Bali jadi lebih baik, dan tentunya satu persepsi",LAINNYA,RENDAH
harapan nya agar kampus stikom lebih berkembang lagi dan memperluas jangkauan kampus dari segi bangunan dan kelas,FASILITAS,TINGGI
Saya tidak tahu mau berharap apa lagi karena untuk sekarang stikom bali sudah jauh melebihi harapan saya,LAINNYA,RENDAH
"Saya berharap kampus ini terus berkembang menjadi lembaga pendidikan yang unggul dan mampu mencetak generasi muda yang kompeten, kreatif, dan berintegritas tinggi.",LAINNYA,RENDAH
semoga semakin ramah kedepannya,LAINNYA,RENDAH
tidak ada bagi saya sudah cukup baik.,LAINNYA,RENDAH
supaya meningkat fasilitas seperti proyektor agar tidak berwana hijau,FASILITAS,RENDAH
Memperluas parkiran,FASILITAS,TINGGI
Tidak ada usulan,LAINNYA,RENDAH
"harapan saya adalah , stikom bali lebih meningkatkan lagi fasilitas belajar dan mengajar agar semua warga kampus merasa nyaman dan aman:)",FASILITAS,RENDAH
harapan saya kepada itb stikom bali semoga kedepannya lebih bagus lagi,LAINNYA,RENDAH
tingkatkan terus,LAINNYA,RENDAH
"SEMOGA PERPUSTAKAANNYA DAN LOUNGE MAHASISWA MENGERJAKAN TUGAS MAKIN BESAR, LUAS DAN NYAMAN. SELAIN ITU SEDIAKAN FASILITAS MAHASISWA MENGERJAKAN TUGAS SELAIN DI PERPU DAN KANTIN. BUATLAH LOUNGE KHUSUS LAGI. SEMOGA FASILITAS STIKOM BALI BISA SEMAKIN ISTIMEWAH DAN MENARIK. JADI MAHASISWA BETAH KE KAMPUS. TERIMA KASIH.",FASILITAS,TINGGI
Meningkatkan kualitas sarana dan prasarana yang lain,LAINNYA,RENDAH
Tolong fasilitas di kelas maupun lab ITB STIKOM Bali Jimbaran di cek secara berkala agar proses pembelajaran tidak terganggu,FASILITAS,TINGGI
Kelayakan fasilitas sarana dan prasarana,FASILITAS,RENDAH
Peningkatan sarana dan prasarana dan tempat parkir kendaraan.,FASILITAS,RENDAH
Semoga lebih banyak fasilitas yang baik,FASILITAS,RENDAH
Kelas Online di perbanyak,LAINNYA,RENDAH
Tetap konsisten,LAINNYA,RENDAH
menyediakan layanan kesejahtaraan mahasiswa dan dukungan psikologis untuk membantu mahasiswa mengelola tekanan akademik dan kehidupan sehari-hari,AKADEMIK,RENDAH
"Untuk parkir perlu di perluas lagi, karena saya tidak mau kendaraan saya terkena hujan, karena baru saja di cuci.",FASILITAS,TINGGI
mempercepat akses login pada website sion,LAINNYA,RENDAH
Semoga kedepannya pelayanan nya di tingkat lagi,LAINNYA,RENDAH
Dipertahankan kualitas yang ada,LAINNYA,RENDAH
semoga stikom bisa memberikan pelayanan terbaik untuk hal kirim surat menyuray agar tidak simpang siut informasi dsri satu staff di kampus dengan staff lainnya,LAINNYA,RENDAH
Mungkin untuk kedepannya semoga lebih baik lagi dan dan tetap yaitu always the first,LAINNYA,RENDAH
Semoga menjadi lebih baik,LAINNYA,RENDAH
Trus untuk melakukan kebaikan jika melakukan dengan hati niscaya maka kita di bukankan pintu berkah,LAINNYA,RENDAH
semoga cepet memperbaiki kualitas pelayanan deh. kurang2in lempar2 mahasiswa kesana kemari. kurang2in ghosting dan nggk bales chat.,LAINNYA,SEDANG
"Bisa bekerja sama dengan kampus-kampus lainnya. Selain itu, harapan saya untuk fasilitas dan kelayakan kantin STIKOM bisa lebih baik",FASILITAS,RENDAH
saya harap agar tetap di jaga kinerja bagus yang sudah ada,LAINNYA,RENDAH
"Harapan saya untuk stikom kedepannya agar fasilitas toilet lebih diperhatikan lagi, masih banyak pintu toilet yang rusak dan minim nya tisu toilet. Serta, pada saat perwalian website Krs sering kali mengalami error.",FASILITAS,TINGGI
Semoga kedepan lebih baik lagi dari tahun sebelumnya,LAINNYA,RENDAH
lebih selektif memilih dosen pembimbing,AKADEMIK,RENDAH
semoga semakin meningkat lagi,LAINNYA,RENDAH
Memperkuat sistem tata kelola yang transparan dan akuntabel,LAINNYA,RENDAH
Lebih fast respon dalam keluhan mahasiswa,LAINNYA,RENDAH
"Meningkatkan peran serta dan partisipasi mahasiswa, Meningkatkan kepuasan mahasiswa melalui peningkatan mutu kegiatan akademik",AKADEMIK,TINGGI
Kemudahan akses website,LAINNYA,RENDAH
Semakin membaik,LAINNYA,RENDAH
"tidak ada, sudah baik",LAINNYA,RENDAH
semoga kedepannya dapat lebih baik lagi dan saling bahu membahu untuk mewujudkan kinerja yang lebih baik,LAINNYA,RENDAH
Untuk saat ini sudah sangat baik.,LAINNYA,RENDAH
Menambah potongan spp kelas unggulan di semester depan,LAINNYA,RENDAH
lebih ditingkatkan lagi kinerja yang sudah bagus,LAINNYA,RENDAH
Harapan saya agar kedepan lebih baik lagi,LAINNYA,RENDAH
"Semoga fasilitas yang menunjang pembelajaran bisa ditingkatkan karena sekarang masih ada beberapa computer di lab yang lag, koneksi internet yg cukup lambat dan kualitas proyektor yg belum ditingkatkan",FASILITAS,SEDANG
"Semua sudah baik, semoga semua dapat ditingkatkan lag",LAINNYA,RENDAH
pertahankan yg sdh terbaik dan perbaiki lg yg kurang,LAINNYA,SEDANG
semoga bisa meningkatkan kejelasan dalam memberikan informasi dan tidak membuat mahasiswa bingung,LAINNYA,RENDAH
Harapan saya harapkan semoga untuk kegiatan belajar mengajarnya lebih ditingkatkan lagi dan untuk dosen jangan kecepatan ngomongnya,AKADEMIK,RENDAH
"Tidak ada, sudah cukup bagus",LAINNYA,RENDAH
Kembangkan fitur kaitan akun agar lebih mudah dapat info pembayaran ukt dan penjelasan mengenai mata kuliah pilihan,KEUANGAN,RENDAH
Selalu meningkatkan kinerja,LAINNYA,RENDAH
Harapan saya agar mahasiswa bisa kuliah secara offline untuk menikmati fasilitas tersebut,FASILITAS,TINGGI
semoga kedepannya stikom bali bisa meningkatkan fasilitas-fasilitas yang ada,FASILITAS,RENDAH
Sampai saat ini belum ada,LAINNYA,RENDAH
TIDAK BISA BERHARAP,LAINNYA,RENDAH
Saran : Saat sebuah kelas dijatuhkan mohon memberikan peringatan yang gede di sion,LAINNYA,RENDAH
"Biaya kuliah malah sesuai dengan kualitas dosen dan prasarananya...wifi ja susah , perpus kecil kelas kecil dan dosen suka jarang ngajar",JARINGAN_IT,SEDANG
Tingkatkan kebersihan,LAINNYA,RENDAH
Semoga dosen bisa lebih dekat dengan mahasiswa saat pembelajaran agar mahasiswa bisa lebih nyaman belajar (tidak tegang),AKADEMIK,RENDAH
Tidak ada teruslah lakukan seperti biasanya,LAINNYA,RENDAH
sarana dan prsarana lebih ditingkatkan,LAINNYA,RENDAH
semoga diperpustkaan ada fasilitas wifi nya,FASILITAS,RENDAH
agar fasilitas lab lebih baik,FASILITAS,RENDAH
harapan saya untuk stikom bali adalah untuk meningkatkan cara mengajar yang intens,AKADEMIK,RENDAH
Harapan saya kedepanya semoga tugas yang diberikan dosen tidak susah susah,AKADEMIK,SEDANG
semoga kampusnya lebih besar dan tersedia banyak kelas,LAINNYA,RENDAH
kekurangan kelas offline saat perwalian,LAINNYA,SEDANG
Memperbarui ruang kelas dan meningkatkan fasilitas kampus,FASILITAS,RENDAH
Semoga kedepannya STIKOM Bali semakin mempertahankan kinerjanya dengan memberikan berbagai fasilitas perkuliahan yg layak.,FASILITAS,RENDAH
Adakah GMTI seperti dulu,LAINNYA,RENDAH
"masih ada fasilitas yang kurang memadai di dalam laboratorium, saya harap fasilitas tersebut bisa diperbaiki atau diberikan fasilitas yang baru",FASILITAS,SEDANG
semoga kedepan nya stikom makin bagus dan dapat dipertahankan,LAINNYA,RENDAH
"semoga stikom kedepannya semakin di depan, always the first",LAINNYA,RENDAH
"Pencarian civitas mahasiswa terkadang tidak memunculkan hasil. Semoga fitur ini dapat ditingkatkan lagi seperti fitur pencarian civitas dosen yang mana fitur ini sudah bekerja dengan maksimal?? Dan juga buatkan validasi untuk kuisioner ini karena ketika saya sebelumnya sudah mengisi formulir dan ingin menyimpannya. Tetapi, setelah saya menekan tombol simpan, website tidak melakukan hal apapun dan tidak muncul validasi apa-apa dan itu membuat saya kebingungan. Untuk fitur form seperti kuisioner, harap setiap jawaban yang belum disimpan oleh user dapat disimpan sebagai draft agar user tidak mengulangi mengisi formulir. Saya harap UI dari e-krs lebih baik lagi",AKADEMIK,RENDAH
"Tolong ac dan kursi rusak di ganti, ganyaman belajar di kelas",FASILITAS,TINGGI
semoga fasilitas sarana dan prasarana perkuliahan diperbaiki,FASILITAS,RENDAH
Terus menjadi yang terbaik,LAINNYA,RENDAH
Terus meningkatkan kinerja stikom bali,LAINNYA,RENDAH
meningkatkan kinerja server kaena beberapakali saya tidak bisa masuk atau lambat loadingnya,LAINNYA,SEDANG
semua tolong di tingkatkan lg,LAINNYA,RENDAH
saya tidak ada usulan karena saya masih istilahnya baru di sini jadi saya ingin mengamati lebih jauh lagi,LAINNYA,TINGGI
Semoga bisa semakin cepat dalam memberikan update terkait informasi tertentu.,LAINNYA,RENDAH
"lebih transparan, lebih baik lagi untuk wali",LAINNYA,RENDAH
Meningkatkan fasilitas pembelajaran dalam kelas dan peningkatan kualitas kurikulum dan pengajar,FASILITAS,RENDAH
untuk proses informasi harap bisa di tingkatkan,LAINNYA,RENDAH
Tingkatkan lagi kualitas stikom bali dari baik sekali menjadi super duper baik,LAINNYA,RENDAH
Harga sesuai kualitas,LAINNYA,RENDAH
saya harap stikom semakin berkembang,LAINNYA,RENDAH
lulus secepatnya,LAINNYA,RENDAH
lebih dari yang sekarang,LAINNYA,RENDAH
Tolong tingkatkan cara mendidik dosen,AKADEMIK,RENDAH
fasilitas wifi di kelas lambat,FASILITAS,SEDANG
saya harap Stikom dapat meningkatkan sarana prasana toilet,FASILITAS,RENDAH
"membuat program transfer murid antar kampus luar provinsi/negara supaya mahasiswa bisa mengenal situasi baru dan relasi baru, meluaskan tempat parkir, dan meningkatkan cctv di area parkir supaya meminimalisir pencurian helm di area kampus",FASILITAS,TINGGI
Harapannya semoga sistem sionya terus diupdate,LAINNYA,RENDAH
Semoga stikom bisa menjadi universitas kedepannya,LAINNYA,RENDAH
"tambahkan gedung supaya mahasiswa yang ingin offline tidak dipaksa memilih kelas daring,agar bisa membangun relasi dikelas dan tidak daring terus",FASILITAS,RENDAH
Ada dosen yang kurang efektif mengajar mahasiswa,AKADEMIK,SEDANG
Untuk pelayanan via online masih bisa ditingkatkan lagi,LAINNYA,RENDAH
harapan saya semoga kedepannya bisa lebih baik daro sebelumnya,LAINNYA,RENDAH
Harapan agar STIKOM Bali kedepannya akan menjadi universitas terbaik se Indonesia,LAINNYA,RENDAH
harapan saya agar terus mengembangkan sistem yang sudah ada agar lebih baik lagi kedepannya,LAINNYA,RENDAH
Mungkin peningkatan kecepatan dalam memproses surat menyurat,LAINNYA,RENDAH
perbaiki kualitas wifi untuk mahasiswa,JARINGAN_IT,RENDAH
Semoga stikom semakin maju0,LAINNYA,RENDAH
Perlu ditingkatkan,LAINNYA,RENDAH
Meningkatkan fasilitas yang lebih,FASILITAS,RENDAH
"harapan saya parkiran di perbaiki dan di perluas karena setiap acara akan selalu membludak dan ketika hujan pasti akan banjir, dan tolong pengawasan satpam di pertegas!",FASILITAS,TINGGI
Harapannya agar terus semangat,LAINNYA,RENDAH
"hal yang perlu ditingkatkan adalah, pembawaan materi dari dosen teori seharusnya sinkron dengan dosen praktikum",AKADEMIK,RENDAH
"Tingkatkan fasilitas di kampus, seperti Kantin, Parkiran, dan Lobby karena saya lihat masih banyak yang kotor dan dapat ditingkatkan. Terima kasih",FASILITAS,SEDANG
Harapan saya semoga bisa ditingkatkan dan menjadi lebih baik,LAINNYA,RENDAH
Harapannya untuk bpk/ibu dosen semoga bisa memaklumi mahasiswa yg kuliah sambil bekerja.,AKADEMIK,RENDAH
Memberikan ruang komunikasi langsung apabila terkendala ada dosen pengajar dan pembimbing yang kurang cepat atau lambat dalam memberikan respon khususnya kebutuhan informasi bagi mahasiswa karyawan,AKADEMIK,SEDANG
Semoga bisa lebih berkembang dan bisa semakin maju lagi.,LAINNYA,RENDAH
dimohon untuk menambahkan notifikasi sion dan e-learning kalo bisa,LAINNYA,RENDAH
Semoga bisa terdaftar di google developer school comunity,LAINNYA,RENDAH
Parkiran yang diperluas,FASILITAS,TINGGI
kamar mandi yang perlu di perbaiki,LAINNYA,RENDAH
untuk pembayaran denda semester bisa lansung melalui kampus.,KEUANGAN,RENDAH
Harapan saya kedepanya kinerja kampus ITB STIKOM BALI adalah Menyediakan kurikulum yang relevan dengan perkembangan teknologi terkini.,LAINNYA,RENDAH
untuk saat ini sudah sangat bagus,LAINNYA,RENDAH
Untuk lebih mem,LAINNYA,RENDAH
"Memperbarui fasilitas kampus, memperlebar parkir, tolong pindah ruang bem dll dikantin menurut saya terlihat kurang baik.",FASILITAS,SEDANG
dipermudah lagi dalam berorganisasi,LAINNYA,TINGGI
semoga untuk akademik yang di teams lebih fast respond,AKADEMIK,RENDAH
perbanyak dosen,AKADEMIK,RENDAH
Sarana dan prasarana untuk pembelajaran mohon ditambah atau di update agar proses belajar semakin efektif,LAINNYA,RENDAH
Semoga sarana prasarana bisa lebih baik untuk menunjang kegiatan mahasiswa,KEMAHASISWAAN,RENDAH
"Harapan ke depannya adalah peningkatan stabilitas sistem khususnya dalam jam sibuk agar layanan tetap optimal. Selain itu, diharapkan juga adanya pembaruan konten dan fitur yang lebih interaktif pada E-Library dan Website untuk menunjang kebutuhan mahasiswa.&quot; E",LAINNYA,RENDAH
semoga kedepan bisa lebih baik dan tambahan fasilitas,FASILITAS,RENDAH
sudah baik saat ini,LAINNYA,RENDAH
semoga fasilitasnya bisa ditingkatkan lagi untuk mendukung kenyamanan dalam kegiatan belajar mengajar,FASILITAS,RENDAH
mungkin fasilitas ditingkatkan lagi,FASILITAS,RENDAH
Intropeksi diri aja dan diperlukan evaluasi,LAINNYA,TINGGI
Semoga sistem perwalian semakin baik,LAINNYA,RENDAH
Semoga STIKOM Bali bisa lebih maju dan meningkatkan akreditasnya,LAINNYA,RENDAH
semoga lebih baik dan amanah,LAINNYA,RENDAH
Always the first,LAINNYA,RENDAH
harapan saya terus ditingkatkan,LAINNYA,RENDAH
Terus kembangkan berbagai hal untuk meningkatkan kinerja stikom bali,LAINNYA,RENDAH
Harapannya free wifi lancar,JARINGAN_IT,RENDAH
"Harapan saya agar STIKOM Bali dapat memaintain segala aspek mulai dari kinerja, fasilitas dan hal - hal lain untuk mendukung pendidikan bagi mahasisiwa.",FASILITAS,RENDAH
semoga kedepannya tidak hanya dari segi fasilitas namun dari berbagai aspek dapat ditingkatkan,FASILITAS,RENDAH
Memberikan info seperti pembayaran ataupun seminar tolong lebih awal karena sulit mengatur waktu,KEUANGAN,RENDAH
parkiran kampus,FASILITAS,RENDAH
lebih diintens dalam memberikan layanan dan info ke mahasiswa,LAINNYA,RENDAH
dosen lebih memberikan contoh dalam pelaksanaan praktikum agar lebih mudah dimengerti,AKADEMIK,RENDAH
Membangun gedung lagi,FASILITAS,RENDAH
"mungkin untuk perawatan fasilitasnya, seperti kursi dikelas banyak yang miring",FASILITAS,RENDAH
Semoga stikom memberikan fasilitas yang lebih baik lagi kedepannya,FASILITAS,RENDAH
Harapan saya semoga kinerja yang di lakukan bisa ditingkatkan kembali,LAINNYA,RENDAH
Perbagus Kantin,LAINNYA,RENDAH
"Saran saya SION dan lms dibuat kan aplikasinya supaya mahasiswa bisa mendapatkan informasi yg mudah diakses dan diuntungkan lagi dengan fitur notifikasi karena terkadang mahasiswa tidak bisa tahu jadwal penting seperti perwalian, dll.",AKADEMIK,RENDAH
Saya harap kinerja bisa lebih baik,LAINNYA,RENDAH
smoga semakin sukses,LAINNYA,RENDAH
"saya harap proyektor di beberapa kelas dapat di perbaiki , karena saya pernah ketika mengikuti kelas dan ketika proyektornya di gunakan proyektornya tidak dapat memvisualisasikan pelajaran yang di berikan dosen",FASILITAS,RENDAH
mengevaluasi kinerja dosen,AKADEMIK,TINGGI
"Permasalahan lift menjadi sesuatu yang terjadi secara berulang-ulang, problemnya mungkin bukan dari tempatnya tapi dari penyangga diatas atau dibawah. Jika ingin diperbaiki, harus dirombak total",FASILITAS,RENDAH
Tolong ganti proyektor di kelas - kelas dengan TV Digital agar terlihat lebih jelas dan juga mengganti bangku - bangku yang sudah rusak di kelas - kelas,FASILITAS,TINGGI
Evaluasi di setiap bidang,LAINNYA,TINGGI
Semoga terus maju dan berkembang agar bisa berguna untuk bangsa dan negara.,LAINNYA,RENDAH
Selalu menjaga yang terbaik,LAINNYA,RENDAH
Meningkatkan kualitas fasilitas di kampus,FASILITAS,RENDAH
semoga sukses kedepannya,LAINNYA,RENDAH
Harapan yang dapat saya sampaikan ialah meningkatkan speed WiFi pada setiap ruangan kampus yang ada.,FASILITAS,RENDAH
Selalu ditingkatkan,LAINNYA,RENDAH
semoga kedepannya stikom bisa lebih baik lagi,LAINNYA,RENDAH
Supaya bisa menjadi lebih baik,LAINNYA,RENDAH
Pertahankan dan Tingkatkan dalam berbagai fasilitas,FASILITAS,RENDAH
Harapannya untuk dipermudah untuk semua pelaksanaan akademik dilakukan secara online,AKADEMIK,RENDAH
Harapan saya semoga beberapa fasilitas yang kurang akan segera ditingkatkan lagi dan mempertahankan kinerja yang sudah dilakukan serta meningkatkannya,FASILITAS,SEDANG
menambah fasilitas yang mendukung kenyamanan mahasiswa dalam beraktivitas di kampus,FASILITAS,RENDAH
Menjadi semakin baik,LAINNYA,RENDAH
Sediakan di Sion flowchart pembuatan TA.,FASILITAS,RENDAH
agar menjadi lebih baik kedepannya,LAINNYA,RENDAH
semoga kinerjanya terus meningkat,LAINNYA,RENDAH
lebih maju lagi dan mendukung program ukm yang ada di kampus,KEMAHASISWAAN,RENDAH
kantin kampus tolong di renovasi agar lebih nyaman,LAINNYA,RENDAH
Semoga lebih diperhatikan lagi kinerja yang belum/kurang baik,LAINNYA,SEDANG
Semoga ditingkatkan lagi,LAINNYA,RENDAH
seoga semakin sukses,LAINNYA,RENDAH
Tetap pertahankan kualitas kinerja dan tingkatkan kualitas kinerja,LAINNYA,RENDAH
"Semoga kedepannya Stikom dapan menjadi kampus IT terbesar di Bali, dan semoga dari kampus renon dan jimbaran suatu saat bisa bersatu dan mempunya Gedung yang msnggambungkan 2 cabang kampus tersebut.",FASILITAS,RENDAH
harapan saya stikom menjadi lebih baik lagi di masa depan,LAINNYA,RENDAH
"Tidak ada, semua sudah cukup bagus",LAINNYA,RENDAH
bisa terus di tingkatkan,LAINNYA,RENDAH
Semoga sistem Teknologi di stikom semakin maju,LAINNYA,RENDAH
Harapan saya agar semua dosen mengisi jam matkul,AKADEMIK,RENDAH
"Mohon untuk perbanyak komunikasi agar tidak terjadinya banyak miskomunikasi, dan siapkan segala SOP untuk segala prosedur yang dilaksanakan secara dadakan (Ujian Komprehensif, Publikasi, dll)",LAINNYA,TINGGI
"tidak ada, karena semuanya sudah sangat bagus",LAINNYA,RENDAH
TETAP SEMANGAT DAN TERUS KEMBANGKAN SISTEM PENDIDIKAN DI KAMPUS STIKOM,LAINNYA,RENDAH
harapan saya semoga tetap seperti ini,LAINNYA,RENDAH
"Beberapa jadwal mata kuliah di kelas Eksekutif berbenturan dengan jadwal mata kuliah yang lain, sehingga jadwal perkuliahan ada yg tidak sesuai dengan jadwal yang tercantum",AKADEMIK,RENDAH
"Semoga tahun kedepan untuk fasilitas kampus diperbaiki, agar membuat nyaman para mahasiswa/i dalam melaksanakan kegiatan dikampus. Selain itu untuk infomasi yang diberikan bisa lebih diperjelas",FASILITAS,RENDAH
Lebih di tingkatkan lagi,LAINNYA,RENDAH
Semoga stikom dapat memiliki Aplikasi cek suka mahasiswa,LAINNYA,RENDAH
Semoga Kampus stikom Bali lebih baik kedepannya,LAINNYA,RENDAH
semoga kedepannnya memberikan fasilitas yang lebih baik lagi,FASILITAS,RENDAH
"lebih cepat tanggap, tidak dilempar-lempar dalam memberikan informasi.",LAINNYA,RENDAH
semua aspek sudah bagus tapi titingkatkan Segala Aspeknya lagi,LAINNYA,RENDAH
semoga dosen bisa memberi keringanan bagi mahasiswa yg bekerja,AKADEMIK,RENDAH
Tetap konsisten serta berorientasi pada perubahan kearah yang lebih baik,LAINNYA,TINGGI
ditingkatkan lagi,LAINNYA,RENDAH
ya semoga lebih baik aja deh,LAINNYA,RENDAH
semoga kanti lebih luas lagi,LAINNYA,TINGGI
Saya harap ada keringanan pembayaran wisuda bagi mahasiswa yang dapat menyelesaikan pendidikan S1-nya sebelum 4 thn,AKADEMIK,RENDAH
menjaga serta meningkatkan kualitas yang telah ada saat ini,LAINNYA,RENDAH
semoga kedepanya lebih ditingkatkan supaya menjadi lebih baik dan bisa menjadi kampus top di Bali,LAINNYA,RENDAH
"Diharapkan pada sarana Toilet, agar selalu bersih, terkhusunya TOILET PRIA. kondisi sekarang sangat kotor serta toiletnya dan alat2 pendukung lainya sudah perlu di ganti, karena banyak yang rusak. mengingat toilet merupakan tempat penyebaran bakteri yang paling cepat. dari 3 tahun yang lalu malah jauh sebelumnya sampai sekarang masih kondisinya tidak layak dipakai. atas perhatiannya terima kasih dan always the first",FASILITAS,TINGGI
Bisa diperbanyak pembelajaran offline,LAINNYA,RENDAH
Harapannya kedepan agar selalu berbenah dan semakin baik lagi dan lagi.,LAINNYA,RENDAH
"semoga STIKOM BALI semakin jaya dan maju kedepannya, Always The First ..,",LAINNYA,RENDAH
Tolong perbaiki web/broser pada saat proses perwalian agar proses perwalian berjalan dengan lancar dan tidak ada mahasiswa yang telat perwalian karena web yang lola,LAINNYA,RENDAH
Sudah sangat baik,LAINNYA,RENDAH
"Semoga lebih konsisten lagi, lebih baik lagi kedepannya terutama dalam sarana prasarana internet dan komputer di lab",JARINGAN_IT,RENDAH
menambah ruang kelas agar bisa kuliah offline,KEUANGAN,RENDAH
Meningkatkan Kelayakan dan Kecukupan Semua Fasilitas,FASILITAS,RENDAH
Mungkin sudah cukup,LAINNYA,RENDAH
"meingkatkan kualitas sarana prasarana, mulai dari kelas, wifi, dll",JARINGAN_IT,RENDAH
"Saya belum tau, mungkin nanti jika ada surfey lagi akan saya beri tau",LAINNYA,RENDAH
beberapa staf perlu lebih ramah dalam melayani,LAINNYA,RENDAH
meraih juara dan prestasi,LAINNYA,RENDAH
Semoga Semakin Ditingkatkan Lagi,LAINNYA,RENDAH
meningkatkan kualitas agar bisa lebih baik lagi,LAINNYA,RENDAH
"tidak ada, sudah bagus",LAINNYA,RENDAH
Semoga kedepannya semakin baik,LAINNYA,RENDAH
"kamar mandi bisa lebih diperhatikan mulai dari air, flush, plafon hingga kebersihan",FASILITAS,RENDAH
Semoga keamanan sibernya ditingkatkan lembali,LAINNYA,RENDAH
semoga kedepannya semakin baik,LAINNYA,RENDAH
Tingkatkan lagi fasilitas pada gedung stikom bali renon,FASILITAS,RENDAH
merenovasi stikom seperti tembok yang sudah rusak catnya dan di cat kembali,LAINNYA,TINGGI
Memberikan dukungan yang lebih besar bagi startup yang lahir dari hasil riset mahasiswa.,LAINNYA,RENDAH
Semoga kedepannya selalu jaya,LAINNYA,RENDAH
Dapat memberikan fasilitas yang jauh lebih baik lagi,FASILITAS,RENDAH
Semoga respon saran lebih cepat,LAINNYA,RENDAH
"harapan kedepannya semoga stikom lebih baik lagi dan untuk kinerja/pelayanan yang sudah diberikan sedemikian rupa,jangan duturunkan tapi ditingkatkan.",LAINNYA,RENDAH
Saya harap semua materi diberikan full dengan terperinci,LAINNYA,RENDAH
Meningkatkan sumber daya manusia,LAINNYA,RENDAH
Agar bs memberikan fasilitas kepada mahasiswa,FASILITAS,RENDAH
Perluas parkiran,FASILITAS,TINGGI
Mendorong dosen dan mahasiswa untuk menghasilkan penelitian yang aplikatif dan relevan dengan kebutuhan masyarakat.,AKADEMIK,RENDAH
Harapan nya semoga tahun ke tahun kenerja stikom balik bisa lebih baik lagi,LAINNYA,RENDAH
bisa perluas gedung,FASILITAS,TINGGI
Zzzzzzzzzzzzz zzzzzzz zzzzz,LAINNYA,RENDAH
lebih mempermudah mahasiswa mahasiswi dalam menyelesaikan persoalan terkait kendala dalam perkuliaan. pembayaran dan mencari solusi agar mahasiswa tidak terlambat dalam meneyelesaikan sstudy,KEUANGAN,SEDANG
Untuk website e-learning dapat di perbaharui lagi dari segi tampilan,LAINNYA,RENDAH
"perubahan institut menjadi unversitas dan harapan saya pribadi mempunyai gedung tambahan baru agar para mahasiswa tidak lagi melakukan kegiatan pembelajaran daring, menyiapkan fasilitas yang adil bagi semua ormawa maupun ukm agar bisa menjadi wadah bagi para mahasiswa.",FASILITAS,RENDAH
Semoga fasilitas ITB Stikom Bali bisa lebih baik lagi,FASILITAS,RENDAH
"Tidak ada, i hope stikom bali always will be the first",LAINNYA,RENDAH
semoga bisa lebih baik lagi kedepannya,LAINNYA,RENDAH
semoga perkuliahan tetep lancar,LAINNYA,RENDAH
Konsisten selalu,LAINNYA,RENDAH
Sudah baik dan tingkatkan,LAINNYA,RENDAH
Meningkatkan kualitas pengajar,LAINNYA,RENDAH
Meningkatkan kerjasama dengan lembaga terkait sebagai bagian dari pengabdian,LAINNYA,RENDAH
Mempertahankan hal yang sudah baik ini,LAINNYA,RENDAH
Untuk saat ini belum ada,LAINNYA,RENDAH
Pertahankan kinerja yang sudah sangat baik dan semoga stikom semakin sukses kedepannya,LAINNYA,RENDAH
Lebih meningkatkan kualitas,LAINNYA,RENDAH
lebih ditingkat lagi,LAINNYA,RENDAH
Semoga kedepan dapat lebih baik lagi dari yang sebelumnya,LAINNYA,RENDAH
semoga stikom bali tetap selalu menjadi yang terbaik.,LAINNYA,RENDAH
Harapan saya sarana pesrana di stikom Bali Jimbaran di perbaiki,LAINNYA,RENDAH
"sebagai mahasiswa PJJ kami ingin kebebasan dalam belajar. kami tidak mempermasalahkan ketika dosen memberikan tugas, justru kami semangat. akan tetapi kami ingin dosen jangan berlebihan memberikan tugas dalam setiap pertemuan. jika semua dosen dalam setiap pertemuan memberikan tugas, tetntu capaian yang kami harpkan sebagai mahasiswa PJJ akan ada sesuatu setiap individu PJJ. lebih lebih kami yang sudah berkeluarga dan bekerja. kami ingin semua dosen update di SION dan Elearning. kami ingin dosen ada komunikasi yang jlas ketika tidak bisa mengisi kuliah. kami mahasiswa PJJ bukan semata mata karna mengejar gelar, tapi output yang benar sesuai yang di ajar.",AKADEMIK,RENDAH
"Untuk pembagian kelas, karena saya kelas reguler malam, namun sering dapat kelas pagi. Jadi mohon diperbaiki cara pembagian kelasnya",LAINNYA,RENDAH
"Pengembangan Infrastruktur dan Fasilitas, Meningkatkan fasilitas kampus seperti laboratorium, perpustakaan, dan akses internet yang lebih cepat dan stabil akan sangat membantu dalam proses belajar mengajar. Fasilitas yang memadai akan mendukung mahasiswa dan dosen dalam kegiatan akademik dan penelitian",FASILITAS,RENDAH
Saya harap STIKOM Bali bisa lebih baik kedepannya,LAINNYA,RENDAH
meningkatkan lagi fasilitas yang ada di kampus,FASILITAS,RENDAH
Diadakannya fitur notifikasi untuk web SION dan E-Learning,LAINNYA,RENDAH
Meningkatkan kualitas lulusan yang siap kerja.,LAINNYA,TINGGI
Semoga sukses kedepanya,LAINNYA,RENDAH
Semiga kedepannya bisa lebih baik lagi,LAINNYA,RENDAH
Lebih permudah mahasiswa,LAINNYA,RENDAH
harapannya bisa meningkatkan kelayakan fasilitas kampus,FASILITAS,RENDAH
"Harapan saya untuk meningkatkan kinerja STIKOM, mungkin agar meningkatkan kualitas fasilitas dan infrastrukturnya.",FASILITAS,RENDAH
Perbaikan toilet,FASILITAS,RENDAH
Semoga Stikom dapat lebih baik lagi dalam semua bidang,LAINNYA,RENDAH
Harus meningkatkan fasilitas dalam kelas seperti kursi yang sudah banyak usang serta ac yang tidak dingin dan lift yang harus segera diperbaiki,FASILITAS,RENDAH
mempermudah administrasi dengan menerapkan artificial intelligence untuk memberikan layanan secara maksimal,LAINNYA,RENDAH
sediakan mesin pengering/tisu di toilet,FASILITAS,RENDAH
"Tidak ada harapan, sudah baik",LAINNYA,RENDAH
"Harapan saya adalah mengembangkan kurikulum yang sesuai dengan kebutuhan industri untuk meningkatkan kesiapan kerja lulusan, Meningkatkan fasilitas dan infrastruktur",FASILITAS,TINGGI
"untuk dosen-dosen tertentu,mungkin jika mengajarnya tidak terlalu cepat maka akan lebih baik",AKADEMIK,RENDAH
semoga semakin lebih baik lagi kedepanya,LAINNYA,RENDAH
Harapan saya semoga stikom kedepan nya dapat selalu menghadirkan dosen dosen yang kompeten,AKADEMIK,RENDAH
Lebih ditingkatkan fasilitas nya,FASILITAS,RENDAH
Dalam memberikan pelayanan dan pembelajaran diharapkkan memiliki kualitas dan swadaya yang lebih baik dalam mencerdaskan mahasiswa/i,LAINNYA,RENDAH
menjadi kampus yang lebih baik dalam akreditasi,LAINNYA,RENDAH
meningkatkan fasilitas agar lebih memadai,FASILITAS,RENDAH
"meningkatkan radius jaringan internet di seluruh ruangan kampus. contohnya yaitu ketika masuk ke dalam lab ataupun berada di kantin, tidak ada jaringan interner yang mencapai tempat tersebut",FASILITAS,RENDAH
"meningkatkan kualitas fasilitas kampus, terutama menyidiakan internet pada perpustakaan",FASILITAS,RENDAH
Semoga kedepannya lebih teliti dan lebih baik lagi,LAINNYA,RENDAH
supaya kinerja saat ini tetap dipertahankan,LAINNYA,RENDAH
Semoga stikom lebih maju lagi dalam bidang perkuliahan nya. Seperti informasi yg diberikan lebih gampang diakses. Hal hal penting yang wajib dilakukan lebih gampang di cari dan di buat lebih efisien.,LAINNYA,RENDAH
Harapaan saya agar stikom bisa mempertahankan sebagai kampus terbaik,LAINNYA,RENDAH
dengan membangun infrastuktur lebih bagus,KEUANGAN,RENDAH
tolong dosen di kelas malam nya di perhatikan,AKADEMIK,RENDAH
"perbarui informasi secepat mungkin, dan perbaiki toilet",FASILITAS,RENDAH
Tempat parkir yang lebih luas,FASILITAS,TINGGI
semoga lebih baik,LAINNYA,RENDAH
Semoga kedepannya jadi lebih baik lagi,LAINNYA,RENDAH
Expansi ruang dan bagunan agar ruangan di dalam gedung tidak padat (Menambah luas),FASILITAS,TINGGI
harapan kinerja stikom bali tolong diperhatikan sarana dan prasarananya dan kolaborasi,LAINNYA,RENDAH
Lebih ditingkatkan,LAINNYA,RENDAH
Fleksibel untuk Kelas Online,LAINNYA,RENDAH
Program Magang dan Kerja Sama Industru yang Lebih Luas,LAINNYA,TINGGI
Harapannya Lebih baik lagi,LAINNYA,RENDAH
"kampus dapat terus mengasah kemampuan dosen, sehingga materi yang dberikan dapat mudah di terima oleh mahasiwa/i",AKADEMIK,RENDAH
Pertahankan kinerja baik yang sudah di lakukan dan tingkatkan lagi,LAINNYA,RENDAH
tidak ada sudah bagus,LAINNYA,RENDAH
Sion di beri notifikasi,LAINNYA,RENDAH
Jangan semua kelas jadi ruangan kerja,FASILITAS,RENDAH
Semoga bisa lebih baik,LAINNYA,RENDAH
saya berharap ada wifi setiap kelas atau lantai,JARINGAN_IT,RENDAH
lebih fast respon,LAINNYA,RENDAH
tetap lakukan yg terbaik a,LAINNYA,RENDAH
"Harapan saya kedepannya agar fasilitas dapat lebih ditingkatkan pemeliharaannya, dan ditingkatkan keefektifannya untuk mendukung pembelajaran yang lebih baik bagi mahasiswa.",FASILITAS,RENDAH
Fokus pada kewirausahaan: Mengembangkan program dan inkubator kewirausahaan untuk mendorong mahasiswa menjadi entrepreneur yang mampu menciptakan lapangan kerja baru dan inovasi bisnis,LAINNYA,RENDAH
semoga lebih baik lagi dalam pembangunan infrastruktur kampus,FASILITAS,RENDAH
"Memperbaiki semua fasilitas, menambah tempat parkir agar motor&amp;mobil teduh, mengamankan tempat parkir agar helm tidak dicuri dan memperluas luas kampus karena kampus tergolong kecil",FASILITAS,TINGGI
agar lebih sering masuk untuk dosen jurusan it,AKADEMIK,RENDAH
harapan saya tetap mempertahankan kinerja tersebut,LAINNYA,RENDAH
"Perbaiki lift nya dong, dh mau 1 semester ga selesai",FASILITAS,RENDAH
bangku perkuliahan diperbaiki dan fasilitas parkir di tambah,FASILITAS,RENDAH
Semoga nanti fasilitas semakin bagus,FASILITAS,RENDAH
Harapannya semoga STIKOM Bali terus menerapkan metode pembelajaran yang inovatif dan aktif.,LAINNYA,RENDAH
"1. ADANYA FLEKSIBILITAS JADWAL PERKULIAHAN DI TENGAH KP ATAU MAGANG 2. KELENGKAPAN MENU DAN SARANA DI KANTIN KAMPUS STIKOM JIMBARAN LAYAKNYA KANTIN KAMPUS STIKOM RENON 3. UPGRADE PROYEKTOR SERTA KABEL HDMI DI TIAP KELAS DI KAMPUS STIKOM JIMBARAN SEHINGGA JALANNYA KELAS LANCAR DAN BAIK, SELAMA INI SAYA LIHAT PERKULIAHAN TERGANGGU KARENA KABEL HDMI YANG RUSAK DAN PROYEKTOR YANG TAMPILANNYA KURANG BAIK 4. MOHON DITINDAKLANJUTI KEMBALI KETIGA POIN DIATAS",FASILITAS,TINGGI
semoga pelayanan yang diberikan kepada mahasiswa bisa menjadi lebih baik,LAINNYA,RENDAH
"Harapan saya untuk kampus Stikom Bali yaitu untuk bisa memberikan notifikasi pada e learning atau sion Stikom Bali agar dapat lebih memudahkan dalam berbagai hal, sekian terimakasih.",LAINNYA,RENDAH
"fasilitas kelas diperbaiki, banyak sekali kursi&quot; yang sudah jelek atau rusak, meja kursi dosen diganti karena sudah usang sekali. kantin terlalu kecil dan terlihat kumuh sekali, tidak ada fasilitas tempat mahasiswa bisa berkumpulseperti kerja kelompok padahal itu sangat diperlukan. bacaan di perpustakaan sangat ssedikit. dan tolong bagian akademik memberikan dosen yang mengajar sesuai dengan bidang yang mereka tekuni atau bisa, karena sering sekali saya menemukan dosen yang mengajar bukan di bidangnya yang mengakibatkan dosen tidak menguasai materi",FASILITAS,TINGGI
SEMOGA STIKOM BALI ALWAYS THE FIRST,LAINNYA,RENDAH
"harapannya mungkin bisa di focuskan untuk parkirnya, karena biasanya jika basment nya penuh mahasiswa kadang bingung haru mau parkir kemana dan mungkin untuk staf yang bertugas di basment untuk stand by dan mengarahkan di mana seharusnya mahasiswa akan parkir",FASILITAS,RENDAH
Lift mungkin bisa lebih cepat di perbaiki sama lampu di kantin mungkin bisa lebih terang lagi,FASILITAS,RENDAH
Dipertahankan yang sudah dijalankan,LAINNYA,RENDAH
Harapanya supaya agar lebih baik dan sarana prasarananya juga dapat berfungsi sesuai dengan fungsinya masing-masing,LAINNYA,RENDAH
bisa lebih meningkatkan segala bidang,LAINNYA,RENDAH
semoga lebih melakukan yang terbaik,LAINNYA,RENDAH
Semoga tempat parkir mobilnya ditambah,FASILITAS,RENDAH
JADI LEBIH BAIK DAN PEDULI,LAINNYA,RENDAH
Sudah baik hanya perlu di Tingkat lagi,LAINNYA,RENDAH
semoga makin jaya dan sukses,LAINNYA,RENDAH
"Harapannya, ada peningkatan fasilitas penunjang belajar yang lebih baik lagi, seperti kursi yang ada sedikit rusak, lampu yang kadang konslet, dan lain - lain, selain itu untuk dosen pembimbing mata kuliah yang lebih memperhatikan mahasiswa baik itu secara luring ataupun daring, untuk menjalin komunikasi dengan banyak mahasiswa",FASILITAS,TINGGI
Stikom selalu no 1,LAINNYA,RENDAH
"Sinkronisasi dan ketersediaan pilihan platform untuk menerima notifikasi pengumuman, misalnya dikirim via whatsapp atau telegram kampus, sebagian dari kami tidak menggunakan Instagram karena alasan tertentu.",LAINNYA,RENDAH
Fasilitas parkir lebih luas dan keamanannya lebih terjaga,FASILITAS,TINGGI
kelas diperbagus,LAINNYA,RENDAH
terlaksana sesuai jadwal di hari kerja,AKADEMIK,RENDAH
menjadi universitas yg lebih baik,LAINNYA,RENDAH
lebih responsif saat ada masalah diluar masalah keuangan,KEUANGAN,RENDAH
fasilitas lebih baik,FASILITAS,RENDAH
dapat meningkatkkan kualitas pelayanan,LAINNYA,RENDAH
sudah baik semua,LAINNYA,RENDAH
harapanna semoga tmbah baik,LAINNYA,RENDAH
Semoga kedepannya Stikom Bali tetap dapat mempertahankan pelayanannya,LAINNYA,RENDAH
Semoga mendapatkan nilai yang baik,AKADEMIK,RENDAH
"Usulan saya supaya pihak kampus lebih peduli kepada bangunan dan fasilatas kampus yang rusak rusak dan kotor supaya stikom ga kayak kampus mati apalagi di basmen tolong sampah""nya itu di angkut dan buatlah bangunan baru supaya ada setiap ukm itu ruangan beli aja tanah di samping kampus tu masa udah banyak punya mahasiswa ga punya uang gunakan dong untuk membangun kampus yang lebih baik, pintu wc aja rusak di lantai 1 dan untik kursi kursi yang rusak di setiap kelas mending buang aja lah, Stikom sudah besar namun kampusnya kurang wow",FASILITAS,TINGGI
"lebih memperhatikan fasilitas yang dibutuhkan mahasiswa, dan lebih membuka forum diskusi antar pengurus kampus dan mahasiswa",FASILITAS,RENDAH
Harapan yang mungkin dapat saya usulkan adalah meningkatkan lagi kecepatan internet,JARINGAN_IT,RENDAH
Harapan agar stikom lebih baik always thefirst,LAINNYA,RENDAH
Melakukan evaluasi kinerja secara berkala untuk menilai kemajuan dan menetapkan langkah-langkah perbaikan jika diperlukan.,AKADEMIK,TINGGI
"harapan saya , semoga kedepannya bisa lebih baik",LAINNYA,RENDAH
"Meningkatkan kerja sama dengan perusahaan teknologi global untuk mendukung program magang, sertifikasi internasional, atau penempatan kerja.",LAINNYA,RENDAH
Semoga ada teknologi teknologi yang semakin canggih seperti VR atau inovasi dari mahasiswa stikom bali membuat suatu karya seni dengan teknologi,LAINNYA,RENDAH
Lebih baik lagi dalam menyampaikan informasi,LAINNYA,RENDAH
kembangkan lain,LAINNYA,RENDAH
harapan saya adalah semoga bisa ditingkatkan kembali performanya untuk kedepannya,LAINNYA,RENDAH
Semoga pelayanan yang sudah baik menjadi semakin baik,LAINNYA,RENDAH
Tingkatkan segala aspek,LAINNYA,RENDAH
menyempurnakan lagi Kemudahan aksesibilitas Website,LAINNYA,RENDAH
tidak ada semuanya sudah baik dan bagus,LAINNYA,RENDAH
Semoga kedepannya bisa maksimalin poin skkm di sion,LAINNYA,RENDAH
harapan saya agar DUAL DEGREE NASIONAL mempunyai ruang kelas tersendiri seperti internasional.,KEUANGAN,RENDAH
harapan saya kinerja STIKOM BALI untuk kedepannya adalah menjalin kerja sama dengan industri untuk memberikan pengalaman magang kepada mahasiswa dan memberikan pelatihan kepada dosen untuk meningkatkan kemampuan belajar dan menggunakan teknologi pembelajaran.,AKADEMIK,RENDAH
Semoga STIKOM Bali dapat terus melanjutkan dan meningkatkan program-program yang mendukung pengembangan mahasiswa.,LAINNYA,RENDAH
Menambah ruang kelas agar tidak ada kelas obline,KEUANGAN,RENDAH
Semoga toilet segera diperbaiki agar tidak bocor dan kecepatan wifi bisa ditambahkan agar tidak ngeleg.,FASILITAS,RENDAH
Kedepannya akan lebih meningkat lagi menjadi universitas yang populer,LAINNYA,RENDAH
"Tingkatkan inovasi, perluas kerjasama global, perkuat kewirausahaan, maksimalkan digitalisasi, dan dorong penelitian.",LAINNYA,TINGGI
semoga kedepannya semakin ditingkatkan lagi pelayanan yang ada dan respon yang lebih cepat dan efisien,LAINNYA,RENDAH
tingkatkan lagi dan konsisten,LAINNYA,RENDAH
sudah cukup baik,LAINNYA,RENDAH
Semoga kedepannya fasilitas yang sekarang lebih lengkap kedepannya dan dapat mempermudah mahasiswa untuk kuliah di ITB stikom Bali,FASILITAS,RENDAH
semoga lebih meningkat,LAINNYA,RENDAH
Fasilitas ditingkatkan,FASILITAS,RENDAH
Semoga kedepannya bisa jauh lebih baik dari skarang,LAINNYA,RENDAH
tetap memberikan pelayan yang baik kepada seluruh masyarakat di lingkungan kampus,LAINNYA,RENDAH
Fasilitas yang di tambah,FASILITAS,RENDAH
Tolong selalu ada,LAINNYA,RENDAH
Perlu tingkatkan lagi,LAINNYA,RENDAH
Usulan saya kedepannya stikom bisa menyediakan tempat yang layak untuk kantin. Terlihat kondisi kantin yang sekarang sempit kurang luas itu sangat tidak menyenangkan.,LAINNYA,TINGGI
"blm ada, dari kuesioner aja ga ada upgrade apa pun",LAINNYA,RENDAH
semoga kedepannya lebih baik lagu,LAINNYA,RENDAH
"Semoga ITB Stikom Bali terus maju, bersinergi, suskses serta bisa menjadi perguruan tinggi negeri pertama yang bergerak di ranah bidang teknologi dan bisnis.",LAINNYA,RENDAH
"Harapan saya semoga semakin maju lagi dan membatu kegiatan"" mahasiswa",KEMAHASISWAAN,RENDAH
Lebih perluas informasi,LAINNYA,TINGGI
Harapan kedepannya khusus untuk mahasiswa kelas online di perhatiakan dalam proses poling.,LAINNYA,RENDAH
lebih meningkatkan lagi,LAINNYA,RENDAH
saya berharap Stikom bali dapat mengadakan kegiatan volunteer seperti pelestarian lingkungan atau sejenisnya,KEMAHASISWAAN,RENDAH
"Materi pembelajaran tolong untuk lebih di-update sesuai kebutuhan pasar, dan akses informasi ke kegiatan yang di provide pemerintah maupun swasta agar lebih accessible ke mahasiswa.",FASILITAS,RENDAH
Semoga staff dan akademik bisa lebih ramah terhadap mahasiswa,AKADEMIK,RENDAH
Meningkatkan kinerja pemberian informasi,LAINNYA,RENDAH
"harapannya stikom bisa mendukung mahasiswa"" yang memiliki ambisi yang besar",LAINNYA,RENDAH
Menjadi lebih baik kedepannya,LAINNYA,RENDAH
sudah lebih dari cukup,LAINNYA,RENDAH
wifi gratis gk ada,JARINGAN_IT,RENDAH
"Diharapkan proses pembelajaran di STIKOM Bali menjadi lebih menarik dan mudah dipahami oleh mahasiswa. Dengan fasilitas laboratorium yang canggih, mahasiswa bisa langsung mempraktikkan teori yang dipelajari, sehingga tidak hanya mengerti secara konsep, tetapi juga bagaimana mengaplikasikannya dalam dunia nyata.",FASILITAS,RENDAH
Lebih ditingkatkan lagi.,LAINNYA,RENDAH
harapan saya semoga kedepannya menjadi lebih baik,LAINNYA,RENDAH
"Terus mencetak lulusan berkualitas, memperluas dampak inovasi, dan menjadi pusat teknologi terkemuka di Indonesia.",LAINNYA,TINGGI
Memberikan Akses Internet/WIFI untuk di Lantai 3 (Terutama untuk ruangan 3.9 karena minimnya Sinyal Jaringan/WIFI.,FASILITAS,RENDAH
dalam mengurus berkas&quot; diusahakan lebih cepat dan sarana prasarana kampus terkait pemeliharaanya lebih di fokuskan,LAINNYA,RENDAH
"Harapannya dalam pembelajaran mahasiswa diberikan selingan belajar entah itu game singkat yg membuat suasana menjadi penuh tawa dalam pembelajaran, agar tidak tegang, kemungkinan itu bakal sangat meningkatkan pembelajaran yg lebih efektif dan digemari banyak mahasiswa.",LAINNYA,TINGGI
Semoga toilet di tingkatkan lagi kebersihannya,FASILITAS,RENDAH
Kualitas dosen dan pembelajaran mohon ditingkatkan,AKADEMIK,RENDAH
semoga bisa meningkatkan fasilitas terhadap mahasiswa untuk membantu proses pembelajaran kedepannya,FASILITAS,RENDAH
"Saya harap untuk tetap menjaga keamanan wilayah kampus, khususnya di parkiran agar tetap aman dan tentram",FASILITAS,RENDAH
Parkir terkadang penuh ketika hari produktif.,FASILITAS,RENDAH
semoga terus berkembang dan ada seminsr yang membahas kp dan menyediakan web umtuk tata cara mendaftar kp dan memberikan list perusahaan yang bekerjasama untuk kp,AKADEMIK,RENDAH
Tingkatkan lagi,LAINNYA,RENDAH
semoga sarana prasarana ditingkatkan jadi lebih baik lagi.,LAINNYA,RENDAH
bisa lebih baik,LAINNYA,RENDAH
semoga bisa menjadi kampus yang lebih baik lagi,LAINNYA,RENDAH
"harapannya kedepannya lebih baik lagi dari yang sudah baik, meningkatkan kualitas yang lebih bermutu meski di era covid",LAINNYA,RENDAH
semoga kedepannya itb stikom bali bisa mempunyai ruang kelas yg lebih banyak,KEUANGAN,RENDAH
supaya lebih ditinggatkan lagi kinerjanya,LAINNYA,RENDAH
Fasilitas yang lebih memadai lagi,FASILITAS,RENDAH
Harapan saya mudah mudahan kedepannya fasilitas lebih baik lagi dan semoga itb stikom bali kedepannya semakin maju.,FASILITAS,RENDAH
mungkin parkiran di luaskan lagi,FASILITAS,TINGGI
Semoga koneksi wifi untuk mahasiswa di perbagus lagi,JARINGAN_IT,RENDAH
semoga kedepannya bisa lebih berkembang dan lebih baik lagi,LAINNYA,RENDAH
Peningkatan sarana dan prasarana,LAINNYA,RENDAH
HARAPANYA SEMOGA STIKOM SEMAKIN TERDEPAN MENJADI KAMPUS IT TERBAIK,LAINNYA,RENDAH
Semoga kedepannya untuk kecepatan bagian akademik lebih ditingkatkan,AKADEMIK,RENDAH
harapannya jika masih kelas online diberikan potongan untuk biaya persemester karena saya harus tambah extra untuk beli kuota sedangkan fasilitas kelas tidak dinikmati,FASILITAS,TINGGI
semoga bisa lebih ditingkatkan,LAINNYA,RENDAH
saya berharap seperti untuk kelas karyawan tetap diberikannya option untuk proses pembelajaran online atau pun offline karena ini sangat membantu setiap anak generasi yang sudah bekerja namun masih ingin kuliah untu meningkatkan karier,LAINNYA,RENDAH
Harapannya semoga stikom terus berkembang,LAINNYA,RENDAH
Semoga kedepan nya menjadi lebih naik,LAINNYA,RENDAH
lebih meningkatkan sarana prasarana yg perlu ditingkatkan,LAINNYA,RENDAH
semoga tambah baik lagi dari tahun tahun sebelummnya,LAINNYA,RENDAH
Menyesuaikan metode pembelajaran yang lebih relevan dengan keperluan industri,LAINNYA,RENDAH
Melengkapi kampus dengan wifi untuk mahasiswa,JARINGAN_IT,RENDAH
"Semoga Dosen bisa mengajar dengan tepat waktu dan tidak harus diingatkan untuk mengajar, karena bagi saya Seorang pengajar itu di gugu dan ditiru, Mahasiswa akan memenuhi tanggung jawabnya jadi begitupan dosen juga harus memenuhi tanggung jawabnya untuk bisa menjadi contoh yang baik bagi mahasiswa yang di ajaranya, Terimakasih.",AKADEMIK,RENDAH
"meningkatkan sistem pembelajaran, menggantikan skripsi menjadi projek dan semacamnya sebagai tugas akhir",FASILITAS,RENDAH
mengoptimalkan sistem krs,AKADEMIK,RENDAH
"Harapan saya, semoga kedepannya Itb stikom bali memberikan keringanan UKT kepada para mahasiswa yang kurang mampu dalam segi ekonomi",KEUANGAN,SEDANG
Sebaiknya kebersihan toilet lebih diperhatikan dan fasilitas parkir diperluas,FASILITAS,TINGGI
Tingkatkan lagi kualitas dosennya dalam mengajar,AKADEMIK,RENDAH
lebih ditingkatkan lagi untuk memberi info,LAINNYA,RENDAH
semoga semakin keren,LAINNYA,RENDAH
Semoga keluhan dari mahasiswa bisa ditanggapi dengan baik,LAINNYA,RENDAH
"Untuk meningkatkan kinerja STIKOM Bali, beberapa harapan yang dapat diusulkan meliputi peningkatan akreditasi internasional untuk program studi agar lebih kompetitif di kancah global dan memperluas kerja sama dengan institusi pendidikan serta perusahaan teknologi di dalam dan luar negeri.",LAINNYA,TINGGI
maju terus stikom,LAINNYA,RENDAH
Semoga toliet setiap lantai tidak ada yang rusak,LAINNYA,TINGGI
"Mempertahankan hal yang sudah baik, dan meningkatkan hal yang masih dirasa kurang",LAINNYA,SEDANG
Meningkatkan performa yang perlu di perlukan dengan mahasiswa,LAINNYA,RENDAH
Tidak berharap apa-apa.,LAINNYA,RENDAH
selalu update dengan perubahan teknologi terbaru,LAINNYA,RENDAH
pertahankan dan tingkatkan,LAINNYA,RENDAH
perbanyak fitur yang mempermudah kedepanya,LAINNYA,RENDAH
tambah gedung dan parkir dan turunkan ukt,FASILITAS,RENDAH
Lebih baik kedepannya,LAINNYA,RENDAH
smoga semakin dimajuka,LAINNYA,RENDAH
"Memenuhi keluhan mahasiswa,kerja sama internasional yang lebih banyak",LAINNYA,RENDAH
Semoga kedepannya lebih baik dalam fasilitas sarana dan prasarana,FASILITAS,RENDAH
Tetap tingkatkan apa yang pernah ada,LAINNYA,RENDAH
Semoga fasilitas di tambah dan parkiran juga di perluas,FASILITAS,TINGGI
Bisa menjadi lebih baik,LAINNYA,RENDAH
"semua sudah bagus, dipertahankan",LAINNYA,RENDAH
"Semoga suasana akademik di kampus semakin kondusif untuk penelitian dan inovasi, menghasilkan karya-karya yang bermanfaat bagi kemajuan ilmu pengetahuan dan teknologi.",AKADEMIK,TINGGI
meningktkan semua nya agar lebih baik lagi,LAINNYA,RENDAH
bisa melayani lebih baik lagi,LAINNYA,RENDAH
Saya harap sebagai semua bentuk layanan bisa lebih cepat dibalas / memberikan informasi. Sekian dan terimakasih. Stikom Bali - Always the first ?,LAINNYA,RENDAH
tolong liftnya diperbaiki sedikit terkadang tombol liftnya agak gabisa :),FASILITAS,TINGGI
Semoga pelayanannya lebih ramah,LAINNYA,RENDAH
"Harapan untuk kedepan, agar semua dosen yang mengajar sedang tidak dalam tugas/ pekerjaan lain, sehingga dosen dapat dengan baik mengajar di dalam kelas, dan menyampaikan materi sesuai dengan jadwal perkuliahan, dan sesuai dengan rps yang ada.",AKADEMIK,RENDAH
Kedepannya semoga bisa lebih ditingkatkan lagi.,LAINNYA,RENDAH
tempat parkir lebih luas,FASILITAS,TINGGI
"Saat ini Stikom Bali sudah bagus, semoga semakin ditingkatkan.",LAINNYA,RENDAH
harapan saya ITB STIKO BALI semakin jaya,LAINNYA,RENDAH
Harapan saya cuma semoga stikom makin sukse makin terbaik seluruh indonesia biar jadikan kampus favorit semua orang,LAINNYA,RENDAH
mempertahankan kinerja sekarang,LAINNYA,RENDAH
saya berharap jaringan internet yang di sediakan stikom untuk mahasiswa agar lebih baik .,JARINGAN_IT,RENDAH
semoga kedepannya dapat terus mempertahankan kinerja yang saat ini,LAINNYA,RENDAH
semoga STIKOM Bali lebih baik kedepannya.,LAINNYA,RENDAH
di pertahankan apa yang sudah baik dan terus di kembangkan,LAINNYA,RENDAH
tingkatkan lebih baik lagi,LAINNYA,RENDAH
Fasilitas nya di tabah dan semakin bgs,FASILITAS,RENDAH
harapan agar adanya peningkatan fasilitas kampus,FASILITAS,RENDAH
Untuk kelas karyawan harusnya sabtu dan minggu saja. tetapi saat ini kenapa bisa seperti kelas regular .saya sebagai mahasiswa sambil bekerja jadinya ribet,LAINNYA,RENDAH
semoga Lebih ditingkatkan,LAINNYA,RENDAH
harapan saya adalah tetaplah stabil,LAINNYA,RENDAH
Belum ada harapan,LAINNYA,RENDAH
"harapan saya, semoga kedepannya kinerja dari stikom bali bisa lebih meningkat dari sebelumnya dan tentunya bisa menjadi yang terbaik kedepannya.",LAINNYA,RENDAH
semoga semakin maju,LAINNYA,RENDAH
"pengumuman pembayaran sering kelewat, lupa terus buka sion",KEUANGAN,RENDAH
Semoga STIKOM Bali dapat memberikan fasilitas parkir yang lebih luas lagi,FASILITAS,TINGGI
semoga kedepannya lebih bagus lagi,LAINNYA,RENDAH
Saya harap setiap fasilitas serta sarana dan prasarana yang ada di ITB STIKOM Bali terus mengalami peningkatan.,FASILITAS,RENDAH
"Harapan saya untuk meningkatkan kualitas kinerja STIKOM mungkin barang-barang yang memang sekiranya sudah tua atau ketinggalan zaman dan tidak layak pakai mungkin bisa diganti secara bertahap, dan juga untuk kualitas fasilitas nya sudah mulai ada yang rusak seperti kursi sudah mulai berkarat dan rusak mungkin bisa diganti secara bertahap.",FASILITAS,TINGGI
dipertahankan dan lebih baik lagi,LAINNYA,RENDAH
"Fasilitas bagi mahasiswa kelas karyawan, seperti kuota kelas online agar disediakan sehingga mahasiswa kelas karyawan tidak perlu bertabrakan antara jadwal kerja dan kuliah.",FASILITAS,RENDAH
lebih baik lagi,LAINNYA,RENDAH
Lebih jaya dan unggul semakin maju dan sukses,LAINNYA,RENDAH
semoga kedepannya bisa lebih baik dari sebelumnya,LAINNYA,RENDAH
Semoga bisa dipastikan seluruh fasilitas yang ada di STIKOM BALI tetap dalam keadaan baik dan layak digunakan,FASILITAS,RENDAH
Harapanya supaya di tingkat kan lagi,LAINNYA,RENDAH
dimohonkan untuk kampus direnofasi,LAINNYA,RENDAH
Memperbaiki fasilitas yang rusak dan ditingakatkan lagi,FASILITAS,TINGGI
Toiletnya masih ada yang kehabisan air,FASILITAS,RENDAH
Semoga semakin baik lagi kedepanya,LAINNYA,RENDAH
Belajar dengan baik,LAINNYA,RENDAH
Gedung di perluas,FASILITAS,TINGGI
lebih meningkatkan kerjasama ke perusahaan agar mencari lapangan atau pelatihan kerja lebih mudah,LAINNYA,RENDAH
pertahankan yang sekarang,LAINNYA,RENDAH
maningkatkan fasilitas di kampus,FASILITAS,RENDAH
Semoga stikom bali lebih baik lagi kedepannya,LAINNYA,RENDAH
semoga kedepannya stikom bisa lebih berdedikasi dan berkembang lebih baik,LAINNYA,RENDAH
meningkatkan kinerja saat pembelajaran online,LAINNYA,RENDAH
"Fasilitas kampus lebih ditingkatkan, seperti cctv pada parkiran agar tidak mati, jadi sewaktu waktu adanya kehilangan pihak kampus bisa membantu mengatasi hal tersebut",FASILITAS,TINGGI
harga ukt gak naik,KEUANGAN,RENDAH
Mungkin dari segi fasilitas lebih diperbaiki dimana ada beberapa kelas yang ac jya bocor,FASILITAS,RENDAH
Sudah baik dan perlu di tingkatkan lagi,LAINNYA,RENDAH
"STIKOM Bali diharapkan terus meningkatkan kolaborasi internasional, memperluas program penelitian inovatif, dan memperkuat dukungan terhadap pengembangan startup berbasis teknologi bagi mahasiswa.",LAINNYA,TINGGI
Semoga besok ad program yg lebih banyak ke luar negeri agar teknologi yg kita pelajari dapat di compare dengan negara lain khususnya eropa,LAINNYA,TINGGI
Semua sudah Sangat baik,LAINNYA,RENDAH
Harapan semakin baik dan maju selalu,LAINNYA,RENDAH
"Saya berharap kedepannya semakin baik lagi dan mempromosikan STIKOM Bali agar orang tau STIKOM Bali sangat baik untuk kampus IT, yang dimana sekarang teknologi itu sangat penting.",LAINNYA,RENDAH
Sistem yang dibuat lebih efisien,LAINNYA,RENDAH
semoga kedepannya dosen mempermudah mahasiswa untuk lebih cepat lulus,AKADEMIK,RENDAH
Sejauh ini tidak ada,LAINNYA,RENDAH
Perbaikin toilet,FASILITAS,RENDAH
Memaksimalkan proses kerja dibagian akademik,AKADEMIK,RENDAH
Harapan saya tertuju pada bagian manajement jadwal kelas karyawan Yang sudah di tentukan Pada awalnya semua jadwal kls karyawan yaitu tepat pukul 18 00 Tapi saat sesudah mulai perkulihan Jadwal malah ada yang di jam 2 jam 4 jam 5 Dan selalu bertabrakan sama waktu kerjanya mahasiswa. Jadi mohon agar kedepannya semua bisa termanajemen dengan baik dan Tidak menyulitkan mahasiswa yang kuliah sambil bekerja.,AKADEMIK,RENDAH
"semoga yang memilih kelas hybirt itu mendapakan kelas offline dan online, JANGAN ONLINE AJA",LAINNYA,RENDAH
Semester depan saya ambil TA semoga TA bisa bimingan secara Online dengan Dosen Pembimbingnya.,AKADEMIK,RENDAH
harap ditingkatkan dari sarana dan prasana nya,LAINNYA,RENDAH
semoga dapat ditingkatkan pada bagian WiFi,JARINGAN_IT,RENDAH
"Saya berharap STIKOM Bali dapat terus meningkatkan kualitas pendidikan melalui pembaruan kurikulum yang sesuai dengan perkembangan teknologi terkini, memperluas kerja sama dengan industri untuk menciptakan program magang yang relevan, serta mendorong penelitian dan inovasi yang dapat memberikan dampak nyata bagi masyarakat. Selain itu, peningkatan fasilitas dan pelatihan bagi dosen serta mahasiswa juga penting untuk memastikan daya saing di tingkat nasional dan internasional.",FASILITAS,TINGGI
SEMOGA MAKIN LEBIH BAIK LAGI DALAM SISTEM E-LEARNINGNYA,LAINNYA,RENDAH
Kedepan agar lebih baik lagi,LAINNYA,RENDAH
mungkin untuk usulsan atau saran perbaikin tempat duduk karena saya melihat banyak kursi yang sudah gak layak di pakai,FASILITAS,RENDAH
Kualitas semakin meningkat,LAINNYA,RENDAH
Untuk saat ini sudah cukup,LAINNYA,RENDAH
Terus konsisten,LAINNYA,RENDAH
fasilitas kantin untuk ditingkatkan,FASILITAS,RENDAH
perrawatan dari segi fasilitas perlu ditingkatkan,FASILITAS,RENDAH
tidak ada sudah cukup untuk saat ini,LAINNYA,RENDAH
harapan saya agar tetap mempertahankan kinerja yang baik dan kedepannya bisa ditingkatkan dengan lebih inovatif dan kreatif agar tidak monoton,LAINNYA,RENDAH
Tingkatkan kualitas,LAINNYA,RENDAH
agar para dosen konsisten dalam meparkan materi,AKADEMIK,RENDAH
semoga lebih bagus lagi,LAINNYA,RENDAH
bisa punya kelas banyak tanpa ada kelas online dan tidak ada pertemuan double jika 14 pert ya 14 pert,LAINNYA,RENDAH
Semoga ditingkatkan lagi kedepannya,LAINNYA,RENDAH
harapan saya pertahankan kualitasnya dan tingkatkan lagi kedepannya,LAINNYA,RENDAH
"Memperluas parkiran, Memperluas Kantin,",FASILITAS,TINGGI
tetap Pertahankan pelayanan yang sudah ada,LAINNYA,RENDAH
semoga pelayanan di stikom bali semakin meningkat,LAINNYA,RENDAH
semoga stikom lebih meningkatkan sistem web yang kadang - kadang tidak bisa dibuka atau eror,LAINNYA,TINGGI
semoga sion semakin lancarrr,LAINNYA,RENDAH
Untuk toilet terkadang air kerannya tidak dapat hidup atau hidup tapi pelan. Semoga kedepannya dapat diperbaiki.,FASILITAS,RENDAH
lebih ditingkan lagi,LAINNYA,RENDAH
kedepannya lbh baik lg,LAINNYA,RENDAH
ada terus kelas online,LAINNYA,RENDAH
"sudah cukup baik, mungkin kedepannya bisa ditingakatkan lagi terkait program tersebut",LAINNYA,RENDAH
Semoga tidak ada lagi program abal-abal,LAINNYA,RENDAH
saya harap di lab programing komputernya di upgrade dan tolong di bersihlkan,LAINNYA,RENDAH
kedepannya menjadi lebih bagus lagi,LAINNYA,RENDAH
semoga ruangan ruangan ttp dingin ac nya dan lift semoga baik secepatnya kursi banhak yang rusak biasa,FASILITAS,TINGGI
Semoga makin dapat di perbaiki dan dtingkatkan lagi segala hal yang ada di kuisioner ini,LAINNYA,RENDAH
"Meningkatkan fasilitas kelas, lab komputer, parkiran dan toilet demi kenyamana mahasiswa.",FASILITAS,RENDAH
"semoga kedepan semakin lebih baik lagi, dan terus berusaha menikatkan kualitas mahasiswa",LAINNYA,RENDAH
mohon sediakan toilet paper,FASILITAS,RENDAH
Semoga tambah semakin baik,LAINNYA,RENDAH
Semoga kedepannya bisa lebih baik lagi untuk segala bidang.,LAINNYA,RENDAH
Tingkatkan lagi menjadi lebih baik,LAINNYA,RENDAH
harapan saya ditingkatkan dan dipertahankan kinerja yang sudah cukup bagus ini,LAINNYA,RENDAH
Pertahankan dan tingkatkan dalgi sarana prasarana yang ada dikampus,LAINNYA,RENDAH
"Toiletnya diperbaiki terutama toilet lantai 1, saya malu bawa temen yang mau daftar ke stikom ngeliat toiletnya. perbaiki sarana yang sudah tidak layak, toilet belum ada tisu nya, bagian kantin kurang terlihat bagus, seperti kantin tahun 2010, buku perpus juga kurang bervariasi seperti buku tentang IELTS",FASILITAS,SEDANG
Semakin baik lagi,LAINNYA,RENDAH
Harapan saya untuk Sion dan e-learning bisa di upgrade lagi atau bisa di buatkan Aplikasi agar mempermudahkan untuk aksesnya terimakasih ??,LAINNYA,RENDAH
menambah dan memperbaiki fasilitas pada kampus,FASILITAS,RENDAH
"Semoga bisa memperoleh Informasi dengan mudah lagi, dengan membuat tampilan website simpel dan sederhana (hanya menampilkan yang penting saja)",LAINNYA,RENDAH
dapatkan dosen yang lebih berkinerja untuk mengajar,AKADEMIK,RENDAH
harapan saya kinerja saat ini bisa dipertahan dan mungkin dapat di tingkatkan agar dapat terus berjalan sampai dengan maba berikutnya.,LAINNYA,RENDAH
Lebih meningkatan kan lagi,LAINNYA,RENDAH
Memperbaiki fasilitas yang rusak,FASILITAS,TINGGI
tidak dan sangat sudah cukup baik,LAINNYA,RENDAH
adanya perkembangan mengenai pemrograman yang mengikuti trend di perusahaan luar,LAINNYA,RENDAH
Lebih cepat merespon keluhan mahasiswa,LAINNYA,RENDAH
"Semoga bisa lebih memahami mahasiswa di kondisi pandemi ini, terutama masalah biaya pendidikan",KEUANGAN,RENDAH
Semoga kedepan nya lebih baik,LAINNYA,RENDAH
transparansi informasi,LAINNYA,RENDAH
Harapannya bisa meningkatkan proses manajemen yang lebih baik lagi,LAINNYA,RENDAH
IT yang diajarkan agar mengikuti perkembangan zaman,LAINNYA,RENDAH
dapat ditingkatkan,LAINNYA,RENDAH
"Respon saat komunikasi dengan mahasiswa, terutama saat komunikasi jarak jauh.",LAINNYA,RENDAH
semoga STIKOM Bali semakin jaya dan sukses selalu,LAINNYA,RENDAH
harapan nya itu semoga kinerja apa pun itu yang dibuat di stikom semakin meningkat dengan baik.,LAINNYA,RENDAH
Harapan untuk meningkatkan kinerja tersebut yaitu dengan meningkatkan lagi fasilitas tersebut agar menjadi lebih baik lagi,FASILITAS,RENDAH
tingkatnkan terus kinerja dalam membantu mahasiswa dan aspek lainya,LAINNYA,RENDAH
Semakin efektif,LAINNYA,RENDAH
Bisa lebih cepat dan tanggap atas permasalahan yang di ajukan,LAINNYA,RENDAH
semoga bisa membenahi beberapa fasilitas yang ada,FASILITAS,RENDAH
Lebih banyak menyiapkan modul untuk di pelajari mahasiswa.,LAINNYA,RENDAH
Dari segi dosen sudah sangat baik,AKADEMIK,RENDAH
"INFRASTRUKTUR DI PERBARUI, wc diperbaiki dan bikin gedung baru disebelah stikom",FASILITAS,RENDAH
Adakan lagi sidang komprehensif,LAINNYA,RENDAH
Tingkatkan koneksi pada kampus untuk mempermudah akses terhadap internet,JARINGAN_IT,RENDAH
Harapan saya agar pelayanan dan kinerja dari STIKOM bisa lebih ditingkatkan lagi,LAINNYA,RENDAH
membangun infrastruktur yang mampu menampung 50++ mahasiswa untuk kelas offline,KEUANGAN,RENDAH
jangan turunkan kinerja kalian,LAINNYA,RENDAH
Menambah fasilitas,FASILITAS,RENDAH
semoga bisa lebih meningkat lagi kedepannya,LAINNYA,RENDAH
selalu ditingkatkan,LAINNYA,RENDAH
Stikom Bali sudah melakukan kinerja dengan sangat baik,LAINNYA,RENDAH
"Makin ditingkatkan lagi kinerja dosen, prasarana perkulihaan, fasilitas kampus yang belum memadai.",FASILITAS,RENDAH
Tolong Aspirasi dari mahasiswa di dengar,LAINNYA,RENDAH
Harapan saya supaya perkuliahan tetap bisa berjalan dengan baik,LAINNYA,RENDAH
tolong lebih diperhatikan sarana di kelas dan toilet,FASILITAS,RENDAH
Harapannya semoga semakin maju,LAINNYA,RENDAH
"Semoga menjadi lebih baik lagi, untuk parki mohon diperluas",LAINNYA,TINGGI
"selalu tingkatkan untuk layanan, fasilitas maupun mengjarnya",FASILITAS,RENDAH
Harapan saya selalu lakukan yang terbaik untuk memajukan pendidikannya,LAINNYA,RENDAH
"Perbaiki fasilitas yang ada, adakan tempat untuk mahasiswa bisa bersosialisasi karena kantin yang sangat kurang",FASILITAS,SEDANG
"Terus mengembangkan dan mengadopsi teknologi pembelajaran terbaru, seperti pembelajaran online",LAINNYA,RENDAH
Untuk para mahasiswa tolong ada opsi magang nya di carikan,LAINNYA,RENDAH
semoga kedepannya untuk keamanan dalam area parkir kampus agar lebih ketat lagi mengingat waktu ini ada yang kehilangan helm,FASILITAS,RENDAH
Semoga kinerja sudah di lukukan dengan baik dan harapan nya agar stikom tetap konsisten dalam memberikan kinerja yang baik,LAINNYA,RENDAH
Semoga ada inovasi baru,LAINNYA,RENDAH
"Harapan Saya agar kedepannya pada saat setiap pergantian semester, syarat sertifikasinya tidak terlalu banyak supaya mahasiswa tidak mengalami kesulitan, terutama pada saat mengeluarkan biaya yang bisa dibilang tidak sedikit.",KEUANGAN,RENDAH
Mungkin untuk kursi kelasnya bisa diganti menjadi lebih moderen,FASILITAS,RENDAH
Semoga kedepannya menjadi lebih baik lagi,LAINNYA,RENDAH
pengkordinasian terhadap sdm kampus,LAINNYA,RENDAH
kerapian kabel yang melintang di jalur berjalan,LAINNYA,RENDAH
Lebih ditingkatkan kinerja kampus,LAINNYA,RENDAH
Saya inginkan adalah agar perpustakaan itb stikom bali semakin keren,LAINNYA,RENDAH
"Harapa saya dari Sion. Untuk Sion kadang jika kita approved absen, biasanya akan kembali ke menu awal. Dan itu sedikit merepotkan karena melihat pop up lagi.",LAINNYA,RENDAH
Maaf ya belum tau.. takut ada yang salah ketik.. mungkin bisa di tanyakan ke mahasiswa lain-nya..,LAINNYA,RENDAH
Peningkatan kualitas lulusan penting untuk memastikan bahwa lulusan STIKOM Bali memiliki kompetensi yang dibutuhkan oleh industri. Lulusan yang berkualitas dapat membantu STIKOM Bali untuk meningkatkan reputasinya sebagai perguruan tinggi yang menghasilkan lulusan yang siap kerja.,LAINNYA,TINGGI
Harapannya semoga kedepannya kinerja yang sudah baik bisa dipertahankan dan yang belum bisa ditingkatkan.,LAINNYA,RENDAH
"saat ini ok ok saja. mungkin ditingkatkan lagi pelayananya terutama responsivenessnya agar tidak perlu menunggu informasi yang ditanyakan terlalu lama serta keramahanya juga. ada beberapa fasilitas seperti kursi di beberapa kelas yang mengalami kerusakan, tolong diperbaiki. itu saja ??",FASILITAS,TINGGI
gedung diperluas atau diperbanyak!,FASILITAS,TINGGI
"Ape men,sg ngidang ngorang R",LAINNYA,RENDAH
"Tidak ada, karena kinerja stikom Bali sangat baik",LAINNYA,RENDAH
Lebih diperhatikan lagi kecukupan dan kelayakan fasilitas yang ada di kelas dan laboratorium,FASILITAS,RENDAH
Saya harap agar kedepannya STIKOM Bali dapat lebih banyak menyediakan event untuk mahasiswa dan saya harap untuk pemberian informasi lewat Sion bisa di beri notif agar tidak terlewat info,LAINNYA,RENDAH
"Meningkatkan pendanaan untuk riset mahasiswa dan dosen, terutama di bidang teknologi inovatif, serta mendirikan inkubator startup untuk mendukung ide-ide kreatif menjadi bisnis nyata.",AKADEMIK,RENDAH
Sudah bagus tingkatkan lagi,LAINNYA,RENDAH
"Mungkin untuk perpustakaan nya dibuat jauh lebih besar, karena saya sebagai mahasiswi sangat susah dalam melakukan tugas selain dirumah",LAINNYA,SEDANG
Semoga kedepannya stikom bisa lebih update persoal wifi karena kadang&quot; masih sering terdisconnect sendiri dan tidak terhubung dengan jaringan wifi Stikom Free,JARINGAN_IT,RENDAH
"semoga kedepannya pebih aware dengan fasilitas yang diberikan agar lebih layak digunakan dan mencukupi oleh seluruh mahasiswa di kelas, serta segera perbaiki lift yang rusak, agardapat digunakan secara maksimal.",FASILITAS,TINGGI
Semoga UKT tidak ikut naik,KEUANGAN,RENDAH
"harapan kedepanya untuk fasilitas yang menopang pembelajaran seperti kesediaan kouta untuk mahasiswa yang online dan kecepatan wifi di area kampus, serta kelengkapan fasilitas pada lab",FASILITAS,RENDAH
akses pembelajaran,LAINNYA,RENDAH
perlu ditingkatkan lagi dalam segala aspek,LAINNYA,RENDAH
Semoga ke depannya lebih baik lagi,LAINNYA,RENDAH
"Meningkatkan setiap fasilitas yang ada di dalam kampus, dan juga memperluas wilayah kampus itu sendiri.",FASILITAS,TINGGI
tidak ada sudah cukup,LAINNYA,RENDAH
"Mohon berikan informasi secara lengkap, Penjadwalan Sistem Hybrid ( Online &amp; Offline) yang seharusnya setiap 7 pertemuan saling bergantian, malah tidak jalan. Mohon diperbaiki.",AKADEMIK,RENDAH
Semoga lebih maju lagi dan lebih baik lagi.,LAINNYA,RENDAH
Harapan saya kedepannya bisa lebih baik lagi untuk sistem web e learning nya agar bisa memberikan notifikasi ke perangkat laptop ataupun laptop mahasiswa,LAINNYA,RENDAH
Semoga Stikom bali semakin baik kedepannya,LAINNYA,RENDAH
Pelayanannya semakin gercep lagi (yang sekarang sudah gercep) sehingga mahasiswa ataupun masyarakat dapat dibantu dengan lebih baik lagi,LAINNYA,RENDAH
semoga fasilitas seperti tempat parkir lebih diperluas,FASILITAS,TINGGI
kualitas dosen pengajar,AKADEMIK,RENDAH
"harapan untuk STIKOM Bali ke depannya adalah agar terus meningkatkan kualitas pendidikan yang berfokus pada teknologi dan bisnis, serta memperkuat kerja sama dengan industri lokal maupun global. Kami juga berharap STIKOM Bali dapat menjadi pusat inovasi yang melahirkan lulusan-lulusan kreatif, berdaya saing tinggi,",LAINNYA,TINGGI
Semoga lebih baik lagii,LAINNYA,RENDAH
"STIKOM Bali sebaiknya menyesuaikan kurikulum dengan kebutuhan industri, memperbanyak penelitian, dan menjalin lebih banyak kerjasama internasional. Selain itu, kampus bisa memperkuat program kewirausahaan, menyediakan sertifikasi keahlian, dan meningkatkan layanan digital.",LAINNYA,RENDAH
Fasilitas Kantin,FASILITAS,RENDAH
Menjadi universitas,LAINNYA,RENDAH
harapan saya agar kinerja yang sudah bagus bisa dipertahankan dan kinerja yanng masihh kurang bisa ditingkatkan lagi,LAINNYA,SEDANG
mungkin pada microsoft teams karena terkadang pada saat kelas dimulai tetapi room nya tidak muncul,LAINNYA,RENDAH
turunkan harga ukt boskuuu,KEUANGAN,RENDAH
semua sudah bagus semoga semua fasilitas bisa di tingkatkan lagi,FASILITAS,RENDAH
semoga tetap memberikan yang terbaik untuk mahasiswa,LAINNYA,RENDAH
"Pengembangan program pertukaran internasional menjadi suatu keharusan untuk memperluas kemitraan yang ada. Selain itu, penelitian dan inovasi harus diarahkan untuk menghasilkan solusi teknologi yang relevan dengan konteks lokal. Dukungan terhadap startup yang dijalankan oleh mahasiswa dan alumni juga perlu ditingkatkan, demi mendorong wirausaha di kalangan generasi muda. Terakhir, penting untuk mengintegrasikan teknologi mutakhir, termasuk kecerdasan buatan dan blockchain, ke dalam kurikulum pendidikan.",LAINNYA,TINGGI
semoga banyak inovasi yang bisa dikembangkan lagi oleh stikom,LAINNYA,RENDAH
Semoga ITB Stikom Bali lebih baik lagi dari yang sekarang,LAINNYA,RENDAH
"Fasilitas banyak yang rusak mohon diperbaiki karena kita bayar ukt malah tetapi fasilitas yang didapat tidak memadai, mohon sistem saat krs di benahi agar tidak terjadi trouble dan menyebabkan mahasiswa kecewa, dan untuk ruang kelas harap ditambah karena kita yang memilih kelas offline saat krs dipaksa memilih kelas online karena kekurangan ruangan kelas",FASILITAS,TINGGI
Memperbaiki/mengganti fasilitas kelas agar nyaman digunakan. Contoh : penataan LCD yang kurang akurat sehingga mahasiswa tidak dapat melihat layar dengan baik.,FASILITAS,SEDANG
Bagian keuangan dan bagian pembimbing dosen,AKADEMIK,RENDAH
harapan saya adalah semoga kedepannya Stikom Bali bisa meningkatkan fasilitas untuk mahasiwa menjadi lebih baik,FASILITAS,RENDAH
semoga bisa lebih sukses lagi,LAINNYA,RENDAH
Sudah mengalami peningkatan,LAINNYA,RENDAH
saya berharap stikom bali semakin maju,LAINNYA,RENDAH
tolong kecepatan internet dinaikkan,JARINGAN_IT,RENDAH
"untuk fasilitas dikampus jimbaran di tingkatkan karena dengan SPP yang sudah saya bayarkan bagi saya masih belum terbilang worth it terlebih lagi banyak sekali pengeluaran kami sebagai mahasiswa diluar pembayaran SPP yang menurut saya setelah melihat kampus IT lainnya dengan pembayaran SPP yang sama tapi dengan fasilitas serta kegiatan seperti PKL, KKN, kegiatan hiburan dll yang sudah di danai kampus mereka membuat saya merasa bahwa saya salah memilih kampus, kurangi tugas berkelompok karena sebagai mahasiswa semester tua saya tidak bisa selalu berkumpul baik offline maupun online karena ada kesibukan bekerja maupun magang. untuk papan tulis sekiranya di perbaiki yang ada bekas bekas spidol karena terlihat mengganggu. Untuk komputer baik lab J1 maupun J2 perbaiki komputer yang menjadi fasilitas kampus. Saya memohon sebagai mahasiswa tolong berikan tanggapan berupa perubahan dari kampus STIKOM Jimbaran karena bagi saya jika ingin menjadi kampus yang nomor satu harus bisa mendengan, mengevaluasi serta bertindak setelah membaca keluhan, saran, maupun permintaan kami sebagai mahasiswa yang percaya untuk berkampus disini, sekian terima kasih",FASILITAS,TINGGI
"harapan saya kedepannya semoga Bapak/Ibu dosen lebih bisa memperhatikan, untuk fasilitas di toilet yang mungkin kurang baik, seperti gagang pintu yang sudah lepas, rusak, atau mungkin yg lainnya dan juga harapan kedepannya semoga membangun semangat para mahasiswa dan mampu membangun suasana yang bagus dalam belajar di kelas.",FASILITAS,TINGGI
semoga stikom bali menjadi lebih baik lagi,LAINNYA,RENDAH
Harapan yang saya berikan untuk meningkatkatkan kinerja stikom bali adalah selalu uprgade dalam hal apapu,LAINNYA,RENDAH
HARAPAN SAYA DAPAT STIKOM BALI DAPAT MENINGKATKAN PERAN SERTA MAHASISWA MELALUI ORGANISASI KEMAHASISWAAN,LAINNYA,RENDAH
untuk saat ini tidak ada,LAINNYA,RENDAH
Pembangunan pusat kesehatan mental dan bantuan konseling,FASILITAS,RENDAH
Diharapkan agar STIKOM Bali selalu mengecek kelayakan sarana dan prasarana di lab maupun di kelas agar tidak terjadi kerusakan atau eror yang mengganggu proses perkuliahan,LAINNYA,TINGGI
Berharap Event kegiatan di STIKOM dapat lebih banyak lagi dan mungkim dikemudiam hari dapat bekerja sama dengan universitas universitas lainnya.,KEMAHASISWAAN,RENDAH
"Kelas yg khususnya di lantai 4, kalau bisa dindingnya diperbaiki, soalnya terkadang berisik dgn suara kelas sebelah",LAINNYA,RENDAH
"Sistem website dan pelayanan terkait kendala atau q&amp;a diperbaiki, untuk mencari informasi lumayan sulit dan kadang cukup menguras waktu",LAINNYA,RENDAH
tolong dengan sangat wifinya agar sampai ke semua kelas dan lab :-),JARINGAN_IT,RENDAH
"meningkatkan fasilitas bangku yang dimana banyak bangku yang sudah agak rusak, dan beberapa pc di lab mobile ada yang rusak",FASILITAS,TINGGI
semoga ke depannya stikom dapat berkembang lagi dan menghasilkan mahasiswa yang dapat membantu orang banyak,LAINNYA,RENDAH
Pengen cepat lulus dari stikom,LAINNYA,RENDAH
harapan saya agar dosen pembimbing maupun dosen penguji dapat memberikan respon yang tidak terlalu lama,AKADEMIK,RENDAH
Harapan saya supaya stikom lebih maju,LAINNYA,RENDAH
Tingkatkan kinerja web,LAINNYA,RENDAH
Semoga lebih banyak kolaborasi dengan industri lokal maupun internasional untuk memberikan peluang magang dan pelatihan kerja.,KEUANGAN,RENDAH
Semakin ditingkatkan lagi,LAINNYA,RENDAH
semoga semakin jaya jaya jaya,LAINNYA,RENDAH
apa aja asal bagus,LAINNYA,RENDAH
Harapan saya semoga ditahan 2025 nanti semoga lebih berkualitas lagi,LAINNYA,RENDAH
"Saya harap kedepannya STIKOM bisa juga berfokus pada pengembangan soft kill mahasiswa seperti speaking atau leadership. Saya tahu terdapat ukm-ukm yang mempelajari 2 hal tersebut tetapi saya harap ini dapat dipelajari seluruh mahasiswa setidaknya hal mendasar hal tersebut dapat dipahami (maaf, jika ada yang salah atau belum saya ketahui lebih mendalam).",KEMAHASISWAAN,RENDAH
Perluas lagi area kampus terutama untuk jumlah ruang kelas dan area parkir yang kurang memadai dan tidak sesuai dengan jumlah mahasiswa yang ada,FASILITAS,TINGGI
Stikom bali semoga menjadi kampus komputer terfavorit di bali,LAINNYA,RENDAH
"Harapannya agar terus berinovasi meningkatkan kualitas pendidikan yang relevan dengan zaman, memfasilitasi kolaborasi luas dengan dunia industri untuk siapkan lulusan yang kompeten, dan siap bersaing di tingkat global. Respek terhadap kebutuhan mahasiswa, memperhatikan kesejahteraan mahasiswa dan tenaga pengajar dan seluruh yg bersangkutan.",FASILITAS,TINGGI
Meningkatkan pelayanan yang humanis dalam memberikan informasi kepada siswa.,LAINNYA,RENDAH
Memperluas Parkiran Yang STIKOM Punya,FASILITAS,TINGGI
lebih ditingkatkan kualitas cara mengajarnya serta bangku buat belajar dikelas agak kecil menurut saya mungkin bisa menggunakan bangku dari ruangan 3.9,FASILITAS,RENDAH
"semoga STIKOM Bali dapat memperbaiki kunci pinto toilet di kamar mandi pria lantai 3 dan 4 yang hilang, serta ketersediaan wifi di lantai 3 seperti di lantai 4",FASILITAS,RENDAH
Meningkatkan fitur lengkap pada setiap sistem informasi yang digunakan,LAINNYA,RENDAH
peningkatan sarana dan prasarana,LAINNYA,RENDAH
pertahankan yang perlu dipertahankan dan perbaiki yang perlu diperbaiki,LAINNYA,RENDAH
harapan saya ialah terus tingkatkan kinerja dalam segala aspek,LAINNYA,RENDAH
wc nya kurang di bersihkan,FASILITAS,SEDANG
"Saya berharap STIKOM Bali terus meningkatkan inovasi pembelajaran, memperluas kerja sama internasional, dan memberikan lebih banyak beasiswa untuk mendukung mahasiswa berprestasi.",KEMAHASISWAAN,TINGGI
"Mengurangi pembelajaran online untuk kelas yang offline, dikarnakan yang offline selalu aja mendapatkan kelas online padahal pilihan saya dari awal offline. Sekian dari saya",LAINNYA,RENDAH
Semoga fasilitas lebih ada perbaikan agar tidak membahayakan seperti lift,FASILITAS,KRITIS
"Mempervaiki atau meningkatkan fasilitas dalam kelas (kursi meja, proyektor)",FASILITAS,RENDAH
Srmoga semakin meningkat kinerjanya,LAINNYA,RENDAH
"harapan saya, program RPL bisa berjalan sesuai dengan apa yang dipromosikan dimedia. dengan demikian, greet ITB STIKOM BALI akan lebih meningkat, dan keinginan dari teman-teman karyawan LPD dibali untuk belajar ke ITB STIKOM BALI akan lebih meningkat karena saat ini LPD sedang dalam Era Digitalisasi.",LAINNYA,RENDAH
Kurangnya penambahan file skkm di sion,LAINNYA,SEDANG
semoga saya makin maju,LAINNYA,RENDAH
Kecukupan koleksi bahan bacaan di perpustakaan.,FASILITAS,RENDAH
Saya harap Mahasiswa lebih diperhatikan dalam proses belajar mengajar,AKADEMIK,RENDAH
jiks memberikan informasi lebih di perjelas,LAINNYA,RENDAH
agar lebih ditingkatkan lagi,LAINNYA,RENDAH
yang saya harapkan untuk kedepannya Stikom Bali bisa menjadi lebih baik lagi dan lebih besar lagi,LAINNYA,RENDAH
semoga kedepan nya lebih baik,LAINNYA,RENDAH
Mungkin lebih di tingkatkan di bagian akademik,AKADEMIK,RENDAH
menjaga kualitas layana kampus,LAINNYA,RENDAH
"Saya berharap STIKOM Bali terus berinovasi dalam kurikulum, memperkuat kolaborasi dengan industri, dan meningkatkan fasilitas pendukung belajar.",FASILITAS,RENDAH
Tolong awasi kakak tingkat yang berlebihan tentang senioritas di Kampus,LAINNYA,RENDAH
"agar mahasiswa lebih tau, informasi dikirim lewat email",LAINNYA,RENDAH
laksujghflkjhadkljblerikuvblkajsdbklfjalkefrhugjikbflkjdbvlfkjuagrkje3balkujdflojkuhaflkjawbefikugdlokajhvblkjshabdvlckjhagldkjsfsgkjhgafdkljabflkjb!!!!!!!!,LAINNYA,RENDAH
meningkatkan kembali kinerja dalam berbagai macam hal,FASILITAS,RENDAH
lebih ditingkatkan lagi apa yang perlu ditingkatkan,LAINNYA,RENDAH
Saya rasa harus dibarengi dengan peningkatan kualitas cara penyediaan informasi dan informasi yang disediakan,LAINNYA,RENDAH
tetaplah mempertahankan kinerja terbaik untuk seluruh mahasiswa,LAINNYA,RENDAH
Ya tolong banget ya biar mengecek kinerja dosen yang benar ya kak ?? terimakasih:),AKADEMIK,RENDAH
"Harapan saya, jam perkuliahan di stabilkan",LAINNYA,RENDAH
memperbesar nama dan fasilitas nya,FASILITAS,RENDAH
tersedian kantin yang masih kurang dan terkadang proyektor bermasalah saat pembelajaran mata kuliah sedang berlangsung,FASILITAS,SEDANG
harapan nya agar fasilitas sarana dan prasarana yang ada di kelas agar lebih baik dari sebelumnya,FASILITAS,RENDAH
Harapan saya agar stikom bali dapat lebih maju lagi ke depannya,LAINNYA,RENDAH
Harapan kedepannya semoga pengajar lebih mengerti keadaan siswa,LAINNYA,RENDAH
Agar layar proyektor yang ada di kelas pada saat dipergunakan agar mahasiswa terlihat jelas dari belakang.,FASILITAS,RENDAH
Menurut saya WiFi kurang ditingkatkan di seluruh lantai,JARINGAN_IT,SEDANG
"tolong sistem uts dan uas nya dikembalikan semester semester lalu, semoga stikom bali lebih bagus dan lebih baik",LAINNYA,TINGGI
semoga lebih diperhatikan lagi yang masih kurang baik kinerja nya,LAINNYA,SEDANG
untuk saat ini mungkin diberi aksess wifi yang baik ketika di lab saat menggunakan perangkat laptop pribadi kami harus menggunakan hotspot pribadi untuk mendukung pembelajaran,JARINGAN_IT,RENDAH
"Harapan saya, agar lebih memperhatikan sarana dan prasana di kampus seperti lampu toilet dan proyektor sering kali dalam keadaan miring",FASILITAS,RENDAH
agar memberikan kejelasan terhadap Maba yang bingung akan hybird,LAINNYA,RENDAH
Harapan saya liftnya cepat diperbaiki,FASILITAS,RENDAH
bisa lebih baik dan tidak down pada saat krs,AKADEMIK,RENDAH
Kursi dan pc semoga segara di perbaiki,FASILITAS,RENDAH
"tetap maju pantang mundur, semangatt",LAINNYA,RENDAH
"bisa lebih baik, peka, dan aware dengan situasi kondisi mahasiswa dan menyesuaikan layanan dan fasilitas lebih baik",FASILITAS,TINGGI
Diharapkan dosen bisa memaprkan materi lebih berhati hati,AKADEMIK,RENDAH
Saya rasa STIKOM Bali sudah bagus,LAINNYA,RENDAH
"Tolong agar kamar mandi agar tidak bau, lift bekerja keduanya, wifi lebih cepat di semua tempat, masa kampus IT kecepatan wifinya lebih lambat daripada cafe kopi. Selain itu, semua sudah bagus.",FASILITAS,SEDANG
perbaiki tangga loby,LAINNYA,RENDAH
"Saya harap, agar semua dosen pada saat akan mengadakan kuliah online/offline di kampus, ada info dari sebelumnya",AKADEMIK,RENDAH
kedepannya lebih ditingkatkan lagi terutama pada bagian toilet yang dimana tidak ada tisu,FASILITAS,RENDAH
Lebih awasi lagi dosen malas mengajar hanya bisa nyuruh mahasiswa belajar mandiri,AKADEMIK,RENDAH
untuk Kinerja sangat bagus.sukses selalu dan semoga kinerjanya semakin terus meningkat.,LAINNYA,RENDAH
"Buatkan ruang untuk seluruh UKM yang ada, tambahkan ruang kantin",KEUANGAN,RENDAH
Lakukan pemeliharaan rutin agar tidak rusak,LAINNYA,TINGGI
kinerja sudah baik,LAINNYA,RENDAH
Saya rasa kinerja STIKOM Bali sudah sangat bagus dan saya harap untuk kedepannya kinerja baik ini dapat dipertahankan ataupun ditingkatkan.,LAINNYA,RENDAH
membuat gedung lebih banyak biar bisa offline,FASILITAS,RENDAH
Semoga lebih aktif lagi,LAINNYA,RENDAH
agar lift lebih baik,FASILITAS,RENDAH
Mungkin kantin lebih bagus lagi dikit,LAINNYA,RENDAH
"Membangun fasilitas yang lebih canggih lagi,belum di lakukan",FASILITAS,RENDAH
Harapan fasilitas parkir agar lebih luas,FASILITAS,TINGGI
memperluas kuliah online karena masih banyak orang yang ingin melanjutkan tapi terbatas ruang dan waktu.,KEUANGAN,TINGGI
Harapan saya adalah tingkatkan fasilitas baik yang sudah ada maupun belum yang berhubungan langsung dengan proses ajar mengajar.,FASILITAS,RENDAH
agar menambah tempat parkir kenadaraan,FASILITAS,RENDAH
Harapannya semoga kinerja baiknya tetap konsisten,LAINNYA,RENDAH
Tolong infokan seluruh pengunguman yang sejelas mungkin,LAINNYA,RENDAH
"tetap pertahankan kualitas kinerja, kalau bisa tingkatkan juga",LAINNYA,RENDAH
di tingkatkan kembali,LAINNYA,RENDAH
Harapan agar kelasnya diperbaiki agar semakin nyaman lagi dalam belajar (khususnya di kursi ),FASILITAS,RENDAH
Harapan semoga lebih baik lagi,LAINNYA,RENDAH
Cukup di pertahankan,LAINNYA,RENDAH
Semoga kampusnya menjadi kampus yang terbaik di bali,LAINNYA,RENDAH
Semoga kedepan semakin baik,LAINNYA,RENDAH
memprioritaskan mahasiswa,LAINNYA,RENDAH
Semoga menjadi kampus IT yg terbaik di bali,LAINNYA,RENDAH
yang harus di tingkatkan mungkin sudahh bagus kurang di kanti saja kurangg bagus,LAINNYA,SEDANG
"Untuk kelas, mungkin bisa di buat seperti kelas di jimbaran yang tertata rapi dan mewah",LAINNYA,RENDAH
"Saya ingin menyampaikan harapan saya kedepannya untuk mengenai kampus nya. Harapan saya untuk kedepannya semoga tampilan kampusnya diperbarui agar tidak monoton bertahun-tahun gitu&quot; saja, semoga di renovasi kampus pusat yang di renon ini agar lebih terlihat bagus dan mahasiswa/i semakin betah dan ini juga bisa menjadi poin plus bagi STIKOM Bali yang di renon ini karena dapat menambah peluang pasar ketertarikan calon peserta didik baru nantinya dan ini lumayan menambah persentase kenaikan peserta didik baru di tahun berikut nya.",KEUANGAN,RENDAH
Saya hanya berharap di kamar mandi disediakan tisu,LAINNYA,RENDAH
harapan nya semoga kedepan nya lebih baik lagi,LAINNYA,RENDAH
"Saya mengusulkan lahan parkir bagi mahasiswa, dan basement tidak kebanjiran",FASILITAS,TINGGI
harapannya agar lebih bisa meningkatkan dalam menjalin kinerja stikom bali menjadi lebik baik,LAINNYA,RENDAH
Pertahankan cara mengajar dosen,AKADEMIK,RENDAH
Tetap pertahankan kinerja sekarang,LAINNYA,RENDAH
semakin ditingkatkan,LAINNYA,RENDAH
Kemauan dosen untuk memberi perhatian kepada mahasiswa,AKADEMIK,RENDAH
Semoga semakin jaya,LAINNYA,RENDAH
harapan kedepannya adalah semoga lift di stikom tidak rusk rusak lagi,FASILITAS,TINGGI
Menurut saya sudah cukup baik dan harus lebih baik lagi eterusnya,LAINNYA,RENDAH
Kualitas wifi dan fasilitas dalam kelas,FASILITAS,RENDAH
"itb stikom bali bisa bersaing dengan binus university dan kampus swasta terbaik di indonesia dalam bidang teknologi, itb stikom bali dapat rank terbaik entah di dunia atau asia atau bahkan di indonesia sendiri, lakukanlah branding jangan hanya marketing terus agar seluruh indonesia tau itb stikom bali bisa bersaing dengan kampus atau universitas manapun, sekian maaf dan terimakasih",LAINNYA,RENDAH
KUISIONER JANGAN BANYAK,LAINNYA,RENDAH
meningkatkan fasilitas yg lebih baik,FASILITAS,RENDAH
harapan saya agar kelas karyawan lebih di prioritaskan dan berikan 1 staf khusus untuk memanajemen kelas karyawan saya bayar mahal untuk ini tapi kayak di anak tirikan kecewa saya karena kemarin ada masalah semua saling lempar tanggung jawab hilangin aja bagian informasi jika tidak bisa membantu. 99 sia sia terpampang layanan informasi tapi ngak bisa komunikasi judes banget bagian akademiknya dikira saya mau minta minta weee saya bayar lohhhh makasih itu aja,AKADEMIK,RENDAH
mungkin untuk saat ini sudah cukup baik :),LAINNYA,RENDAH
Bisa di tingkatkan lagi dari segi pendidikan mengajar dan fasilitas di kantin ataupun toilet,FASILITAS,RENDAH
"Agar di setiap meja di kelas ada colokan, Ada tissu di toilet,",FASILITAS,RENDAH
mungkin kantin di jimbaran ditambah lagi,LAINNYA,RENDAH
membuat kusioner bisa diisi opsional sementara misalnya 1 minggu sebelum menjadi wajib karena mendadak gak bisa digunakan sion saat keadaan dibutuhkan bisa jadi masalah,LAINNYA,RENDAH
semoga semakin bagus kenerjanya,LAINNYA,RENDAH
"Percepat proses pada akademik, karena saya menunggu dosen pembimbing KP 4 minggu belum keluar",AKADEMIK,RENDAH
Mohon liftnya segera diperbaiki karena sangat diperlukan,FASILITAS,RENDAH
"memperbakiki fasilitas kelas, upgrade wifi stikom, dan meningkatkan fasilitas kantin terutama kebersihannya",FASILITAS,RENDAH
"Menurut saya, banyak dosen yang menerapkan pembelajaran secara pasif. Beberapa dosen hanya memberikan &quot;judul&quot; materi dan memberikan mahasiswa tugas untuk presentasi. Saya harapkan dosen mampu mendorng keaktifan mahasiswa dan tidak hanya mengajar dengan membaca slide ppt dan membacakannya untuk mahasiswa.",FASILITAS,RENDAH
Perbesar kantin,LAINNYA,RENDAH
Semoga ke depannya kampus ini bisa terus berkembang dan jadi kampus IT terbaik bukan cuma di Bali tapi juga di Indonesia,LAINNYA,RENDAH
bisa lebih baik lagi,LAINNYA,RENDAH
Semoga fasilitasnya semakin baik,FASILITAS,RENDAH
Kelayakan fasilitas sarana dan prasarana kantin diperbaiki,FASILITAS,RENDAH
Semoga kedepannya semakin lebih baik lagi,LAINNYA,RENDAH
"Untuk meningkatkan kinerja, STIKOM Bali dapat menjalin kerja sama internasional, menambah program studi terkini, mendukung riset dan startup, memaksimalkan e-learning, memperkuat jaringan alumni, mengintegrasikan pelatihan soft skills, dan meningkatkan program berbasis teknologi untuk masyarakat lokal.",JARINGAN_IT,RENDAH
Semakin Ditingkatkan Lagi,LAINNYA,RENDAH
Harapan saya untuk kedepan nya lebih baik lagi dari yang sebelum nya,LAINNYA,RENDAH
harapan kedepan untuk meningkatkan kinerja STIKOM Bali semoga lebih ditingkatkan lagi untuk permasalahan sarana dan prasarana yang masih belum memadai agar bisa menunjang peningkatan kinerja selanjutnya,LAINNYA,RENDAH
"Menyediakan fasilitas tempat duduk dan colokan di luar kelas, dalam area kampus",FASILITAS,RENDAH
"mohon di perhatikan untuk setiap kursi di kelas, karena beberapa kelas kursinya ada yang rusak",FASILITAS,TINGGI
"Harapannya, STIKOM Bali dapat terus meningkatkan kualitas lulusannya agar lebih siap menghadapi tantangan dunia kerja yang semakin kompleks. Hal ini dapat dilakukan melalui peningkatan kurikulum, pengembangan soft skills, serta penguatan kerjasama dengan industri.",LAINNYA,TINGGI
semoga semakin baik kedepannya,LAINNYA,RENDAH
untuk wifi dimohonkan untuk lebih lancar saat diakses,JARINGAN_IT,RENDAH
Untuk saya tidak ada,LAINNYA,RENDAH
Kemampuan mengajar,AKADEMIK,RENDAH
Mohon lebih di tingkatan lagi segala aspek,LAINNYA,RENDAH
Harapannya semoga bisa ditingkatkan menjadi yang lebih baik agar bisa mengungguli kampus lain,LAINNYA,RENDAH
Dosen sering tidak menghadiri kelas karena mengikuti rapat internal pada jam perkuliahan,AKADEMIK,RENDAH
"coba di seleksi lagi dari setiap dosen, yang bisa menghargai mahasiswa dan bisa membimbing mahasiswa, yang bisa tau situasi dan kondisi",AKADEMIK,TINGGI
"Terkait SION untuk pascasarjana, mungkin bisa ditambah fitur keuangan, agar mahasiswa dapat melihat kekurangan biaya perkuliahan. dan selebihnya sudah OKE",KEUANGAN,SEDANG
bisa di tingkatkan di bidang yang kurang tsb,LAINNYA,SEDANG
Lebih cepat dan bijak lagi dalam menangani dan mengelola fasilitas,FASILITAS,RENDAH
harapannya semoga stikom lebih baik lagi,LAINNYA,RENDAH
Terkait pelaksanaan sertifikasi. Sebaiknya pelatihan dibuka walaupun tidak saat semesteran. Karna saya sendiri ingin lulus cepat namun harus menunggu akhir semester untuk mendapat jadwal. Padahal hanya tinggal matkul Tugas Akhir saja jadi sangat disayangkan kalau hanya gara-gara sertifikasi tertunda. Dan karena saya mahasiswa transfer juga jadi tidak bisa ikut semua sertifikasi sekalian karena biaya yang lumayan jadi harus dicicil sehingga tidak setiap semester bisa ikut banyak sertifikasi (Mohon didengarkan masukannya),AKADEMIK,RENDAH
usir dosen-dosen yg ngajarnya sidejob,AKADEMIK,RENDAH
harapan saya semoga kedepannya bisa meningkatkan lagi pelayanan terutama di bidang akademik dan keuangan,AKADEMIK,RENDAH
"Untuk harapan saya di pascasarjana agar menyeimbangkan untuk mengenai tugas tugas di karenakan saya bekerja di sebuah instansi, sangat sulit saya bisa membagikan waktu antara tugas kuliah dan tugas dari instansi saya bekerja, itu saja harapan mengenai dari saya terimakasih, #stikombalihebat",LAINNYA,RENDAH
"Semoga kedepannya bisa lebih aware tentang kerusakan dan kurang layaknya fasilitas kampus, seperti saat itu lift yang berbulan bulan tak kunjung dibenarkan. karena tempat belajar yang nyaman ditunjang dari fasilitas yang nyaman juga. Dan mohon untuk menegaskan metode pembelajaran dosen yang tidak akan menyusahkan mahasiswanya. Tidak apa menggunakan metode yang unik, asalkan tujuannya tetap sama yakni memberikan ilmu bukannya selalu membuat mahasiswa mengerjakan sendiri, membuat sendiri tanpa dijelaskan sebelum atau bahkan sesudahnya. Sangat disayangkan, harusnya kita bisa dapat mengerti dengan mata kuliah tersebut justru malah makin tidak mengerti karena metode pembelajaran yang diterapkan sangat kurang baik.",FASILITAS,TINGGI
Harga makanan di kantin sangat mahal,LAINNYA,RENDAH
Kami berharap segala kelengkapan alat di lab. dapat di perbaharui kembali,LAINNYA,RENDAH
harapan saya untuk STIKOM kedepanya semoga bisa memperbanyak kelas offline,LAINNYA,RENDAH
tingkatkan fasilitas koneksi wifi untuk mahasiswa,FASILITAS,RENDAH
"tidak ada, sudah sangat baik",LAINNYA,RENDAH
Harapannya semoga kampus ini selalu baik seperti sekarang dan semoga bisa lebih baik lagi.,LAINNYA,RENDAH
"Menjadi yang terdepan, always the first ???",LAINNYA,RENDAH
semoga pakai starlink segera,LAINNYA,RENDAH
Semoga mendapatkan nilai yang bagus,AKADEMIK,RENDAH
Agar lebih ditingkatkan dalam fasilitas maupun pelayanan agar dapat menjadi kampus terbaik di bali,FASILITAS,RENDAH
semiga kedepanya semakin bangus diselaga bagian,LAINNYA,RENDAH
"Menurut sayaUntuk meningkatkan kinerja STIKOM Bali,harapan saya adalah dengan memperkuat kerjasama industri, mengembangkan program pendidikan lanjutan, mendukung riset dan inovasi, memberikan pelatihan bagi staf dan mahasiswa, serta memperkuat koneksi dengan alumni.",JARINGAN_IT,RENDAH
potongan tetap berlanjut terus,LAINNYA,RENDAH
"Tidak ada, ini sudah lebih dari cukup",LAINNYA,RENDAH
Peningkatan Kolaborasi dengan dunia industri,LAINNYA,RENDAH
HARAPAN SAYA SEMOGA DI KAMPUS STIKOM MEMPUNYAI UKM ESPORT AGAR MAHASISWA DAPAT SUPPORT DARI KAMPUS,KEMAHASISWAAN,RENDAH
"Tetap di pertahankan dan apabila masih bisa di tingkatkan, tingkatkanlah",LAINNYA,RENDAH
"Lift yang dibenarkan, fasilitas yang perlu diperbaiki dan ditambah dan hubungan antara mahasiswa dan ukm dan hima di kmapus",FASILITAS,RENDAH
Semoga bisa jadi yang lebih terbaik lagi ke depan nya,LAINNYA,RENDAH
Semoga kedepannya bisa lebih baik lagi dan semoga ada lapangan futsal,LAINNYA,TINGGI
Pertahankan dan Lebih ditingkatkan lagi kinerja syg sudah baik,LAINNYA,RENDAH
Mohon polling kelas online offline nya di sesuaikan lagi terima kasih,LAINNYA,RENDAH
semoga lebih maju,LAINNYA,RENDAH
"harapan untuk kedepannya agar fasilitas kampus ditingkatkan untuk menunjang kenyamanan seperti fasilitas lift , kantin , dan toilet yang perlu diperhatikan",FASILITAS,RENDAH
Semoga kedepannya STIKOM Bali merawat segala prasarana kampus dengan baik,LAINNYA,RENDAH
Semoga stikom semakin berkembang,LAINNYA,RENDAH
Semogalebih baik,LAINNYA,RENDAH
Meningkatkan kemudahan dan kecepatan dalam mengakses website kampus,LAINNYA,RENDAH
semakin lebih baik kedapnnya,LAINNYA,RENDAH
Peningkatan infrastruktur dan fasilitas,FASILITAS,RENDAH
Menjadi lebih cekatan lagi dalam menyelesaikan berbagai keluhan mahasiswa dengan baik dan memuaskan,LAINNYA,TINGGI
"diharapkan lebih memperhatikan kelayakan terhadap fasilitas yang ada, serta diharapkan segera mempertimbangkan mengenai perbaikan fasilitas.",FASILITAS,RENDAH
Harapan saya adalah STIKOM Bali dapat terus meningkatkan kualitas pendidikan dengan memperbarui kurikulum sesuai perkembangan terbaru dalam teknologi informasi dan komunikasi.,LAINNYA,RENDAH
Semoga semakin di tingkatkan,LAINNYA,RENDAH
"sarana dan prasarana harus lebih baik, ganti fasilitas yang rusak, evaluasi dosen pembimbing agar bisa mengajar lebih baik dan memperhatikan mahasiswa",FASILITAS,TINGGI
Semoga bisa memperluas kerjasama dengan perusahaan teknologi lokal maupun internasional sehingga memuas yang dapat lebih siap menghadapi tantangan dunia kerja,LAINNYA,TINGGI
"semoga untuk kelas online diperhatikan waktunya, agar dibuat kelas karyawan tidak di pagi hari karena bahaya juga bagi saya sebagai karyawan apabila mendahulukan kelas di pagi hari, bisa saja saya kehilangan pekerjaan dan tidak dapat melanjutkan kuliah lagi karena tidak ada biaya, mohon menjadi perbaikan kedepannya",KEUANGAN,KRITIS
lanjutkan dan pertahankan,LAINNYA,RENDAH
seemoga selalu memberikan materi yang baik kepada mahasiswa,LAINNYA,RENDAH
"Fasilitas yang Lebih Baik Harapannya, kampus kita dapat meningkatkan fasilitas yang tersedia, seperti perpustakaan, laboratorium, ruang kelas, dan area rekreasi, sehingga dapat mendukung kegiatan belajar-mengajar dan kegiatan ekstrakurikuler dengan lebih optimal.",FASILITAS,RENDAH
tetap melakukan evaluasi kinerja seluruh staf dan program yang dijalankan,LAINNYA,TINGGI
Memberikan bansos,LAINNYA,RENDAH
Memperkuat jaringan wifi pada laboratorium dan memberikan akses kredensial untuk jaringan pada lab tersebut,JARINGAN_IT,RENDAH
memaksimalkan kebijakan itu,LAINNYA,RENDAH
semoga lebih baik lagi ke depannya,LAINNYA,RENDAH
"Meningkatkan infrastruktur seperti beberapa ac yang mati, agar memberi kenyamanan bagi mahasiwa dan dosen dalam melakukan belajar mengajar",FASILITAS,TINGGI
lebih melihat komplain mahasiswa,LAINNYA,RENDAH
memperluas gedung agar setiap mahasiswa dapat belajar secara offline dimana belajar offline lebih efektif ketimbang online dikarenakan bisa lebih meningkatkan fokus dan juga tidak ada kendala sinyal,FASILITAS,TINGGI
Semoga kedepannya semakin baik lagi,LAINNYA,RENDAH
Semoga selalu meningkat,LAINNYA,RENDAH
Lebih cepat tanggap,LAINNYA,RENDAH
harapan saya untuk mendengarkan aspirasi mahasiswa,LAINNYA,RENDAH
"Harapan saya untuk meningkatkan kinerja ITB STIKOM Bali adalah memperkuat kolaborasi industri, serta fokus pada inovasi kurikulum dan fasilitas. Dengan demikian, lulusan akan lebih siap menghadapi tantangan dunia kerja yang dinamis dan kompetitif.",FASILITAS,TINGGI
tetap mempertahankan metode pemblajaran yang efektif,LAINNYA,RENDAH
saran saya semoga keepannya stikom mampu memberikan jalan terbaik dalam mahasiswa yang sakit atau ijin agar bisa dipermudah,LAINNYA,RENDAH
Memperluas jurusan yg sudah ada,LAINNYA,TINGGI
Semoga stikom dalam peningkatan akademik agar stikom dapat menawarkan dunia kerja yang lebih luwus khususnya kepada mahasiswa semester akhir ataupun yang baru saja diwisuda agar tidak nganggur,AKADEMIK,TINGGI
"harapan saya agar Memperbaiki sarana dan prasarana, melakukan perawatan berkala pada gedung dan fasilitas kampus, menambah koleksi buku dan jurnal di perpustakaan, meningkatkan kapasitas & kecepatan jaringan internet",FASILITAS,RENDAH
"Semoga fasilitas dipermudah lagi seperti lift, parkir diperluas, toilet diperbaharui dll.",FASILITAS,TINGGI
Kami mempunyai usulan untuk ruang kelas itu di perbanyak supanya tidak ada perkuliahan online,KEUANGAN,RENDAH
Mengundang praktisi industri sebagai pengajar tamu untuk berbagi pengalaman dan wawasan terkini.,LAINNYA,RENDAH
yang lebih baik,LAINNYA,RENDAH
Semoga stikom bali bisa memaksimalkan lagi pembelajaran yang bersifat online atau pun offline,LAINNYA,RENDAH
apa bila ada kerusakan atau hal yang kurang bisa segera dibenahi,LAINNYA,TINGGI
memilih kualitas mahasiswa saat pertama kali masuk,LAINNYA,RENDAH
Untuk penggunaan WiFi agar ditingkatkan kembali,JARINGAN_IT,RENDAH
Harapan saya untuk di pertahankan kinerja stikom dan ditingkatkan lagi,LAINNYA,RENDAH
Semakin berkembang dan ditingkatkan lagi pelayanannya,LAINNYA,RENDAH
saya harap stikom memperbanyak tempat parkir,FASILITAS,RENDAH
mungkin meningkatkan cara mengajar untuk beberapa dosen,AKADEMIK,RENDAH
Semoga kedepannya dapat lebih baik lagi,LAINNYA,RENDAH
Mohon fasilitasnya ditingkatkan lagi!!,FASILITAS,RENDAH
"Diharapkan STIKOM Bali dapat terus meningkatkan kualitas dan kuantitas riset yang dihasilkan, serta berkontribusi pada pengembangan ilmu pengetahuan dan teknologi yang bermanfaat bagi masyarakat luas.",LAINNYA,TINGGI
kiranya bisa mempeluas area kampus renon/expand karena saat ini area di dalam gedung semakin sempit dan padat.,FASILITAS,TINGGI
untuk saat ini belum ada dan semoga STIKOM BALI semakin maju,LAINNYA,RENDAH
Semoga kedepannya lebih baik lagj,LAINNYA,RENDAH
"saya harap kedepannya tidak ada lagi dosen atau tenaga pengajar meminta mahasiswa untuk membeli alat-alat praktikum karena saya BAYAR MAHAL SEBESAR 6JT, ITU UANG DI KEMANAKAN?? KE KANTONG SIAPA?, SAYA HARAP SEBESAR BESARNYA BAGI MANAJEMEN YANG MENGATUR FASILITAS ATAU YANG BERWENANANG UNTUK MENYEDIAKAN ALAT PRAKTIKUM DAN LAIN HALNYA.......",FASILITAS,RENDAH
Untuk tempat informasi berbasis web seperti sion dan e learning mungkin lebih baik ada aplikasinya dan notifikasinya agar setiap ada informasi terbaru bisa keliatan tanpa buka aplikasi atau web nya terlebih dahulu,LAINNYA,RENDAH
bagus dan harus ditingkatkan lagi,LAINNYA,RENDAH
"Harapan saya pada STIKOM adalah memberikan layanan informasi yang lebih lengkap dan jelas pada program program yang dilaksanakan, seperti kontrak dengan suatu lembaga/organisasi tolong berikan informasi yang lebih nyata atau jelas tanpa imajinasi yang belum pasti. sehingga mahasiswa yang mengikuti program tersebut tidak menerima informasi yang salah atau informasi yang tidak sejalan dengan yang dijelaskan saat diikuti oleh mahasiswa/dengan yang sebenarnya terjadi di lapangan. Terima kasih",LAINNYA,RENDAH
Saya berharap STIKOM Bali dapat menyediakan akses internet yang lebih stabil dan cepat di seluruh area kampus agar proses belajar-mengajar dapat berjalan lebih optimal.,JARINGAN_IT,RENDAH
"sudah baik, semoga dipertahankan",LAINNYA,RENDAH
memastikan mahasiwa stikom mengerti dan memahami setiap informasi yang berkaitan dengan perkuliahan terkhususnya uang kuliah karena uang kuliah di stikom juga tergolong mahal dan maba stikom perlu persiapan keungannya...,KEUANGAN,RENDAH
masih Kurangnya kecepatan dalam menangani dan memberikan umpan balik terhadap keluhan dan menjawab pertanyaan mahasiswa terutama bagian akademik dan keuangan. Keramahan dalam memberikan layanan informasi kepada mahasiswa ketika menanggapi keluhan dan pertanyaan mereka. Fasilitas belajar mengajar dikelas yang kuang seperti white board dan screen proyektor yang sepertinya sudah bertahun-tahun tidak ada pergantian. update proyektor yang masih model lama dengan yang lebih baru sehingga bisa lebih besar tampilan layar nya. white board juga sudah banyak yang menguning dan perlu diganti.,FASILITAS,SEDANG
Semoga semakin maju,LAINNYA,RENDAH
semoga tetap jaya terus stikom??,LAINNYA,RENDAH
semoga kedepannya stikom makin peduli dengan mahasiswanya,LAINNYA,RENDAH
"agar bisa meningkatkan lagi harapan mahasiswa yang sekira nya tidak mampu untuk melanjutkan perkuliahan, agar bisa dipermudah menyelesaikan perkuliahan",LAINNYA,RENDAH
"ketika menggunakan sistem stikom bali ngelag karena keterbanyakan mahasiswa yg menggunakan, diharapkan ada perubahan kedepannya",LAINNYA,RENDAH
Semoga kedepannya lebih baik lagi.,LAINNYA,RENDAH
Menurut saya stikom sudah melakukan kimerjanya dengan baik,LAINNYA,RENDAH
Semoga pelayanan makin baik lagi,LAINNYA,RENDAH
perlu terus ditingkatkan kualitas pengajaran dengan mengadopsi metode pembelajaran yang lebih inovatif dan memanfaatkan teknologi digital,LAINNYA,RENDAH
Semoga kedepannya jauh lebih baik,LAINNYA,RENDAH
Harapan saya semoga kedepannya lift stikom renon cepat di perbaiki,FASILITAS,RENDAH
meningkatkan ketepatan waktu dan jadwal pembelajaran sesuai krs,AKADEMIK,RENDAH
Terus ditingkatkan,LAINNYA,RENDAH
Semoga para dospem mudah untuk di hubungi,LAINNYA,RENDAH
"tidak ada, semua sudah bagus.",LAINNYA,RENDAH
"Harapan saya dalam memberikan fasilitas khusus wifi gratis Dan mengganti lcd,kursi,dll yg sudah rusak",FASILITAS,TINGGI
tidak ada untuk saat ini,LAINNYA,RENDAH
Yang terbaik untuk stikom,LAINNYA,RENDAH
kemudahan berbagai hal khusus untuk kelas karyawan (online) agar disesuaikan agar kami tidak terlalu merasakan tertekan.,LAINNYA,RENDAH
"Peningkatan Fasilitas dan Infrastruktur Digital adanya pengembangan fasilitas pembelajaran berbasis teknologi canggih, seperti laboratorium AI, laboratorium robotika, dan ruang kolaborasi virtual . Dengan fasilitas yang lebih baik, proses pembelajaran akan lebih efektif dan mendorong inovasi mahasiswa.",FASILITAS,RENDAH
Semoga metode serta fasilitas yang disispkan untuk mendukung pembelajaran sudah menjadi pilihan yang paling efektif untuk kenyamanan bersama,FASILITAS,RENDAH
TIDAK ADA SUDAH MANTAP SEMUA,LAINNYA,RENDAH
semoga kedepannya keluhan mahasiswa terhadap dosen atau fasilitas kampus bisa didengarkan dan di tindak lanjuti dengan cepat,FASILITAS,RENDAH
Harapan yang dapat saya usulkan terkait fasilitas berupa ac yang tidak bekerja maksimal di ruang kelas lll.5,FASILITAS,RENDAH
terus berinovasi dalam hal yg dapat mewujudkan yutk menjadi lebih baik,LAINNYA,RENDAH
Bagian akademik kurang ramah,AKADEMIK,SEDANG
Semua sudah baik,LAINNYA,RENDAH
"fasilitas kampus masih kurang karena cukup kotor, banyak puntung rokok sembarangan dan juga sampah",FASILITAS,SEDANG
"Harapan saya, semoga STIKOM Bali untuk kedepannya bisa lebih maju lagi dan bisa memperbaiki kesalahan karena kita belajar dari kesalahan.",LAINNYA,RENDAH
teruskan kinerjanya selalu,LAINNYA,RENDAH
Lift ga rusak lagi,FASILITAS,TINGGI
Memperbaiki kerusakaan - kerusakaan yang ada di stikom bali agar stikom bali menjalin lebih baik lagi,LAINNYA,TINGGI
"Tidak ada harapan, karena sudah baik semua",LAINNYA,RENDAH
"Perluas lagi tempat parkir, dan lebih di perhatikan lagi kebersihan toilet dan fasilitas nya.",FASILITAS,TINGGI
sudah baik pertahankan,LAINNYA,RENDAH
"Memperbaiki fasilitas belajar seperti kursi yang rusak, mengganti papan tulis yang sudah kotor.",FASILITAS,TINGGI
Berharap Gedungnya bisa diperluas atau ruangan UKM bisa ditambah,FASILITAS,TINGGI
"Memperkuat program akademik dengan kurikulum yang lebih mutakhir dan relevan dengan kebutuhan industri. Meningkatkan kualitas dosen dengan program pengembangan diri dan penelitian yang berkelanjutan. Meningkatkan sarana dan prasarana perkuliahan, seperti laboratorium dan ruang kelas.",AKADEMIK,RENDAH
Alat alat di kampus mulai dari PC dan monitor yang ada di lap bisa ditingkatkan biar mudah untuk pelajaran yang gak punya laptop,LAINNYA,RENDAH
AC tolong rajin dicek karena cukup panas terutama ruang IIII.2,FASILITAS,SEDANG
"Terus memiliki inovasi pada bidang teknologi, terus membuka peluang bagi mahasiswa dengan memperluas program beasiswa.",KEUANGAN,TINGGI
Semoga dapat ditingkatkan lagi.,LAINNYA,RENDAH
parkir tambahan dan beberapa meja di kelas mendapat sedikit kendala,FASILITAS,RENDAH
Tolong untuk koneksi internet pasangkan wofi starlink dari elon musk agar internet tidak lemot,JARINGAN_IT,SEDANG
Meningkatkan kompetensi dosen melalui pelatihan,AKADEMIK,RENDAH
tetapp pertahankan proses mengajar yg baik,AKADEMIK,RENDAH
Segera membuka kelas offline untuk semua mata kuliah agar mahasiswa/i lebih memahami materi yang diberikan karena menurut saya kelas online sebagian besar dijadikan sumber kemalasan untuk mahasiswa/i tertentu.,LAINNYA,RENDAH
mungkin harapannya pada fasilitas kantin agar lebih ditingkatkan lagi dari segi kualitas makanannya agar lebih bagus,FASILITAS,RENDAH
SANGAT LUAR BIASA,LAINNYA,RENDAH
harapannya harus bisa memberikan yang terbaik,LAINNYA,RENDAH
gedung baru yang lebih besar????,FASILITAS,RENDAH
Mungkin bisa menyiapkan menu kantin lebih banka lagi.,LAINNYA,RENDAH
Apa bila ada dosen yang tidak bisa mengajar.. Informasi perkuliahan mohon untuk diberitakan lebih awal +- 2-3 jam sebelum perkuliahan dimulai melalui media chat atau yg lainnya.,AKADEMIK,RENDAH
kursinya diganti,FASILITAS,RENDAH
semoga ada kelas tambahan untuk dual degree nasional,LAINNYA,RENDAH
Mohon ditingkatkan lagi,LAINNYA,RENDAH
tingkatkan fasilitas,FASILITAS,RENDAH
dengan cara terus mendengarkan keluhan keluhan dari setiap mahasiswa,LAINNYA,RENDAH
Semoga lebihh baik lagi,LAINNYA,RENDAH
harapan saya semoga bisa lebih ditingkatkan dalam segala aspek,LAINNYA,RENDAH
Untuk para dosen atau para staffnya agar mempermudah mahasiswa untuk mengurus msemua masalah,AKADEMIK,RENDAH
agar selalu menjadi always the first,LAINNYA,RENDAH
Peningkatan Kualitas Dosen,AKADEMIK,RENDAH
fasilitas diperbagus,FASILITAS,RENDAH
harapan saya semoga ITB STIKOM BALI dapat Meningkatkan kemitraan dengan perusahaan untuk memberikan mahasiswa pengalaman magang dan proyek berbasis masalah nyata.,LAINNYA,RENDAH
"untuk dosen mohon maaf ada beberapa dosen yang banyak sekali atau sering dibilang selalu izin setiap sks, tolong untuk selalu hadir agar mahasiswa selalu tetap mengikuti proses belajar",AKADEMIK,RENDAH
agar kedepannya lebih baik lagi,LAINNYA,RENDAH
Mohon untuk lahan parkir nantinya disesuaikan dengan jumlah mahasiswa ataupun dosen agar tidak sampai parkir di lahan lain dan memungkinkan menyebabkan kemacetan.,FASILITAS,TINGGI
Permudah perjinan pelaksana an kegiatan UKM,KEMAHASISWAAN,RENDAH
"Harapan saya kedepannya stikom dapat lebih baik lagi, mulai dari fasilitas dan juga pelayanan akademik yang cepat dan jelas. terimakasih??",FASILITAS,RENDAH
Harapan saya untuk STIKOM Bali agar selalu meningkatkan mutu kualitas pembelajaran serta meningkatkan kualitas dosen agar mahasiswa nyaman dalam mengikuti perkuliahan.,AKADEMIK,RENDAH
"Pertahankan kinerja yang sudah baik, dan semakin berkembang",LAINNYA,RENDAH
More konsistens dan have fun,LAINNYA,RENDAH
Lebaih baik kedepannya,LAINNYA,RENDAH
"Buat event wajib yang bagus dikit, dan kalau bisa jangan kikir skkm apalagi untuk join acara wajib stikom untuk memenuhi skkm dan acara lainnya buat memenuhi skkm disaya cukup berat, saya cukup terbebani dengan ukt saja .",FASILITAS,RENDAH
Gedung yang lebih baik,FASILITAS,RENDAH
Lebih sering melakukan praktek,AKADEMIK,RENDAH
"Ditingkatkan lagi fasilitas terutama AC di kelas, lab yang sering mati. dan juga toilet perlu disediakan setidaknya tisu, lebih baik lagi pengering otomatis.",FASILITAS,TINGGI
Penguatan Kolaborasi dengan Industri Lokal dan Internasional,LAINNYA,RENDAH
"tidak ada denda bagi mahasiswa yang telat membayar kewajibannya, karena ini sangat memberatkan, teruntuk bagi mahasiswa kelas bisnis atau karyawan yang sedang bekerja",LAINNYA,RENDAH
"semoga proyektor yg ada dikelas kualitasnya diperbagus, karena saat share screen gambar kadang hilang",FASILITAS,RENDAH
Semoga lebih bagus,LAINNYA,RENDAH
"Baik, terimakasih",LAINNYA,RENDAH
semoga kedepannya bisa lebih baik lagi,LAINNYA,RENDAH
perbanyak dosen baik,AKADEMIK,RENDAH
harapan saya agar fasilitas di tingkatkan,FASILITAS,RENDAH
harapan yang saya usulkan untuk meningkatkan kinerja STIKOM Bali adalah untuk kapasitas parkir kampus agar ditingkatkan.,FASILITAS,RENDAH
"harapan saya kepada akademik,mohon lebih fast respon dan jika ada mahasiswa mengirim surat sakit ke akademik mohon di ganti absen sionnya",AKADEMIK,RENDAH
Lakukan cek berkala agar mengetahui fasilitas yang masih layang dan sudah tidak layak,FASILITAS,RENDAH
Semakin berkembanh,LAINNYA,RENDAH
"saya harap nanti di stikom bali dapat kebijakan yang bagus, dan bisa bernuat adil untuk semua nya",LAINNYA,RENDAH
lebih memperhatikan kinerja dosen pengajar,AKADEMIK,RENDAH
menjadikan event kampus sebagai cara menambah mahasiswa dan membesarkan nama stikom,LAINNYA,RENDAH
Perlu di kembangkan lebih luas lagi,LAINNYA,TINGGI
semoga ke depannya semakin baik,LAINNYA,RENDAH
kedepannya supaya lebih baik lagi,LAINNYA,RENDAH
smoga lebih bagus lagi,LAINNYA,RENDAH
Semakin lebih baik,LAINNYA,RENDAH
Agar terus meningkatkan kinerja dan menyediakan fasilitas,FASILITAS,RENDAH
"Fasilitas masih banyak yang kurang memadai. Seperti: Internet di Perpustakaan, Lift, Kursi di Kelas, dan Ruangan rapat untuk organisasi yang tidak ada sama sekali",FASILITAS,SEDANG
Kamar mandinya dan lift nya bisa lebih di perbaiki lagi,FASILITAS,RENDAH
kedepannya semakin jaya,LAINNYA,RENDAH
pelayanannya mohon lebih ramah lagi,LAINNYA,RENDAH
agar dapat memperbaiki kekurangan pada fasilitas,FASILITAS,SEDANG
keamanan di parkiran,FASILITAS,RENDAH
Wifi bandwidth nya tolong tingkatkan,JARINGAN_IT,RENDAH
tetap semangat TYM,LAINNYA,RENDAH
Menjadi lebih baik lagi kedepannya,LAINNYA,RENDAH
Semoga bisa terus maju,LAINNYA,RENDAH
Memberikan Informasi yang makin Akurat,LAINNYA,RENDAH
semoga kedepan nya lebih di tingkatkan lagi,LAINNYA,RENDAH
"Harapan saya, semoga parkir bisa lebih luas agar tidak bingung memiliki parkir dan menyediakan fasilitas pendukung pembelajaran yang lebih modern.",FASILITAS,TINGGI
Melakukan Evaluasi secara berkala agar kinerjanya semakin baik,LAINNYA,TINGGI
harapannya stikom bali tetap dan terus menjadi kampus IT terbaik di indonesia,LAINNYA,RENDAH
Lebih mengurangi error atau down pada sion,LAINNYA,TINGGI
Semoga stikomers bisa lebih care terhadap kebersihan lingkungan,LAINNYA,RENDAH
Ditingkatkan lagi yg sudah baik,LAINNYA,RENDAH
semoga tetap mengedepankan keunggulan dan kemampuan mahasiswa di kalangan maysrakat.,LAINNYA,RENDAH
harapan saya agar di tingkatkaj dalam segi infrastuktur,KEUANGAN,RENDAH
menurut saya untuk meningkatkan kinerja ITB STIKOM Bali dapat dilakukan dengan meningkatkan efektivitas dan efisiensi kerja,LAINNYA,RENDAH
semoga kedepannya bisa lebih di tingkatkan lagi mulai dari media pembelajaran nya sarana dan prasarana dsb,LAINNYA,RENDAH
"Peningkatan dalam administrasi, terutama sinkronisasi semua bagiannya, keuangan, kesiswaan, front office",KEUANGAN,RENDAH
semoga beberapa kekurangan ini bisa lebih ditingkatkan,LAINNYA,SEDANG
Untuk pengajuan biaya mengikuti lomba di permudah agar semakin semangat dalam menggikuti lomba yg diluar stikom,KEUANGAN,RENDAH
semoga kedepanya lebih ditingkatkan lagi pelayananya,LAINNYA,RENDAH
Harapan saya semoga stikom semakin berkembang dan mampu bersaing dengan universitas lainnya,LAINNYA,RENDAH
perluas gedung beli tanah yg di sebelah biar makin luas stikom,FASILITAS,TINGGI
Semoga ke depan nya dapat terus berkembang dan terutama di fasilitas parkir,FASILITAS,RENDAH
Stikom menjadi lebih baik lagi,LAINNYA,RENDAH
harapan saya semoga kedepannya stikom bisa mengembangkan kantin menjadi lebih baik dan nyaman.,LAINNYA,RENDAH
semoga kedepannya lebih makin baik lagi,LAINNYA,RENDAH
teruskan yang bagus,LAINNYA,RENDAH
harapan saya semoga stikom lebih mempertahankan metode pepbelajaran seperti sekarang karena membantu mahasiswa yang sedang sambil bekerja dengan metode belajar online,LAINNYA,RENDAH
Menurut saya tidak ada harapan bagi saya semuanya sudah berjalan dengan baikl,LAINNYA,RENDAH
Semoga lebih maju kedepannya,LAINNYA,RENDAH
Untuk meningkatkan kinerja kampus: 1. **Tingkatkan Kualitas Pengajaran**: Latih dosen dan adopsi metode terbaru. 2. **Dukung Penelitian**: Sediakan lebih banyak dana dan fasilitas. 3. **Perluas Kerja Sama Internasional**: Bangun jaringan dengan universitas terkemuka. 4. **Tingkatkan Fasilitas**: Perbarui infrastruktur dan teknologi kampus.,FASILITAS,KRITIS
Lebih baik lagi,LAINNYA,RENDAH
"pelayanan yang ada di kampus lebih ditingkatkan, karena pelayanan yang ada di kampus menurut saya masih kurang baik",LAINNYA,SEDANG
tambah lebih banyak praktek,AKADEMIK,RENDAH
"Mendorong lebih banyak kegiatan ekstrakurikuler yang bisa mengasah kreativitas dan bakat mahasiswa, seperti lomba, seminar, atau workshop.",KEMAHASISWAAN,RENDAH
fasilitas AC di perbaiki dan jaga keberihan,FASILITAS,RENDAH
STIKOM Bali dapat bekerja sesuai dengan visi misi yang ada,LAINNYA,RENDAH
informasi di grup wa agar bisa di ketahui,LAINNYA,RENDAH
Saya berharap tingkatkan lagi untuk kinerja dosen,AKADEMIK,RENDAH
"Harapan saya, STIKOM Bali dapat meningkatkan kerja sama internasional, memperkuat penelitian inovatif, menghadirkan program kewirausahaan digital, serta memperbarui kurikulum sesuai perkembangan teknologi.",LAINNYA,RENDAH
"Usulan dri saya adalah,stikom bali jaya",LAINNYA,RENDAH
Kantin dan basemant nya di perluas,LAINNYA,TINGGI
"harapan saya, di pertahankan saja karena sudah baik",LAINNYA,RENDAH
"Dibidang pelayanan, fasilitas dan pembelajaran sudah bagus, semoga kedepannya semakin ditingkat.",FASILITAS,RENDAH
semoga lebih baik lagi kedepannya,LAINNYA,RENDAH
[ URGENT ] Tolong untung seluruh management ITB STIKOM BALI terutama yang menaungi bagian DUAL DEGREE NASIONAL dengan UTB untuk fokus dulu terhadap proses kami sebagai mahasiswanya ini nasibnya akan bagaimana nanti di Bandung semester 5?? Programnya perlu dikaji dan evaluasi khusus dan ulang. Mengingat banyak sekali minusnya sesuai yang sudah kami sampaikan di Notulen yang sudah kami serahkan ke bagian Kaprodi SI dan kami meminta jawaban pasti hingga 31 Juli 2024. Mohon kebijaksanaanya.Terima Kasih. Rahayu.,LAINNYA,TINGGI
Semoga kedepannya lebih baik dari pengelolaan kampus dan pengajaran kepada mahasiswa,LAINNYA,RENDAH
Selalu memaksimalkan kinerja dan pengalaman yang sudah didapatkan selama ini untuk dapat selalu meningkatkan pelayanan untuk menjadi yang terbaik,LAINNYA,RENDAH
Semoga kedepannya wifi di stikom bisa lebih kencang dan fasilitas yg kurang bisa di tambahkan,FASILITAS,SEDANG
"harapannya semoga untuk kedepannya materi perkuliahan bisa disesuaikan dengan perkembangan teknologi yang ada, rasa ada beberapa matkul belum memaksimalkan hal tersebut.",AKADEMIK,RENDAH
ditingkatkan kembali,LAINNYA,RENDAH
Ditingkatkan lagi,LAINNYA,RENDAH
"harapan saya agar perbanyak pertemuan mata kuliah secara offline jika memungkinkan, terutama pada matkul tentang pemograman dan lebih meningkatkan cara menjelaskan materi agar mahasiswa dapat memahami dengan baik.",AKADEMIK,RENDAH
Fasilitasnya tolong percepat lagi terutama lift,FASILITAS,RENDAH
Meningkatkan kinerja yang ada,LAINNYA,RENDAH
Kecepatan penanganan keluhan dan saran oleh unit/bagian terkait dan harapan semoga tetap berkembang dan always the first,LAINNYA,RENDAH
Ditingkatkan lagii dalam akademik untuk memberikan solusi dan tanggapan kepada mahasiswa/mahasiswi,AKADEMIK,RENDAH
"banyak, mungkin renovasi lebih peka sama akses internet",JARINGAN_IT,RENDAH
semoga makin baik,LAINNYA,RENDAH
semoga kinerja dari STIKOM Bali dapat meningkat,LAINNYA,RENDAH
"Seterusnya bisa lebih sering dapat kelas offline. Karena ada banyak mahasiswa yang menginginkan kelas offline,tapi masih mendapatkan kelas online",LAINNYA,RENDAH
Liftnya tolong difungsikan keduanya bukan hanya 1 saja,FASILITAS,RENDAH
saran lift agar bekerja dengan maksimal,FASILITAS,RENDAH
Meningkatkan kualitas mengajar dan kurikulum,AKADEMIK,RENDAH
"Harapan saya adalah semoga tempat parkir di stikom Bali di perluas, agar mahasiswa tidak bingung mencari tempat parkir di kala parkiran penuh",FASILITAS,TINGGI
Harapannya kedepannya untuk bagian akademik dan keuangan bisa lebih ditingkatkan dalam pemberian informasi terhadap mahasiswa,AKADEMIK,RENDAH
HARAPAN KEDEPANNYA SEMOGA ITB STIKOM BALI MAKIN JAYAA,LAINNYA,RENDAH
untuk tetap mempertahankan kinerja tsb.,LAINNYA,RENDAH
Tinngkatkan kinerja dan perluas lahan parkir,FASILITAS,TINGGI
renovasi gedung sama meja di kelas biar bagus seperti kampus ITB stikom jimbaran,FASILITAS,RENDAH
semoga fasilitas lebih meningkat,FASILITAS,RENDAH
"Harapan saya kipas angin di kantin tolong di perbaiki dan untuk lift ,wifi juga perlu di proses dengan cepat",FASILITAS,RENDAH
Kedepannya semakin baik,LAINNYA,RENDAH
Semoga semakin maju dan berkembang,LAINNYA,RENDAH
Harapannya dalam pembuatan kuisioner lebih di peringkat selain itu mohon agar stafnya cepat tanggal dan minimal wc nya wangi,FASILITAS,RENDAH
semoga menjadi lebih baik,LAINNYA,RENDAH
Tingkatkan lagi untuk fasilitas sarana dan prasarana perkuliahan,FASILITAS,RENDAH
harapan saya semoga STIKOM Bali selalu selalu mengedepankan kenyamanan pembelajaran agar mahasiswa merasa nyaman dikampus,LAINNYA,RENDAH
Gedung dan kelas di tambah,FASILITAS,RENDAH
"harapan saya, semoga stikom bali terus berkembang dan dapat mengimplementasikan perkuliahan secara offline pada semua mahasiswa, mulai dari semester 1 hingga semester akhir. Terima kasih",LAINNYA,RENDAH
"Saya berharap STIKOM Bali terus meningkatkan kinerjanya melalui berbagai upaya strategis. Harapan yang dapat diusulkan meliputi beberapa aspek penting. Pertama, penguatan kerja sama internasional dengan institusi pendidikan dan industri teknologi global dapat membuka peluang pertukaran mahasiswa, dosen, serta program dual degree yang memberikan pengalaman internasional. Kedua, perlu adanya fokus yang lebih besar pada penelitian yang aplikatif dan berdampak luas dengan menggandeng pemerintah atau sektor swasta untuk pembiayaan riset, terutama di bidang teknologi yang relevan dengan kebutuhan masyarakat Bali, seperti pariwisata berbasis digital atau pelestarian budaya melalui teknologi. Ketiga, pengembangan inkubator bisnis atau startup center di lingkungan kampus akan memberikan mahasiswa dan alumni ruang untuk berinovasi dan berwirausaha. Selain itu, peningkatan kompetensi dosen melalui pelatihan, sertifikasi internasional, dan studi lanjut dapat mendukung pengajaran berbasis teknologi terkini. Pengembangan fasilitas kampus, seperti laboratorium dengan teknologi mutakhir atau ruang kolaborasi digital, juga penting untuk menciptakan suasana belajar yang lebih inovatif. Terakhir, STIKOM Bali dapat memperluas program pemberdayaan masyarakat dengan menekankan literasi digital bagi komunitas lokal, sehingga memberikan dampak positif tidak hanya bagi mahasiswa, tetapi juga masyarakat sekitar. Kombinasi strategi ini saya harapkan mampu mendorong STIKOM Bali untuk terus berprestasi dan menjadi institusi pendidikan unggulan di bidang teknologi.",FASILITAS,TINGGI
fasilitas kampus lebih ditingkatkan lagi,FASILITAS,RENDAH
Harapan saya semoga kedepannya bisa menuntun mahasiswa lebih baik lagii,LAINNYA,RENDAH
"tolong fasilitas wifinya lebih ditingkatkan lagi. fasilitias wifi untuk sekelas kampus it masih kurang khususnya di perpustakaan, saya menghabiskan banyak sekali uang untuk beli paket untuk bisa beraktivitas di perpustakaan. juga dibeberapa ruangan masih kurang terjangkau access point",FASILITAS,SEDANG
semua sudah dilakukan dengan sangat baik,LAINNYA,RENDAH
bisa konisten dan di tingkatkan lagi,LAINNYA,RENDAH
"PERMUDAH AKSES WIFI GRATIS DI DALAM STIKOM, ATAU GUNAKAN NIM SEBAGAI LOGIN WIFI",JARINGAN_IT,RENDAH
"Harapan saya, semoga dengan meningkatnya kinerja STIKOM BALI bisa menciptakan lingkungan pendidikan yang sangat produktif hingga menyelenggarakan berbagai perkembangan potensi yang terus semakin maju dan sukses untuk kampus STIKOM BALI Always the first",KEUANGAN,RENDAH
"plis le tambahkan gedung, agar mahasiswa dapat merasakan fasilitas kampus secara merata dan tidak ada yang mendaptkan kuliah daring terlalu banyak padahal mahasiswa tersebut tidak mau kuliah daring.",FASILITAS,RENDAH
Kepastian terhadap penanganan keluhan dan saran yang sesuai dengan aturan yang berlaku.,LAINNYA,RENDAH
Harapan saya semoga kedepannya fasilitas lebih ditingkatkan lagi,FASILITAS,RENDAH
fasilitas yang mendukung seperti penambahan kelas dan wi-fi gratis,FASILITAS,RENDAH
semoga dapat lebih baik lagi dan ITB STIKOM Bali semakin maju dan menjadi kampus IT terbaik di indonesia,LAINNYA,RENDAH
Meningkatkan dan update materi pembelajaran sesuai dengan perkembangan jaman,LAINNYA,RENDAH
Semoga kebih bisa di tingkatkan,LAINNYA,RENDAH
Melakukan evaluasi di sistem kelas online,LAINNYA,TINGGI
semoga fasilitas bisa di tingkatkan dengan aula dipasangkan videotron,FASILITAS,RENDAH
selalu mempertimbangkan masukan dan saran. serta menerapkan transparansi.,LAINNYA,RENDAH
meningkatkan spesifikasi semua komputer di lab,LAINNYA,RENDAH
Memudahkan semua mahasiswa dengan ms teams,LAINNYA,RENDAH
"Ajak lebih banyak universitas dan perusahaan luar negeri untuk kerjasama, jadi mahasiswa punya lebih banyak kesempatan magang dan pertukaran pelajar ke luar negeri dan juga Terus perbarui lab dan ruang kelas dengan teknologi terbaru, supaya belajar makin seru dan relevan dengan dunia kerja.",KEUANGAN,RENDAH
iya mohon ditingkatkan,LAINNYA,RENDAH
lulusan it terbaik,LAINNYA,TINGGI
Semoga STIKOM Bali semakin lebih baik lagi untuk kedepannya,LAINNYA,RENDAH
Kedepannya agar bisa meningkatkan lagi fasilitas yang memadai untuk mahasiswa dan dosen,FASILITAS,RENDAH
tisu &amp; parkir,FASILITAS,RENDAH
"semoga kedepannya stikom bali mempunyai aplikasi tersendiri yang dimana nanti di apk tersebut akan terdapat berbagai informasi,terkait absensi, mata kuliah dan sebagainya yang akan mempermudah mahasiswa stikom bali",LAINNYA,RENDAH
lebih mengoptimalkan lagi,LAINNYA,RENDAH
terus bekerja lebih baik ya,LAINNYA,RENDAH
"Memaksimalkan yang kuliah malam full malam, bukannya cuma 3 matkul saja yang malam tapi sisanya pagi",AKADEMIK,RENDAH
Tingkatkan lgi kinerjanya,LAINNYA,RENDAH
menjadi yang terbaik dan terdepan di kalangan kampus it,LAINNYA,RENDAH
"harapan untuk kedepannya, maksimalkan fasilitas, tenaga kerja, dosen maupun staff, selalu mendengar keluh kesah dari mahasiswa jika terdapat kendala",FASILITAS,RENDAH
Lebih ditingkatkan lagi,LAINNYA,RENDAH
Lebih memperhatikan mahasiswa nya di kampus dalam hal merokok,LAINNYA,RENDAH
"saat ini sangat baik, dan tingkatkan lebih baik lagi",LAINNYA,RENDAH
"STIKOM Bali dapat meningkatkan kinerjanya dengan memperkuat kolaborasi industri untuk memberikan pengalaman praktis lebih kepada mahasiswa. Selain itu, perluasan program riset dan pengabdian masyarakat berbasis teknologi bisa lebih dioptimalkan untuk memberikan dampak langsung pada perkembangan daerah.",LAINNYA,TINGGI
"Harapan saya untuk STIKOM Bali adalah lebih banyak kerja sama internasional, menambah program berbasis teknologi baru, memperkuat pelatihan kewirausahaan, meningkatkan peran alumni, dan menyediakan fasilitas yang lebih canggih. Dengan ini, STIKOM Bali pasti semakin maju dan unggul.",FASILITAS,RENDAH
pembelajaran dan ketersediaan dosen serta prasarana ditingkatkan untuk kelas malam,AKADEMIK,RENDAH
lebih memperhatikan web karena kalo jarang di buka sering ngelag ngelag,LAINNYA,RENDAH
Semoga semakin di tingkat kan kinerja nya,LAINNYA,RENDAH
"Pada beberapa website seperti sion dan E-Learning beberapa kali mengalami masalah seperti susah login , mungkin bisa ditingkatkan agar lebih nyaman dalam mengakses web tersebut.",LAINNYA,SEDANG
wifi nya di tingkatkan,JARINGAN_IT,RENDAH
Semoga kedepannya semakin resposinve,LAINNYA,RENDAH
semoga lebih maju kan membaik,LAINNYA,RENDAH
perbaikan fasilitas infrastruktur,FASILITAS,RENDAH
"1. tolong kantin kampus di bersihkan , sangat jorok terutama kantin paling pojok banyak bau minuman miras, puntumg rokok berserakan , wastafel di meja kantin bau karna air tergenang, tempat duduk banyak yang rusak , meja kotor , lantai kotor , suasana kantin bau sekali . tidak ada tempat untuk mahsiswa untuk istirahat sambil menunggu jam perkulian berukutnya . tolong buat kantin yang nyaman dan bersih untuk mahasiswa, dan jauhkan minuman miras di kantin paling pojok",FASILITAS,TINGGI
Meningkatkan kualitas akademik,AKADEMIK,RENDAH
"Untuk meningkatkan kinerja ITB STIKOM Bali, berikut beberapa harapan dan usulan membuatkan sistem baru terkait skkm misalnya kita bisa upload file berupa sertifikat ke sion memudahkan mahasiswa untuk melakukan regis skkm",LAINNYA,RENDAH
Semoga kedepannya stikom bali fasilitas kampusnya ditingkatkan lagi dan perkuliahannya ditingkatkan juga,FASILITAS,RENDAH
"harapan saya stikom ke depannya lebih baik,dan bisa menjadi motivasi buat teman - teman yang mau sekolah/kampus di ITB Stikom Bali.",LAINNYA,RENDAH
Ditingkatkan lg,LAINNYA,RENDAH
Terus mempertahankan dan meningkatkan kinerja STIKOM Bali saat ini,LAINNYA,RENDAH
pemberian informasi ke email mahasiswa agar menjadi pengingat mahasiswa ( contoh : terkait informasi pembayaran spp agar mahasiswa tidak telat membayar spp ),KEUANGAN,RENDAH
semoga bisa menambah gedung lagi,FASILITAS,RENDAH
Semoga kedepannya dapat ditingkatkan lagi kinerja ini.,LAINNYA,RENDAH
semoga lebih ditingkatkan lagi,LAINNYA,RENDAH
Meningkatkan fasilitas sarana dan prasarana,FASILITAS,RENDAH
Gak ada sih udah bagus,LAINNYA,RENDAH
"Saya harap semua mata pelajaran menggunakan sistem penyetoran tugas (assignment) yg sama, karena beberapa dosen memakai sistem yg berbeda seperti email, Microsoft Teams, dan E-Learning yg membuat saya bingung melihat assignment yg diberikan harus di kumpulkan di mana",AKADEMIK,RENDAH
"Respons Dosen Yang Mungkin Lebih bisa di perbaiki ketika di hubungi oleh mahasiswa, entah itu dari yang slow respon (2 hari) maupun yang tidak memberikan respons sama sekali",AKADEMIK,RENDAH
Ditingkatkan lagi agar bisa terus menjadi kampus it no 1 di bali,LAINNYA,RENDAH
semoga dosen nya bisa saling mengerti kepada mahasiswa kelas malam dan tidak egois,AKADEMIK,RENDAH
Meningkatkan semuanya agar lebih baik lagi,LAINNYA,RENDAH
tinaju serta tingkatkan kembali kinerja yang ada,LAINNYA,RENDAH
Saya harap STIKOM bisa meningkatkan fasilitas yang ada dikampus,FASILITAS,RENDAH
kantin dan loby depan diperbaiki,LAINNYA,RENDAH
Kesesuaian tanggapan yang diberikan oleh bagian/unit terkait terhadap keluhan.,LAINNYA,RENDAH
sudah bagus semua,LAINNYA,RENDAH
Semoga kedepannya fasilitas dan prasana yang disediakan lebih lengkap dan lebih baik lagi,FASILITAS,RENDAH
"Harapan saya, semoga STIKOM bali bisa meningkatkan teknologi yang bagus.",LAINNYA,RENDAH
"Harapan Saya, Semoga kedepannya ITB STIKOM Bali dapat semakin baik dan berkembang setiap tahunnya dari berbagai macam aspek seperti dari segi pelayanan, pemberian informasi, pembelajaran baik secara online maupun offline dan juga dapat menciptakan inovasi baru di setiap tahunnya.",FASILITAS,RENDAH
"Harapan untuk STIKOM Bali adalah terus meningkatkan kualitas pengajaran dengan mengikuti perkembangan teknologi terkini, sehingga mahasiswa mendapatkan ilmu yang relevan dengan kebutuhan industri. Selain itu, diharapkan STIKOM Bali memperbanyak kerja sama dengan perusahaan besar untuk membuka peluang kerja dan pengembangan karier bagi mahasiswa.",KEUANGAN,RENDAH
"harapan saya kedepannya untuk STIKOM Bali, tolong untuk staff/dosen dapat melayani dengan tulus ikhlas, yang paling penting RAMAH dan TIDAK CUEK",AKADEMIK,RENDAH
Agar kedepan menjadi kampus terbaik,LAINNYA,RENDAH
harapan saya semoga kantin di stikom jimbaran bisa seperti dahulu lagi,LAINNYA,RENDAH
Tingkatkan fasilitas,FASILITAS,RENDAH
harapan saya agar stikom dapat meningkatkan kinerjanya dalam penyebaran informasi,LAINNYA,RENDAH
Untuk saat ini belum tefikirkan,LAINNYA,RENDAH
Semoga lebih bagus kedepannya,LAINNYA,RENDAH
"Parkiran motor kurang, kadang sangat susah mencari parkiran, petugasnya judes nyuruh pindah tapi tidak memberi tau harus pindah kemana, parkiran mobil juga susah banget.",FASILITAS,SEDANG
Semoga ITB STIKOM BALI semakin maju kedepannya.,LAINNYA,RENDAH
saya berharap ruang baca pascasarjana agar lebih baik lagi dan untuk bagian pascasarjana lebih di infokan lagi lebih detail,FASILITAS,RENDAH
Sudah baik tidak perlu ada yang ditingkatkan,LAINNYA,RENDAH
memperbaiki toilet yang rusak,FASILITAS,TINGGI
Menjadu lebih baik lagi,LAINNYA,RENDAH
bisa lebih terkenal lagi,LAINNYA,RENDAH
TURUNKAN HARGA SPP,LAINNYA,RENDAH
diharapkan kelas kelas offline yang wajib diambil oleh mahasiswa kelas karyawan bisa disesuaikan dengan jam kerja yang ada karena terkadang bertabrakan dengan jam kerja,LAINNYA,RENDAH
"Peningkatan Kualitas Kurikulum dan Pembelajaran,",LAINNYA,RENDAH
semoga fasilitas di perbanyak dan di mantapkan,FASILITAS,RENDAH
meningkatkan fasilitas komputer di lab-lab,FASILITAS,RENDAH
tetap memepertahankan sistem yang dibuat,LAINNYA,RENDAH
harapan saya kedepannya supaya kampus menjadi kampus paling terbaik internasional dan supaya lebih banyak dan sangat mudah mendapatkan mahasiswa dan semoga semua lulusan kampus ITB Stikom Bali orang-orangnya sukses,LAINNYA,TINGGI
Harapan saya untuk kedepannya lagi fasilitas kuliah di upgrade dan di perbanyak lagi,FASILITAS,RENDAH
semoga di buatkan lapangan basket dan di perbanyak parkiran untuk kendaraan roda 4,FASILITAS,RENDAH
tingkatkan lagi pelayanan terhadap mahasiswa,LAINNYA,RENDAH
Untuk pemberitahuan informasi bisa lebih baik lagi seperti jangan terlalu mepet,LAINNYA,RENDAH
Secara keseluruhan sudah baik,LAINNYA,RENDAH
harapan saya pertahankan dan tingkatkan.,LAINNYA,RENDAH
"Harapannya, lebih meningkatkan kinerja pelayanan dan bimbingan kepada mahasiswa, khususnya pada bidang akademik. Karena ada beberapa penyampaian informasi yang tidak merata dan kurang jelas.",AKADEMIK,SEDANG
Semua sudah baik dan semoga fasilitas agar lebih baru lagi,FASILITAS,RENDAH
"Untuk terus meningkatkan kinerja dan kualitas STIKOM Bali, beberapa usulan yang bisa dipertimbangkan antara lain: 1. Penguatan Program Pengembangan Karir dan Kewirausahaan Konsentrasi pada Kewirausahaan Teknologi: Mengingat perkembangan industri TIK yang sangat dinamis, penting bagi STIKOM Bali untuk lebih mendorong mahasiswa tidak hanya menjadi pencari kerja, tetapi juga pencipta lapangan kerja. Program kewirausahaan berbasis teknologi bisa diperkuat melalui inkubator bisnis atau program startup yang mendukung mahasiswa untuk merintis usaha di bidang teknologi. Kemitraan dengan Industri: Membuka lebih banyak peluang bagi mahasiswa untuk berkolaborasi dengan perusahaan-perusahaan teknologi dalam bentuk magang, proyek bersama, atau pembelajaran berbasis industri. Dengan ini, mahasiswa bisa mendapatkan pengalaman dunia nyata yang sangat berharga. 2. Peningkatan Kualitas Penelitian dan Pengembangan Fokus pada Penelitian Terapan: STIKOM Bali dapat meningkatkan riset yang lebih aplikatif, yang bisa langsung memberi solusi untuk permasalahan yang dihadapi oleh masyarakat atau industri. Hal ini akan memperkuat posisi kampus sebagai pusat inovasi dan memberikan kontribusi nyata terhadap pembangunan daerah dan negara. Kolaborasi Riset Internasional: Mengembangkan kolaborasi penelitian dengan perguruan tinggi internasional atau lembaga riset dapat membuka peluang untuk mahasiswa dan dosen untuk lebih terlibat dalam proyek riset global yang relevan dengan perkembangan TIK. 3. Perluasan Kurikulum dan Program Studi Pendidikan Berbasis AI dan Teknologi Masa Depan: Mengingat perkembangan pesat dalam bidang kecerdasan buatan (AI), big data, blockchain, dan teknologi terkait, STIKOM Bali dapat mempertimbangkan untuk mengembangkan program studi atau spesialisasi di bidang-bidang ini. Penambahan mata kuliah atau sertifikasi di bidang tersebut akan memberikan daya saing lebih bagi lulusan. Program Pendidikan Lintas Disiplin: Mengembangkan program yang menggabungkan TIK dengan bidang lain seperti bisnis, desain, kesehatan, atau pariwisata. Dengan Bali yang merupakan pusat pariwisata, program yang mengintegrasikan TIK dengan pariwisata atau manajemen dapat membuka peluang baru bagi mahasiswa untuk bekerja di industri yang sangat besar dan berkembang. 4. Peningkatan Fasilitas Pembelajaran Daring dan Hybrid Inovasi dalam Pembelajaran Daring: Mengingat tren pembelajaran hybrid dan daring yang terus berkembang, STIKOM Bali dapat meningkatkan infrastruktur pembelajaran daring dengan teknologi yang lebih interaktif, seperti pemanfaatan VR/AR untuk simulasi, atau penggunaan platform pembelajaran berbasis AI yang dapat menyesuaikan materi dengan kemampuan mahasiswa. Pengembangan Platform E-Learning yang Lebih Terintegrasi: Membangun atau mengembangkan platform e-learning yang lebih terintegrasi dan mudah diakses untuk meningkatkan pengalaman belajar mahasiswa. Platform ini bisa menjadi tempat untuk akses materi kuliah, interaksi dengan dosen dan teman sekelas, serta forum diskusi. 5. Peningkatan Pengabdian kepada Masyarakat Program Literasi Digital untuk Masyarakat: Dengan STIKOM Bali yang memiliki keahlian di bidang TIK, dapat memperluas program pengabdian masyarakat dengan fokus pada literasi digital, terutama untuk masyarakat pedesaan atau daerah yang belum sepenuhnya terakses teknologi. Program ini dapat meliputi pelatihan penggunaan teknologi untuk usaha mikro, kecil, dan menengah (UMKM) atau pelatihan keterampilan digital untuk anak muda dan pekerja. Proyek Pro-Bono: Mahasiswa bisa lebih terlibat dalam proyek pengembangan solusi teknologi bagi masyarakat yang kurang mampu, misalnya membangun aplikasi untuk sektor pendidikan, kesehatan, atau sosial yang memberikan dampak langsung bagi kesejahteraan masyarakat. 6. Meningkatkan Keterlibatan Alumni Jaringan Alumni yang Lebih Kuat: Membangun jaringan alumni yang lebih terorganisir dan aktif. Alumni dapat menjadi mentor, memberikan peluang magang atau pekerjaan, dan berkontribusi dalam pengembangan kampus melalui kolaborasi riset atau program-program pengembangan lainnya. Sebuah komunitas alumni yang aktif bisa memperkuat citra STIKOM Bali dan membuka banyak peluang. Program Karir dan Konseling: Mengembangkan program yang membantu mahasiswa dalam merencanakan karir mereka sejak dini. Ini bisa berupa pelatihan soft skills, persiapan wawancara kerja, serta peluang magang dan kerja sama dengan perusahaan teknologi di dalam dan luar negeri. 7. Perhatian terhadap Kesejahteraan Mahasiswa Fasilitas Kesehatan Mental: Memberikan perhatian lebih terhadap kesejahteraan mental mahasiswa, terutama mengingat tekanan akademik yang sering dihadapi. Membangun pusat konseling psikologis atau menyediakan dukungan emosional dan mental lainnya untuk mahasiswa bisa meningkatkan kualitas hidup mereka. Program Pembinaan Mahasiswa Berprestasi: Meningkatkan program pembinaan untuk mahasiswa yang berprestasi di bidang akademik, olahraga, seni, dan lainnya. STIKOM Bali dapat mengembangkan fasilitas yang mendukung pengembangan potensi mahasiswa secara menyeluruh. 8. Peningkatan Keterlibatan dalam Kegiatan Internasional Pertukaran Pelajar dan Program Magang Internasional: Menjalin kerja sama lebih lanjut dengan universitas dan lembaga internasional untuk program pertukaran pelajar, magang internasional, atau program kolaborasi riset. Hal ini dapat memberikan pengalaman internasional yang sangat berharga bagi mahasiswa dan dosen. Pengembangan Program Pendidikan Global: Mengembangkan program pendidikan yang lebih terbuka untuk mahasiswa asing, yang dapat memperkaya pengalaman belajar di kampus dan memperkenalkan STIKOM Bali ke dunia internasional.",FASILITAS,KRITIS
semoga fasilitas untuk mahasiswa terutama di kampus lebih diperbaiki lagi,FASILITAS,RENDAH
peningkatan speed wifi,JARINGAN_IT,RENDAH
"menambah gedung kampus baru, parkiran lebih layak, lobby kurang indah",FASILITAS,SEDANG
Harapan saya semoga kedapan nya makin maju dan berkembang,LAINNYA,RENDAH
harapanya semoga dosen lebih niat lagi dalam mengajar dan mempaparkan materi dengan jelas,AKADEMIK,RENDAH
Memberikan informasi secara langsung agar lebih jelas,LAINNYA,RENDAH
"tolong untuk parkiran terlalu sempit, sulit mendapatkan tempat parkir, mobil kesusahan nyari tempat parkir, motor nyari parkir selalu full. Mungkin petugas yg jaga di parkiran bisa disuruh membantu jangan hanya diam dan melihat saja saat mahasiswa kesusahan dapat parkir, terimakasi",FASILITAS,SEDANG
Sudah cukup bagus,LAINNYA,RENDAH
"Harapannya tetap menjaga fasilitas seperti ruang komputer, perpustakaan, dan lcd terbaru supaya mahasiswa lebih nyaman dan bisa berkembang maksimal.",FASILITAS,RENDAH
Harapan saya untuk stikom dengan meningkatkan kecepatan dosen pembimbing dalam membantu dan memberikan jasa pelayanan kepada mahasiswa,AKADEMIK,RENDAH
"Mohon maaf sebelumnya, tidak bermaksud menjelekkan tetapi untuk bagian front office, akademik, perpustakaan, keuangan 1. Tidak ada senyum, sapa 2. Terlihat malas 3. Tidak berdandan rapi 4. Banyak tidak mengetahui ruangan ruangan (saya pernah bertanya kepada front office menanyakan ruangan, tetapi mereka tdk tau dimana ruangan tsb, alhasil saya menanyakan kating saya dan ternyata ruangan tsb berada di samping keuangan) 5. Bermuka jutek (kenapa yaa?? jutek banget muka nya saat saya ingin bertanya ke akademik kenapa spt tdk ingin ditanyakan begitu?? ini yg saya alami bersama teman-teman saya) 6. Di pakir satpam nya sangat jutek, tidak ada senyum saat saya berikan senyuman 7. Akademik masih suka tidak tau perihal informasi informasi yg ditanyakan (seperti saat DOT, saya sbgai mahsiswa baru pasti bertanya"" test nya seperti apa, saat saya menanyakan ke akademik mereka tdk bisa menjawab nya, masa saya harus ke kampus bisma informatika dan waktu kesana yg menjawab semua pertanyaan adalah satpam nya) 8. Mungkin sedikit saran untuk kantin bisa dipisahkan untuk rungan yg merokok dan rungan yg tdk merokok, krna sejujur nya saya setiap ingin makan ke kanti dengan mengerjakan tugas sangat tersiksa dengan bau rokok dari mahasiswa disana 9. Dan dimohon untuk ibu_ibu yg membersihkan kelas, kurang senyum, bermuka jutek Dimohon untuk di tingkatkan lagi, ini yg saya dapat sampaikan, mohon maaf jika lancang Terima Kasih",FASILITAS,TINGGI
untuk lahan parkir mungkin di per luas,FASILITAS,TINGGI
tidak diketahui,LAINNYA,RENDAH
Apa yang sudah baik saat ini semoga bisa ditingkatkan dan juga di pertahankan,LAINNYA,RENDAH
Harapan saya toilet perlu adanya peningkatan,FASILITAS,RENDAH
Semakin lebih bagus.,LAINNYA,RENDAH
semoga bisa ditingkatkan lagi kinerjanya,LAINNYA,RENDAH
Mempercepat Proses Administrasi,LAINNYA,RENDAH
"yg saya harapkan semoga ITB TIKOM Bali kedepnya semakin mengembangkan fasilitas dan infrastruktur yg ada di ITB STIKOM BALI karena menurut saya ini sangat penting dimana banyak sekali sepertinya mahasiswa yg ingin belajar secara tatap muka tetapi itb stikom bali khursusnya di Renon, tidak bisa memenuhi hal tersebut, menurt saya hal ini sangat berpengaruh dimana membuat mahasiswa menjadi lebih senang lagi untuk mejalankan kuliah, selain itu untuk fasilitas yg lain juga munkin bisa lebih ditingkatkan terutama kantin, tempat palkir dan lain sebagainya",FASILITAS,RENDAH
saya harap agar tetap baik seperti sekarang,LAINNYA,RENDAH
Untuk bagian akademik lebih memperhatikan dosen praktikum algoritme bb241,AKADEMIK,RENDAH
Pertahankan dan Selalu Ditingkatkan,LAINNYA,RENDAH
Tetap di pertahankan kinerja yang cepat,LAINNYA,RENDAH
Jaga Mutu dan terus tingkatkan kualitas pelayanan,LAINNYA,RENDAH
tidak dipersulit dalam menanyakan atau menyelenggaran event atau tugas apapun oleh para dosen,AKADEMIK,RENDAH
mempermudah mahasiswa semester akhir,LAINNYA,RENDAH
sudah cukup tp smoga kedepannya smakin membaik,LAINNYA,RENDAH
RENOVASI KANTIN SAMA FASILITAS MEJA KURSI SAMA PROYEKTOR LEBIH DI BAGUSIN UNTUK PEMBELAJARAN,FASILITAS,RENDAH
Penggunaan jaringan internet lebih diperluas bagi mahasiswa,JARINGAN_IT,TINGGI
"mungkin wifi di kelas masih kurang memadai, untuk menunjang proses pembelajaran",JARINGAN_IT,SEDANG
"Harapannya adalah semoga fasilitasnya tidak rusak ex. Ac terkadang masih panas, lift rusak dan toilet yang airnya tidak hidup",FASILITAS,TINGGI
Meningkatkan kelayakan fasilitas sarana dan prasarana pada toilet.,FASILITAS,RENDAH
berikan notifikasi saat ad pengumuman atau hal lainnya yang penting,LAINNYA,RENDAH
semoga fasilitas stikom jimbaran tambah menarik,FASILITAS,RENDAH
Agar stikom bisa memperluas gedung,FASILITAS,TINGGI
"Mungkin untuk bangku-bangku bisa diperbaiki atau diganti, karena ada beberapa bangku di kelas maupun di laboratorium yang saya gunakan ada yang sedikit patah, jadi jika itu diduduki secara terus menerus bisa saja patah total dan membuat mahasiswa terjatuh.",LAINNYA,RENDAH
pemberian informasi harap lebih detail,LAINNYA,RENDAH
semoga sistem nya bisa di tingkatkan lagi,LAINNYA,RENDAH
mohon dosen memberi penjelasan yang mudah dimengerti,AKADEMIK,RENDAH
"Peningkatan kualitas wifi kampus dengan menggunakan starlink dll, (wifi 200MBPS ++) .",JARINGAN_IT,RENDAH
tidak ada harapan karena sudah baik,LAINNYA,RENDAH
Sukses ITB STIKOM BALI,LAINNYA,RENDAH
"Peningkatan Akses Internet: Memastikan akses internet yang cepat dan handal di seluruh kampus. Pengembangan Fasilitas Perpustakaan: Memperkaya koleksi perpustakaan dengan buku-buku, jurnal, dan sumber daya digital terbaru. Harapan-harapan ini memerlukan perencanaan strategis yang matang, komitmen dari seluruh pihak terkait, dan evaluasi berkala untuk memastikan efektivitasnya. Dengan implementasi yang konsisten, STIKOM Bali dapat terus meningkatkan kinerjanya dan menjadi lembaga pendidikan tinggi yang unggul di bidang teknologi informasi.",FASILITAS,TINGGI
semoga lebih kompak lagi,LAINNYA,RENDAH
semoga kedepanya lebih baik lagi,LAINNYA,RENDAH
Tingkatkan Menjadi Lebih Baik,LAINNYA,RENDAH
Harapan saya yaitu agar perkuliahan online dioptimalkan,LAINNYA,RENDAH
komunikasi tidak dibatasi hanya melalui media sosial karena tidak semua orang suka memakai bahkan memiliki sosial media. terimakasih.,LAINNYA,RENDAH
saya harap stikom tetap dapat meningkatkan selalu fasilitas kampus,FASILITAS,RENDAH
perbanyak kelas offline,LAINNYA,RENDAH
agar lebih baik kedepanya,LAINNYA,RENDAH
Makin jaya kedepan nya,LAINNYA,RENDAH
"Untuk meningkatkan kinerja, STIKOM Bali diharapkan dapat terus berinovasi dengan memperluas jaringan kerjasama dengan dunia industri dan institusi internasional, sehingga mahasiswa mendapatkan lebih banyak peluang magang dan pekerjaan.",JARINGAN_IT,TINGGI
"kedepannya, dapat memeberikan informasi yang lebih cepat",LAINNYA,RENDAH
untuk lebih bagus lagi,LAINNYA,RENDAH
semakin digali keahlian dari masing-masing mahasiswa,LAINNYA,RENDAH
Kelayakan fasilitas sarana dan prasarana parkir.,FASILITAS,RENDAH
semoga jdi lebih baik kedepannya,LAINNYA,RENDAH
"Menambahkan kurikulum dan pelatihan yang fokus pada teknologi seperti kecerdasan buatan (AI), blockchain, keamanan siber, dan pengembangan aplikasi berbasis cloud.",LAINNYA,RENDAH
"Meningkatkan pelayanan administrasi agar lebih cepat dan efisien, mendukung pengalaman mahasiswa secara keseluruhan",LAINNYA,RENDAH
"Harapan saya semoga STIKOM BALI dapat memperluas kemitraan dengan perusahaan untuk program magang, penelitian terapan, dan peluang kerja bagi lulusan. Dan juga",KEUANGAN,TINGGI
Semoga makin jaya,LAINNYA,RENDAH
kedepannya lebih ditingkatkan lagi menjadi lebih baik,LAINNYA,RENDAH
Harapan sy kedepannya semoga Stikom Bali semakin sukses,LAINNYA,RENDAH
"semoga bagian front office bisa lebih ramah lagi, hanya 1 oknum yang sangat amat tidak ramah di front office",LAINNYA,RENDAH
Mempermudah seluruh mahasiswa untuk menggunakan fasilitas yang ada di kampus,FASILITAS,RENDAH
Semoga semakin teliti dalam pelayanannya,LAINNYA,RENDAH
agar pelayanan itu dapat di tingkatkan lagi,LAINNYA,RENDAH
SEMOGA KEDEPANNYA INFRASTRUKTUR YANG MENGALAMI KENDALA ATAU KERUSAKAN BISA CEPAT DI PERBAIKI,KEUANGAN,TINGGI
perbanyak kelas,LAINNYA,RENDAH
fasilitias ditingkatkan,LAINNYA,RENDAH
untuk fasilitas lebih ditingkatkan.,FASILITAS,RENDAH
semakin lebih baik,LAINNYA,RENDAH
Bisa mencari pekerjaan dengan mudah,LAINNYA,RENDAH
stikom bisa lebih dikenal menjadi kampus terbaik untuk IT. Dan saya bisa lulus lebih cepat hehe,LAINNYA,RENDAH
Semoga lift nya cepat selesai dari perbaikan,FASILITAS,RENDAH
"Kelasnya kurang,wifi gratis",JARINGAN_IT,SEDANG
semoga STIKOM Bali lebih unggul lagi di kancah kampus IT lainnya,LAINNYA,RENDAH
Semoga tetap konsisten,LAINNYA,RENDAH
"tidak banyak harapan, sudah cukup puas.",LAINNYA,TINGGI
terus menjadi lebih baik,LAINNYA,RENDAH
lebih baik kedepannya,LAINNYA,RENDAH
peningkatan fasilitas dan infrastruktur yang lebih modern,FASILITAS,RENDAH
"Semoga, isi di dalam 1 kelas itu tidak sedikit, supaya saya punya banyak teman hehehe",LAINNYA,RENDAH
Lebih memperhatikan saran dari mahasiswanya,LAINNYA,RENDAH
Mendorong dosen dan mahasiswa untuk melakukan penelitian yang relevan dengan isu-isu global. Memberikan insentif untuk publikasi ilmiah di jurnal internasional bereputasi. Membentuk pusat penelitian unggulan yang fokus pada inovasi teknologi.,AKADEMIK,RENDAH
"Fasilitas yang ada dikelas seperti kursi yang sudah rusak diperbaiki atau diganti, diberikan remote untuk menyalakan layar agar tidak menggunakan kursi.",FASILITAS,TINGGI
dosen lebih teliti menginput nilai mahasiswa,AKADEMIK,RENDAH
pemilihan dosen untuk setiap kelas mohon di perhatikan,AKADEMIK,RENDAH
Harapan saya kedepannya: 1. untuk kelas online saya harap dosen pengajar lebih efisien dalam memberikan materi dan tugas. 2. untuk sarana dan prasarana seperti wifi toilet dan kantin mohon untuk di tingkatkan lagi. karena di kantin kondisinya sangat panas,FASILITAS,SEDANG
"Mohon dosen nya kalo ngajar jangan cuman baca ppt , ada salah satu dosen yang cuman baca ppt kalo ngajar.",FASILITAS,RENDAH
"fasilitas pada tiap kelas, terutama pada masalah proyektor di kelas itu dapat diperbaiki agar tidak main-main terus. Terimakasih",FASILITAS,RENDAH
"semoga lebih baik kedepannya, menambah inovasi yang lebih beragaram",LAINNYA,RENDAH
"Aplikasi bahasa pemrograman mohon di update ke versi yg terbaru agar bisa mengikuti perkembangan jaman dan teknologi, dan support di semua OS baik Mac, windows ataupun linux.",FASILITAS,RENDAH
"terserah deh, xiexie.",LAINNYA,RENDAH
yang saya harapkan dari STIKOM Bali adalah lebih perbanyak kelas agar mahasiswa yang tidak mau pembelajaran online dapat kelas offline,LAINNYA,RENDAH
STIKOM Bali dapat terus berkembang dan meningkatkan kontribusinya dalam dunia pendidikan tinggi serta menghasilkan lulusan yang kompetitif di pasar kerja global.,LAINNYA,TINGGI
"harapan saya, semoga terus dipertahankan dan ditingkatkan untuk kualitas dan fasilitas yang diberikan ke mahasiswa",FASILITAS,RENDAH
bisa mengumpulkan tugas jika terlambat sedikit,LAINNYA,SEDANG
Meningkatkan lagi,LAINNYA,RENDAH
makin banyak ngeluarin beasiswa,KEMAHASISWAAN,RENDAH
semoga luas kampus bisa di perbesar lagi,LAINNYA,TINGGI
"meningkatkan fasilitas kampus seperti ac, wifi, kursi, meja , meja dosen, kantin yg lebih bersih dan luas, perpustakaan yang lebih lengkap",FASILITAS,TINGGI
"Tidak ada, karena semua kinerja sudah baik. Dan bisa di tingkatkan lagi untuk kedepannya",LAINNYA,RENDAH
harapan saya untuk kedepanya agar kinerja stikom lebih ditingkatkan lagi,LAINNYA,RENDAH
Lift supaya cepat normal,FASILITAS,RENDAH
Harapannya semoga fasilitas yang sudab tersedia lebih baik lagi dan juga untuk semuanya semoga lebih baik lagi.,FASILITAS,RENDAH
always the first,LAINNYA,RENDAH
Harapan tetap memberikan pelayanan terbaik kepada mahasiswa baik itu dalam pengajaran maupun informasi penting dalam perkuliahan,LAINNYA,RENDAH
lebih responsive lagi terhadap mahasiswa,LAINNYA,RENDAH
Agar lebih praktis untuk segala persayaratan kenaikan semester,LAINNYA,RENDAH
Diharapkan perkembangan sarana prasarana perkuliahan dibuat lebih baik,LAINNYA,RENDAH
Bisa di improve lagi,LAINNYA,RENDAH
Kuliah yang lebih komunikatif secara tatap muka,LAINNYA,RENDAH
"dikarenakan saya belum mendalami stikom, saya sendiri masih belum ada harapan yang bisa saya usulkan untuk stikom. namun, saya berharap kepada bagian prodi untuk memberikan kejelasan mengenai permasalahan pada dikeluhkan mahasiswa, dikarenakan saya mengadu kepada prodi si mengenai permasalahan di perwalian, tanggapan dari prodi si tidak nyambung dengan konteks permasalahan saya, sehingga saya dibuat kecewa karena tidak ada kejelasan dengan masalah yang saya alami saat perwalian.",LAINNYA,RENDAH
"Berdasarkan pengalaman, Komunikasi dari kampus ke mahasiswa lebih diperhatikan, adakan sop untuk yang berhubungan dengan pic komunikasi dari pihak kampus ke mahasiswa.",LAINNYA,RENDAH
"semoga para dosen bisa lebih semangat mengajar, karna ada beberapa dosen yang jarang ngajar",AKADEMIK,RENDAH
Cepat dalam merespon mahasiswa yang membutuhkan bantuan kinerja stikom,LAINNYA,RENDAH
"Situasi pengajaran dosen lebih baik dilakukan secara kolektif dan objektif, bukan secara subjective",AKADEMIK,TINGGI
waktu kedatangan dosen lebih tepat waktu,AKADEMIK,RENDAH
agar dapat ditingkatkan pelayanan untuk mahasiswa,LAINNYA,RENDAH
yang bisa saya usulkan mungkin meningkatkan kecepatan memberikan informasi di SION,LAINNYA,RENDAH
mungkin untuk kelasnya jangan terlalu banyak online karna kita juga perlu interaksi face to face ke dosen dan perlu banyak praktek dan dicontohnya apalagi pembelajaran untuk teknologi jika diteori saja tiak akan semuanya bisa dpahami terima kasih,FASILITAS,RENDAH
Semoga kedepannya lebih banyak lagi event event dan seminar yang diadakan,LAINNYA,RENDAH
semoga stikom bali bisa tetap dan terus melakukan bantuan ke panti asuhan atau tempat lainnya,LAINNYA,RENDAH
kejelasan dan ketepatan informasi.,LAINNYA,RENDAH
Harapannya adanya pembaruan yang lebih baik lagi ataupun mempertahankan kinerja untuk kedepannya dari berbagai bidang,LAINNYA,RENDAH
memberikan fasilitas yang bagus,FASILITAS,RENDAH
"STIKOM Bali diharapkan lebih aktif mendorong mahasiswa untuk mengikuti program MSIB seperti magang di perusahaan ternama, studi independen, dan proyek berbasis komunitas.",LAINNYA,RENDAH
Harapan saya kedepannya untuk meningkatkan kinerja stikom bali mungkin dari segi peningkatan kerjasama dan juga memperluas jaringan ke negara-negara lain agar mahasiswa mampu lebih memperluas jangkauan ilmu tidak hanya di dalam kampus melainkan menambah ilmu baru di luar kampus,JARINGAN_IT,TINGGI
Aktifkan jaringan alumni untuk mendukung mahasiswa dalam magang dan karir,JARINGAN_IT,RENDAH
"Semangat aja trus, dan lebih konsisten lagi",LAINNYA,RENDAH
"Saya berharap agar akses internet diperluas, sehingga membantu mahasiswa yang sedang tidak memiliki internet saat berada di lingkungan kampus. Terutama lingkungan kampus ITB STIKOM BALI Kampus Jimbaran, di lantai 2. Jaringan wifi-nya terkadang sampai namun agak susah untuk terkoneksi dan terkadang tidak ada jaringan internetnya.",JARINGAN_IT,TINGGI
lebih sabar menghadapi mahasiswa yang telat dalam berfikir,LAINNYA,RENDAH
semoga ditingkatkan menjadi lebih baik lagi,LAINNYA,RENDAH
harapan saya selalu yang terbaik,LAINNYA,RENDAH
harapan saya semoga tahun berikutnya lebih meningkat lagi,LAINNYA,RENDAH
peningkatan ke jenjang s2,LAINNYA,RENDAH
Harapanya wifi stikom jimbaran dapat ditingkatkan untuk membantu proses belajar mengajar mahasiswa maupun dosen,JARINGAN_IT,RENDAH
"semoga stikom bali kedepannya dapat memperharui fasilitas, sarana dan prasarana yang ada di kampus, terutama yang ada pada stikom jimbaran, serta menghadirkan dosen dengan kredibilitas yang sesuai dengan bidangnya untuk mengajar.",FASILITAS,RENDAH
Membuat sistem pembelajaran yang lebih menyenangkan,LAINNYA,RENDAH
Tingkatkan lebih baik lagi,LAINNYA,RENDAH
perbaiki kamar mandi dan lift kampus,FASILITAS,RENDAH
kedepannya kinerjanya meningkat dalam segala aspek khususnya fasilitas,FASILITAS,RENDAH
semoga tambah baik,LAINNYA,RENDAH
"kalo bisa kuisioner jangan diwajibkan untuk mengisi, ketika mahasiswa perlu untuk melihat info cepat dan penting di sion, tapi harus mengisi kuisioner dulu untuk mengakses informasi di sion, dan itu memakan waktu yang cukup lama ketika kita sebagai mahasiswa perlu melihat info cepat di sion",LAINNYA,RENDAH
semoga bisa pertahankan,LAINNYA,RENDAH
"harapan saya untuk stikom bali adalah semoga semakin ramai kampusnya, dll.",LAINNYA,RENDAH
"cukup perbaiki masalah yang ada , dan perhatikan fasilitas dan lakukan maintenance rutin",FASILITAS,RENDAH
Mungkin proyektor lcd disemua kelas diharapkan bisa bekerja dengan baik,FASILITAS,RENDAH
Semoga lift nya ngak rusak lagi,FASILITAS,TINGGI
"memperbaiki fasilitas yang ada, seperti proyektor, terdapat beberapa tempat duduk yang rusak di kelas, WiFi hanya terjangkau di beberapa ruangan saja, lampu di kamar mandi, air yang cenderung kecil, disediakan tisu di kamar mandi, serta mencari solusi untuk parkiran yang sering penuh.",FASILITAS,TINGGI
Konsisten dalam memberikan pelayanan untuk mahasiswa,LAINNYA,RENDAH
memeberikan keringan pada pembayaran,KEUANGAN,RENDAH
"Parkir untuk mahasiswa,fasilitas yg lengkap dan wifi yang menyeluruh di lingkungan kampus",FASILITAS,RENDAH
Peningkatan fasilitas lab.,FASILITAS,RENDAH
Harapan lift bisa di benarkan supaya naik dan tutup nya lebih cepat serta fasilitas bangku bisa di perbaiki dan AC ruangan bisa d dinginkan agar nyanan saat bljr,FASILITAS,RENDAH
fasilitas kampus ditingkatkan lagi dan kalo ada fasilitas yang rusak bisa lebih cepat lagi untuk perbaikannya,FASILITAS,TINGGI
Saya berharap STIKOM Bali bisa lebih memperhatikan detail-detail pembuatan perturan agar tidak terjadi keambiguan dalam penerapannya,LAINNYA,RENDAH
perbanyak kuota offline nya,LAINNYA,RENDAH
Mungkin lebih dapat mengatur jam matkul agar tidak bertabrakan,AKADEMIK,RENDAH
bisa ditambahkan fasilitas wifi agar tidak terlalu lemot ketika banyak mahasiswa yg memakai,FASILITAS,SEDANG
"Harapan saya adalah agar STIKOM Bali dapat memperluas area parkir demi kenyamanan mahasiswa, dosen, dan staf. Parkiran yang lebih luas dan terorganisir akan mendukung aktivitas kampus yang semakin berkembang.",FASILITAS,TINGGI
Semoga jaya selalu dan tetap semangat terus meningkatkan kualitas stikom bali ke depannya,LAINNYA,RENDAH
"Tolong wifi kampus dibuat free saja, jangan cuma 1 wifi saja yang free, percuma wifi banyak kalau yang free cuma satu saja",JARINGAN_IT,RENDAH
Semakin ditingkatkan terus,LAINNYA,RENDAH
semoga stikom menjadi nomor 1 di indonesia,LAINNYA,RENDAH
Semoga ITB STIKOM BALI dapat berkembang lebih baik lagi dalam bentuk fasilitas dan dan lainnya,FASILITAS,RENDAH
"Memperluas kemitraan dengan perusahaan teknologi terkemuka untuk menciptakan program magang, penelitian bersama, atau peluang kerja bagi mahasiswa. Hal ini dapat meningkatkan relevansi kurikulum dengan kebutuhan industri.",KEUANGAN,TINGGI
Semoga sistem tidak error,LAINNYA,TINGGI
Mohon tingkatkan layanan fasilitas toilet serta ruangan untuk setiap ukm,FASILITAS,RENDAH
Banyak bacaan novel di perpustakaan,FASILITAS,RENDAH
tetap menjaga kualitas yang baik saat ini,LAINNYA,RENDAH
mungkin bisa fasilitas parkir dalam kampus di perluas. dan fasilitas tempat duduk untuk belajar di sekitar area kampus di perbanyak.,FASILITAS,TINGGI
Harapan saya untuk stikom semoga bisa menjadi kampus terbaik,LAINNYA,RENDAH
Kemudah mengakses website.,LAINNYA,RENDAH
agar dilakukan perbaikan sarana perkuliahan yang kurang baik,LAINNYA,SEDANG
semoga lebih baik lagi kedepannya jika ada permasalahan,LAINNYA,RENDAH
"Harapan saya adalah untuk perizinan absensi/dispen mahasiswa tidak dipersulit, Terima Kasih",LAINNYA,RENDAH
Saya harap STIKOM menambah speed WiFi di kampus,JARINGAN_IT,RENDAH
Makin jaya selalu stikom bali,LAINNYA,RENDAH
"Saya harap kuota internet belajar saya segera turun, sudah dari 2020 belum keluar juga. Untuk perpustakaan jujur saya tidak tahu tentang e-library, mungkin STIKOM BALI bisa menyebarluaskan informasinya lewat instagram, telegram, atau grup WA",JARINGAN_IT,TINGGI
Lebih ramah dan lebih fastrespon,LAINNYA,RENDAH
lebih di optimalkan lagi,LAINNYA,RENDAH
semoga bisa menjadi lebih baik lagi,LAINNYA,RENDAH
semoga fasilitas lainnya dapat ditngkatkan lagi,FASILITAS,RENDAH
perbaikan sarana dan prasarana,LAINNYA,RENDAH
Mungkin bisa ditingkatkan lagi keamanan di bagian parkir.,FASILITAS,RENDAH
stikom bali semakin jaya,LAINNYA,RENDAH
"Ruangan 3.2 Plafon Bolong saat saya masuk, Ruangan 4.1 ac kadang tidak dingin colokan ada yang keluar dari dinding berbahaya, ac pernah bocor air banyak.",FASILITAS,KRITIS
Memperbanyak kelas,LAINNYA,RENDAH
Kinerja yang ditingkatkan lagi,LAINNYA,RENDAH
kedepannya bisa lebih memaksimalkan kinerja yang sudah baik menjadi sangat baik,LAINNYA,RENDAH
semoga kedepannya stikom bali jaya selalu,LAINNYA,RENDAH
Harapan kedelannya lift nya segera dibenarkan dan diselesaikan,FASILITAS,RENDAH
"harapan saya adalah untuk sarana prasarana di kelas dan di toilet tolong di optimalkan lagi, dan tolong untuk kelas diperbanyak jangan justru mengurangi kelas",FASILITAS,RENDAH
dapat lebih baik lagi,LAINNYA,RENDAH
Kedepannya bisa maju terus dan semakin meningkatkan kualitas baik itu dari segi pembelajaran ataupun fasilitas,FASILITAS,RENDAH
"Toiletnya diperbaiki ya soalnya banyak rusak, airnya kecil, kadang ga bisa dipake tutup nya pada gada dengan ac nya juga kadang panas kadang dingin, pcnya ada yg ga bisa nyalah",FASILITAS,TINGGI
semua aspek ditingkatkan,LAINNYA,RENDAH
"dipertahankan, lebih sering memberikan informasi penting ke mahsiswa",LAINNYA,RENDAH
"Tidak ada, karena sepertinya kinerja stikom sudah unggul",LAINNYA,RENDAH
harapan saya adalah bisa mempertahankan dan bisa berkembang lebih maju lagi stikom always the first,LAINNYA,RENDAH
Terus tingkatkna,LAINNYA,RENDAH
semoga jadi lebih baik,LAINNYA,RENDAH
semoga bsa lebih baik lagi,LAINNYA,RENDAH
dapat menambah fasilitas yang lebih,FASILITAS,RENDAH
"Peningkatan Kolaborasi Internasional: Meningkatkan kerjasama dengan universitas dan institusi penelitian internasional untuk memperluas jaringan, bertukar pengetahuan, dan memberikan mahasiswa kesempatan untuk mengikuti program pertukaran pelajar serta magang di luar negeri. Program Beasiswa dan Dukungan Finansial: Meningkatkan jumlah dan jenis beasiswa yang ditawarkan untuk menarik mahasiswa berprestasi dari berbagai latar belakang ekonomi dan memastikan semua mahasiswa memiliki kesempatan untuk menyelesaikan pendidikan mereka tanpa hambatan finansial.",JARINGAN_IT,TINGGI
Saling Mengerti dan perhatian itu penting apalagi komunikasi dalam hubungan,LAINNYA,RENDAH
Makin banyak prodi SK di stikom jimbaran,LAINNYA,RENDAH
"harapan saya untuk stikom bali, dalam situasi dan keadaan ekonomi saat ini saya berharap dosen bisa memberikan motivasi terhadap mahasiswa tentang bagaimana menghadapi tantangan ekonomi kedepannya, sistem komputer sangat banyak dibutuhkan di dunia kerja, bagaimana cara agar dosen dapat memotivasi agar mahasiswa dapat membaca peluang bisnis terhadap kebutuhan lulusan sistem komputer, dan stikom bisa melibatkan mahasiswa di project-project besar di pemerintahan agar mendapat pengalaman, karena PENGALAMAN ADALAH GURU YANG TERBAIK. Terima Kasih, SUKSMA,...",FASILITAS,TINGGI
Fasilitas yang ada di dalam Lab bisa ditingkatkan lagi,FASILITAS,RENDAH
untuk pembelajaran agar tepat waktu,LAINNYA,RENDAH
"TIDAK ADA, SUDAH BERJALAN DENGAN BAIK",LAINNYA,RENDAH
Semoga kedepannya lebih baik lagi,LAINNYA,RENDAH
Sudah baik dan semoga semakin ditingkatkan lagi,LAINNYA,RENDAH
semakin baik dan sukses,LAINNYA,RENDAH
Tetap mempertahankan kinerja yang sekarang karena sudah baik,LAINNYA,RENDAH
semoga semakin banyak program program gratis seperti program devhandal yang dapat membantu kami merasakan pembelajaran diluar kampus dan juga nantinya bisa membantu mengkonversi sks,LAINNYA,RENDAH
konsisten memberikan pelayanan yang cepat dan tanggap,LAINNYA,RENDAH
Dapat terus memudahkan pembayaran kedepan nya,KEUANGAN,RENDAH
Terus ditingkatkan lagi kinerjanya jangan sampai menurun,LAINNYA,RENDAH
"Harapan saya sebagai mahasiswa agar lebih ditingkatkan kualitas komputer di lab, Jaringan wifi agar ditingkatkan, dan sediakan ruang baca yang nyaman",FASILITAS,RENDAH
Semoga bagian prodi bisa lebih aktif membantu mahasiswa yang kesusahan informasi,LAINNYA,SEDANG
terus tingkatkan,LAINNYA,RENDAH
tempat parkir diperluas,FASILITAS,TINGGI
perbaiki fasilitas,FASILITAS,RENDAH
makin lebih ditingkatkan lagi,LAINNYA,RENDAH
lebih flexibel lagi jadwalnya,AKADEMIK,RENDAH
smg lebih baik lg,LAINNYA,RENDAH
semoga tetap pertahankan pelayanan ini agar bisa lebih bagus lagi kedepannya,LAINNYA,RENDAH
Tidak mempersulit mahasiswa,LAINNYA,RENDAH
semoga ukt makin murah,KEUANGAN,RENDAH
Semoga dapat di tingkatkan lagi,LAINNYA,RENDAH
praktikum lebih di tingkatkan,LAINNYA,RENDAH
Semoga kinerja ITB Stikom Bali kedepannya menjadi lebih baik,LAINNYA,RENDAH
Saya berharap agar proses bimbingam tesis saya berjalan lancar dan dapat mengikuti ujian sesuai dengan jadwal di kalender akademik,AKADEMIK,TINGGI
Semoga kedepan nya ITB STIKOM Bali lebih baik lagi dari yang sekarang,LAINNYA,RENDAH
harapannya bisa menambah ruangan,FASILITAS,RENDAH
"harapan saya kedepannya untuk ITB STIKOM BALI tetap utamakan fasilitas kelas karena dengan kelas nyaman mahasiswa pas waktu pembelajaran pasti akan fokus, jika ada kelas yang fasilitasnya rusak langsung gerak cepat buat memperbaiki fasilitas yang rusak (misalnya ac rusak) ini harus cepat diperbaiki sejauh ini saya lihat sudah cepat penangan dari itb stikom bali, saya harap tetap mempertahankan kinerja ini sampai kapan pun karena kelas kalau nyaman mahasiswa pasti akan fokus dalam pembelajaran",FASILITAS,TINGGI
akses artikel jurnal secara gratis,LAINNYA,RENDAH
semoga kinerja semakin meningkat,LAINNYA,RENDAH
"harapan saya semoga STIKOM Bali dapat menjadi pusat unggulan dalam bidang teknologi informasi yang tidak hanya menghasilkan lulusan berkualitas, tetapi juga berkontribusi aktif dalam pengembangan ilmu pengetahuan dan teknologi serta memberikan solusi bagi permasalahan masyarakat.",LAINNYA,TINGGI
"Tolong akademik lebih fast respont seperti bagian keuangan, dan bisa menjelaskan lebih detail kepada mahasiswa",AKADEMIK,RENDAH
Semoga ITB STIKOM Bali semakin baik ke depannya dalam membimbing mahasiswa agar bisa lebih cerdas dan jaya di masa depan,LAINNYA,RENDAH
harapan agar kedepannya lebih baik lagi,LAINNYA,RENDAH
tetap berinovasi,LAINNYA,RENDAH
"Tingkatkan kenyaman dan kapasitas aula seperti penambahan kursi dan sofa, memperluas aula, dan meningkatkan standar panggung.",FASILITAS,TINGGI
mungkin kursi untuk mahasiswa bisa diperbarui agar bertambahnya kenyamanan saat berlangsungnya pelajaran,FASILITAS,RENDAH
harapannya agar stikom kedepannya lebih berkembang pesat lagi,LAINNYA,RENDAH
lebih tepat eakgu memberikan informasi dengan jelas,LAINNYA,RENDAH
harapan saya fasilitas kampus tidak ada yang rusak,FASILITAS,TINGGI
"memberikan ruang untuk Organisasi mahasiswa, dan juga berkolaborasi dengan GDG Bali",KEUANGAN,RENDAH
Tidak ada harapan di karenakan kinerja stikom bali sudah sangat bagus,LAINNYA,RENDAH
Memperluas gedung parkir,FASILITAS,TINGGI
tetap konsisten lagi kedepannya,LAINNYA,RENDAH
ukm futsal ganti hari,KEMAHASISWAAN,TINGGI
Saat ini tidak ada,LAINNYA,RENDAH
semoga lebih maju stikom... cuingg ped,LAINNYA,RENDAH
"Harapan saya ITB Stikm bali dapat menyediakan program pengembangan profesional bagi dosen untuk terus meningkatkan metode pengajaran dan pengetahuan mereka. Mengintegrasikan pembelajaran berbasis proyek, pembelajaran daring, dan flipped classroom untuk meningkatkan keterlibatan dan hasil belajar mahasiswa.",AKADEMIK,RENDAH
"Harapan saya, STIKOM BAli dapat membuka lebih banyak peluang untuk kerjasama internasional, baik dalam bentuk pertukaran mahasiswa maupun kolaborasi penelitian dengan universitas luar negeri.",KEUANGAN,RENDAH
Membuat sistem pembelajaran yang lebih baik lagi dengan memberikan dosen dosen yang berkualitas serta meningkatkan kecukupan dan kelayakan fasilitas yang pada kampus,FASILITAS,RENDAH
Semoga lebih baik dalam melakukan pelayanan,LAINNYA,RENDAH
Tingkatkan respon pada bagian admin,LAINNYA,RENDAH
Semoga selalu memberikan solusi secara cepat tanpa mengoper kesana kemari,LAINNYA,RENDAH
meningkatkan kualitas dosen dalam mengajar,AKADEMIK,RENDAH
Tingkatkan fasilitas kampus karena kampus tersebut adalah kampus teknologi maka diharapkan di tingkatkan fasilitas nya,FASILITAS,RENDAH
memperbarui AC untuk mendukung kegiatan belajar-mengajar dengan efektif,FASILITAS,RENDAH
tetap dipertahankan,LAINNYA,RENDAH
"Harapan, tingkatkan lagi , dalam menginformasikan informasi penting kepada mahasiswa.",LAINNYA,RENDAH
wifi yang lebih kencang,JARINGAN_IT,RENDAH
SEMOGA MAKIN MAJU,LAINNYA,RENDAH
"Semoga kedepannya ada kebijakan baru agar semua dosen memberikan fasilitas waktu pengumpulan tugas harian bagi mahasiswa kelas karyawan agar dikumpulkan maksimal 24 jam dari waktu yang diberikan, bukan dikumpulkan setelah jam pelajaran karena kadang ada matakuliah diambil di jam saya bekerja di lapangan dan sangat meberatkan untuk mengumpulkan tugas ontime di jam kuliah. Terimakasih #hanya saran",FASILITAS,RENDAH
Tidak ada notifikasi ke mahasiswa jika ada pengumuman di sion tentaang keuangan maupun hal lainnya,KEUANGAN,RENDAH
"Tolong tingkatkan lagi fasilitas untuk pengguna difabel, seperti toilet dan kantin. Karena saya sebagai difabel kurang bisa menjangkau daerah tersebut, yang disebabkan minimnya akses buat saya maupun keterbatasan lebar pintu. Saya berada di Stikom Jimbaran. Terima kasih.",FASILITAS,SEDANG
semoga sistem servicenya lebih fast respon lagi kedepannya,LAINNYA,RENDAH
Semoga kedepannya bisa lebih baik lagi,LAINNYA,RENDAH
harapan saya iyalah Kecepatan bagian akademik dalam membantu dan memberikan jasa pelayanan kepada mahasiswa,AKADEMIK,RENDAH
semoga semakin ditingkatkan lagi dari segi fasilitasnya,FASILITAS,RENDAH
"semoga lebih baik kedepannya, dan meningkatkan fasilitas dari seluruh aspek yang ada di kampus",FASILITAS,RENDAH
Menyediakan atm bca,LAINNYA,RENDAH
"Fasilitas yang diperbaiki, tem yang terkadang tidak terjaga, pengharum ruangan yang tidak ada, dan AC yang kadang bocor. Juga kursi yang slanted",FASILITAS,RENDAH
semiooga kedepannya lebih baik lagi,LAINNYA,RENDAH
mohon balasan chat dari akademik dipercepat,AKADEMIK,RENDAH
semoga dilancarkan lulus untuk di pascasarjana ITB Stikom Bali,LAINNYA,RENDAH
Semoga kualitas layanan terus meningkat di STIKOM Bali agar lebih baik dari yang sebelumnya,LAINNYA,RENDAH
Semoga stikom bisa lebih maju,LAINNYA,RENDAH
Harapan saya adalah untuk bisa meningkatkan fasilitas dan juga meningkatkan kinerja ITB stikom Bali,FASILITAS,RENDAH
bisa ditingkatkan lagi,LAINNYA,RENDAH
"minta tolong fasilitas wcnya di bagusin lagi, kasi tisu atau sabun",FASILITAS,RENDAH
semakin ditingkatkan selalu,LAINNYA,RENDAH
semoga semakin berkembang dan semakin lebih baik,LAINNYA,RENDAH
fasilitas yang memadai pada setiap ukm,FASILITAS,RENDAH
Semoga kedepanya lebih baik lagi,LAINNYA,RENDAH
Setiap keluhan di dengarkan lalu didiskusikan bagaimana merealisasikannya sesuai dengan kebutuhan kampus,LAINNYA,RENDAH
"Perbaiki lagi, terutama untuk pelayanan di akademik dan keungan",AKADEMIK,RENDAH
semoga kedepannya STIKOM bisa lebih berkembang lagi,LAINNYA,RENDAH
Semuanya sudah bagus,LAINNYA,RENDAH
Semoga nantinya lebih baik dan maksimal lagi kedepannya,LAINNYA,RENDAH
semoga semakin jaya,LAINNYA,RENDAH
Lebih ditingkatkan kinerja dan sistemnya bagi yg daring,LAINNYA,RENDAH
Memperbanyak diadakan seminar,LAINNYA,RENDAH
lebih banyak ruang kelas agar dapat belajar dengan lebih efektif,KEUANGAN,RENDAH
"pemberina informasi terutama terkait pembayaran UKT, jangan terlalu mendadak",KEUANGAN,RENDAH
Harapan nya ialah Saya tidak tau tapi semoga stikom ini menjadi lebih baik setiap tahunnya,LAINNYA,RENDAH
Melakukan perbaikan atau mengganti fasilitas kampus yang sudah rusak atau kurang layak digunakan.,FASILITAS,TINGGI
"semoga dalam fasilitas parkir di basement perlu di atur lagi, karena motor saya sering lecet disana karena mahasiswa yang memepetkan motornya",FASILITAS,RENDAH
semoga stikom menjadi kampus lebih unggul dalam aspek apapun,LAINNYA,RENDAH
"Untuk meningkatkan kinerja STIKOM Bali, beberapa usulan dapat dipertimbangkan: 1. Implementasi IT Balanced Scorecard: Menggunakan metode ini untuk mengukur dan merumuskan sasaran strategis IT yang mendukung tujuan organisasi, sehingga kinerja divisi IT dapat dievaluasi secara komprehensif. 2. Peningkatan Pelatihan SDM: Mengadakan program pelatihan dan sertifikasi untuk meningkatkan kompetensi dosen dan staf, yang berfokus pada perkembangan teknologi terkini. 3. Perbaikan Sistem Informasi: Mengembangkan dan mengintegrasikan sistem informasi kampus untuk meningkatkan efisiensi pelayanan kepada mahasiswa, termasuk sistem informasi promosi dan penjaminan mutu.",AKADEMIK,TINGGI
Sejauh ini belum ada,LAINNYA,RENDAH
cara mengajar dosen kepada mahasiswa lebih variatif,AKADEMIK,RENDAH
Harapan yang dapat Saya usulkan untuk meningkatkan kinerja STIKOM Bali tersebut adalah memberikan juga kelonggaran waktu 5-10 menit bagi mahasiswa untuk website kampus seperti elearning agar tetap bisa mengirimkan jawaban di elearning meski batas waktu habis,LAINNYA,RENDAH
pertahankan &amp; tinggatkan kinerja pengajar sekarang,LAINNYA,RENDAH
Harapan saya untuk ITB STIKOM BALI ini semoga kedepannya lebih bagus dan banyak kinerjanya,LAINNYA,RENDAH
Terus tingkatkan lagi,LAINNYA,RENDAH
permudahkan saat minta ijin,LAINNYA,RENDAH
saya harap Stikom bisa memberikan akses kelas offline yang lebih banyak atau bisa dibilang kesesuaian antara status perkuliahan yang didapat yaitu reguler yang jadwal kuliahnya adalah pagi sampai sore. Namun pada saat perwalian hanya disediakan jadwal online di waktu perkuliahan reguler yaitu pagi sampai sore dan perkuliahan offlinenya hanya di malah hari. Hal ini membuat mahasiswa tidak diberikan pilihan untuk memilih kelas offline atau online karena kelas yang disediakan pada waktu perkuliahan reguler hanya online saja.,AKADEMIK,RENDAH
Terus menjadi lebih maju kedepannnya,LAINNYA,RENDAH
sudah terpenuhi,LAINNYA,RENDAH
Belum ada dari saya,LAINNYA,RENDAH
Semoga ITB Stikom Bali meningkatkan kinerjanya lebih baik lagi.,LAINNYA,RENDAH
Semoga kedepannya pelayanannya lebih bagus,LAINNYA,RENDAH
"semoga petinggi kampus melihat bagaimana potensial dari setiap sertifikasi semester karena selain biaya yang mahal harus juga memberikan pelatihan bagi peminat nya, dan harapanya semoga setiap kegiatan yang diadakan di kampus memberikan dampak positif kepada semuanya. terimakasih",KEUANGAN,RENDAH
fasilitas kampus agar bisa bersaing dengan kampus lain,FASILITAS,RENDAH
Lebih memadai fasilitas dan meningkatkan kualitas,FASILITAS,RENDAH
Makin di Tingkatkan lagi,LAINNYA,RENDAH
wifinya kurang cepat dan tidak merata,JARINGAN_IT,SEDANG
Semua sangat baik,LAINNYA,RENDAH
Ditingkatkan lebih baik lagi,LAINNYA,RENDAH
Meningkatkan sistem akademik online untuk kemudahan akses informasi dan administrasi mahasiswa,AKADEMIK,RENDAH
lebih tingkatkan kualitas dalam segala aspek,LAINNYA,RENDAH
tetap di pertahankan,LAINNYA,RENDAH
Menyediakan lebih banyak program pengembangan profesional bagi dosen untuk memastikan mereka selalu update dengan tren terbaru,AKADEMIK,RENDAH
Perubahan dari hal hal kecil memang terlihat kurang berarti tapi konsisten aja,LAINNYA,SEDANG
semoga kedepannya kinerja stikom bali semakin baik,LAINNYA,RENDAH
semoga kedepannya lebih baik lagi di fasilitas maupun pembelajaran,FASILITAS,RENDAH
Tambah lahan parkir,FASILITAS,RENDAH
lebih perbanyak kelas agar mahasiswa bisa mendapatkan kelas offline,LAINNYA,RENDAH
menambahkan tissue di toilet,FASILITAS,RENDAH
selalu mendengar keluhan mahasiswa,LAINNYA,RENDAH
Berharap menjadi lebih baik lagi.,LAINNYA,RENDAH
terus tingkatkan kerjanya,LAINNYA,RENDAH
semoga semakin baik,LAINNYA,RENDAH
"saya berharap kedepannya setiap lantai di STIKOM BALI di berikan layanan dan juga akses wifi untuk para mahasiswa dengan gratis guna memperingan beban mahasiswa yang memiliki kendala gangguan sinyal atau sinyal jelek, terima kasih",JARINGAN_IT,TINGGI
Peralatan dikelas seperti meja dan kabel vga perlu diperbaiki,FASILITAS,RENDAH
Semoga maju dan jaya di darat udara dan laut,LAINNYA,RENDAH
semoga kedepannya kinerja stikom semakin baik lagi,LAINNYA,RENDAH
Semoga sukses selalu,LAINNYA,RENDAH
"fasilitas kursi di dalam kelas mungkin, kadang ada beberapa kursi yang rusak atau patah yang bisa saja membahayakan",FASILITAS,KRITIS
"semoga keluhan keluhan dari mahasiswa lebih cepat mendapatkan feedback(misalnya, keluhan mengenai jadwal pelajaran dari suatu dosen, semoga dapat segera diperbaiki)",FASILITAS,RENDAH
semoga segala aspeknya bisa bertambah baik,LAINNYA,RENDAH
"tolong parkiran diperluas lagi, sama kelas.",FASILITAS,TINGGI
Menurut saya stikom masi terlalu kecil untuk mahasiswa sebanyak ini,LAINNYA,RENDAH
"&quot;Dengan hormat, saya ingin menyampaikan bahwa beban tugas mengajar yang begitu padat mungkin akan lebih baik jika dialihkan kepada dosen lain yang notabene &quot;tidak sibuk!&quot;. Hal ini bertujuan agar kualitas pengajaran tetap terjaga dan Bapak/Ibu dapat lebih fokus pada tugas-tugas akademik lainnya.&quot;",AKADEMIK,RENDAH
pendaftaran yudisium,LAINNYA,RENDAH
"harapan nya dapat kemudahan dalam mengerjakan Tugas Akhir, mungkin bisa dengan bantuan dari dosen wali atau dosen konsultasi dengan memberikan saran atau ide yang mudah dikerjakan dan dipahami oleh mahasiswa",AKADEMIK,RENDAH
semoga bisa dipertahankan dan ditungkatkan lagi,LAINNYA,RENDAH
toilet tolong diisikan tisu,FASILITAS,RENDAH
"Semoga fasilitas jdi lebih baik lagi, dan baikan prodi si bisa lebih fast respon lagi.",FASILITAS,RENDAH
Terus tingkatkan pelayanan kedapa mahasiswa,LAINNYA,RENDAH
"Harapan untuk meningkatkan kinerja STIKOM Bali adalah memperluas kerja sama internasional dengan universitas dan perusahaan global, memperkuat riset dan inovasi berbasis teknologi terkini, serta menyediakan lebih banyak program kewirausahaan untuk mendorong mahasiswa menciptakan solusi digital yang berdampak luas.",LAINNYA,TINGGI
Semoga Kedepannya Kampus ITB Stikom Bali Menjadi Kampus Terbaik,LAINNYA,RENDAH
"bisa menyediakan kelas sesuai apa yang diambil, saya yang mengambil kelas daring malam, sangat susah mendapatkan jadwal untuk kelas malam daring saat perwalian. terkadang saya harus menyelingi kelas sambil bekerja, padahal pembayaran SPP sudah lebih mahal dari kelas reguler.",AKADEMIK,SEDANG
"Harapan saya untuk meningkatkan kinerja stikom saat ini sudah cukup baik, mungkin bisa sedikit ditingkatkan lagi sedikit.",LAINNYA,RENDAH
fasilitas parkir masih belum cukup fasilitas cantin saat ini kotor dan panas tolong di optimalkan fasilitas kelas seperti AC beberapa masih kurang dingin dan ada yang bocor fasilitas kelas ada beberapa kursi meja mahasiswa perlu diganti karena sudah usang fasilitas tempat ibadah seperti musholah masih sering digunakan untuk tempat pacaran dan nongkrong di pojok belakan bertirai. tolong ditambahkan tempat khusus mahasiswa yaitu student center,FASILITAS,SEDANG
"Menambah fasilitas seperti lahan parkir, wifi yang memadai, dan perpustakaan yang lebih luas",FASILITAS,TINGGI
keamanan parkir ditingkatkan supaya helm aman,FASILITAS,RENDAH
"Harapan saya kedepannya, baik dalam pelayanan maupun penyediaan fasilitas bisa lebih baik lagi agar seluruh civitas kampus ITB STIKOM Bali dapat berkegiatan dengan baik, serta mengedepankan efisiensi waktu.",FASILITAS,RENDAH
Harapan saya semoga kedepannya semakin baik dan lebih ditingkatkan kinerja tersebut,LAINNYA,RENDAH
Metode pembelajaran dan materi yang lebih relevan dan terupdate,LAINNYA,RENDAH
Semoga stikom dosennya memberi informasi jika tidak dapat mengajar,AKADEMIK,RENDAH
Tingkatkan dukungan untuk kegiatan organisasi mahasiswa,KEMAHASISWAAN,RENDAH
Menjadi lebih baik lagi,LAINNYA,RENDAH
lebih ditingkatkan lagi untuk elerning dan sionnya,LAINNYA,RENDAH
Lebih banyak referensi sumber penelitian,LAINNYA,RENDAH
Semoga kinerja stikom semakin hebat kedepannya,LAINNYA,RENDAH
"Memperbaiki dan menambahkan fasilitas yang kurang seperti proyektor yang tidak aktif, remote AC yang tidak tersedia",FASILITAS,SEDANG
lebih ditingaktkan lagi dalam segi sion,LAINNYA,RENDAH
"mungkin lebih diperhatikan lagi untuk fasilitas di toilet maupun kantin, karena pada toilet banyak yang tidak bisa digunakan. sedangkan untuk kantin terkadang masih kotor oleh sampah yang berserakan dan pengap karena kipas angin yang sudah tidak berfungsi baik.",FASILITAS,SEDANG
mungkin dari segi parkiran yang cukup sempit dan sulit untuk parkir apa lagi untuk parkiran mobil sangatt sulitt sekalii dan mohon lebih di perhatikan!!.,FASILITAS,RENDAH
Semoga lebih baik untuk semuanya,LAINNYA,RENDAH
perbagus fasilitas,FASILITAS,RENDAH
"Ruang belajarnya ditambah, parkirnya juga",FASILITAS,RENDAH
Biaya kuliah lebih murah,KEUANGAN,RENDAH
harapan semoga semua fasilitas semakin lengkap,FASILITAS,RENDAH
semoga cepat ujian proposal,LAINNYA,TINGGI
Semoga kedepannya stikom bali tambah maju dan tambah baik lagi..,LAINNYA,RENDAH
lebih berkembang,LAINNYA,RENDAH
"selalu kompak dan tinggikan solidaritas , tak ada pandangan seseorang berposisi diatas maupun dibawah, karna jikalau tidak ada kerja tim itu pekerjaan itu akan sulit dikerjakan",LAINNYA,RENDAH
dosen dapat mengajar sesuai dengan jadwalnya dan jika tidak sempat mengajar sebaiknya menginformasikan h-1 atau h-beberapa jam jangan saat jam dimana seharusnya pembelajaran sudah dimulai. parkiran kurang luas. perbanyak kantin.,FASILITAS,TINGGI
mungkin lebih perbanyak libur,LAINNYA,RENDAH
"harapannya semoga kampus itb stikom Bali semakin hari semakin meningkat kualitasnya baik dari segi fasilitas, kinerja dan sejenisnya",FASILITAS,RENDAH
harapan saya agar bisa menggunakan wifi kampus supaya pembelajaran menggunakan laptop lebih optimal,JARINGAN_IT,RENDAH
Semoga kedepannya bisa lebih baik lagi dalam segi infrastruktur,KEUANGAN,RENDAH
harapan saya semoga parkir nya lebih diperluas lagi,FASILITAS,TINGGI
semoga kedepannya makin baik lagi dalam hal apapun,LAINNYA,RENDAH
"harapan saya, semoga kedepannya Stikom Bali tetap menjadi kampus IT terbaik di Bali",LAINNYA,RENDAH
"Harapannya semoga sistem di stikom lebih baik lagi dikembangkan serta proses pembelajaran di mantapkan lagi (fasilitas, dll)",FASILITAS,RENDAH
"server , dosen yang lebih cepat merespon pertanyaan via WA, dosen yang lebih interaktif dan fun, bukan ngomong sendiri template dan bosenin (online)",AKADEMIK,RENDAH
lebih meningkatkan pelayanan,LAINNYA,RENDAH
Meningkatkan layanan kemahasiswaan,LAINNYA,RENDAH
harapan saya terus di tingkatkan pada sarana dan prasarana karena itu membantu mahasiswa untuk terus berkreatif dalam mengikuti pembelajaran di kampus,LAINNYA,RENDAH
"Di setiap ruangan kelas di harap ada pewangi ruangan, agar kelas menjadi wangi dan nyaman.",FASILITAS,RENDAH
Lebih diutamakan kepada mahasiswa,LAINNYA,RENDAH
selalu bekerja dengan keras dan pantang menyerah,LAINNYA,RENDAH
"dapat memperbaiki dan melakukan perubahan terhadap keluhan yang sudah ada. Terutama fasilitas di kamar mandi, dimana air di kamar mandi sangat kecil sehingga membuat kami merasa tidak nyaman dan juga ada baiknya menyediakan tisu di setiap kamar mandi. Selanjutnya fasilitas Kantin, seperti yang kita ketahui bahwa KBK dan BOGALOKA sudah dibongkar dan pindah dan beberapa dari kami hanya mengandalkan tempat yang dekat saja untuk menunggu jam pelajaran dimulai. lalu kantin ini sangat amat kecil dan ramai sehingga terlihat sumpek dan tidak nyaman, ada baiknya kantin dibuat diperbesar lagi. Lalu fasilitas di kelas, ada beberapa kursi dikelas sudah tidak layak pakai sehingga ada baiknya di ganti. serta ada baiknya manaruh remote AC dan Proyektor di setiap kelas untuk memudahkan kami para mahasiswa dan dosen untuk memulai pembelajaran. terakhir diharapkan untuk lift segera diselesaikan perbaikannya. terimakasih",FASILITAS,RENDAH
"Saya berharap STIKOM Bali terus memperbarui kurikulum sesuai perkembangan teknologi terbaru, memperluas kerjasama internasional, meningkatkan program kewirausahaan berbasis teknologi, serta memberikan lebih banyak pelatihan praktis untuk mempersiapkan mahasiswa menghadapi dunia kerja yang semakin kompetitif.",LAINNYA,TINGGI
Meningkatkan fasilitas untuk mahasiswa,FASILITAS,RENDAH
"Mendorong mahasiswa untuk berpartisipasi aktif dalam lomba inovasi teknologi, baik tingkat nasional maupun global",KEMAHASISWAAN,RENDAH
Harapan saya STIKOM Bali dapat menciptakan insan - insan baru khususnya di era digital saat ini serta dapat mewujudkan misi indonesia menuju generasi emas.,LAINNYA,RENDAH
"Semakin maju, dan berkembang kedepannya",LAINNYA,RENDAH
Harapan saya pelayanan yang menunjang pembelajaran mahasiswa seperti wifi kampus jaringannya masih lemot semoga ke depannya bisa ditinggkatkan lagi agar mendukung proses belajar Mahasiswa dikelas atau untuk mengikuti kelas online,JARINGAN_IT,SEDANG
saya harap lahan parkir mobil diperbanyak,FASILITAS,RENDAH
Semoga semakin baik lagi,LAINNYA,RENDAH
semoga fasilitas lebih baik kedepannya,FASILITAS,RENDAH
pertahankan seperti itu,LAINNYA,RENDAH
semoga stikom bisa lebih jauh di kenal orang,LAINNYA,RENDAH
Harapannya agar terus meningkatkannya dengan lebih baik lagi,LAINNYA,RENDAH
meningkatkan lagi kinerja yang sudah bagus.,LAINNYA,RENDAH
semoga itb stikom bali semakin berkembang dan menjadi universitas,LAINNYA,RENDAH
"smoga seluruh fasilitas utamanya kelas dapat ditingkatkan, karena beberpaa kali mahsiswa kesulitan mendapatkan tempat duduk",FASILITAS,RENDAH
Agar terus mempertahankan pelayanan yang baik,LAINNYA,RENDAH
Semoga kedepannya fasilitas kampus lebih lengkap dan nyaman,FASILITAS,RENDAH
harapan untuk bagian keuangan tolong dibuat notifikasi pembayaran,KEUANGAN,RENDAH
Harapan saya mungkin bisa ditingkatkan lagi fasilitasnya,FASILITAS,RENDAH
"Dukungan untuk Kegiatan Mahasiswa, Meningkatkan apresiasi terhadap pencapaian mahasiswa melalui penghargaan atau program pendanaan inovasi",KEUANGAN,RENDAH
sudah sesuai harapan,LAINNYA,RENDAH
"Perbanyak ruang kelas supaya mahasiswa yg ingin kelas offline bisa mendapatkan kelas offline dan bukannya online, dan saat perwalian tidak mengalami error lagi seperti kemarin",KEUANGAN,TINGGI
Informasi yang lebih akurat,LAINNYA,RENDAH
semoga ditingkatkan kualitas saran prasarana di kampus dan kualitas pengajaran,LAINNYA,RENDAH
lebih perhatian terhadap kampus,LAINNYA,RENDAH
Vasilitas di tingkatkan,LAINNYA,RENDAH
Harapan saya adalah semoga stikom bisa lihat barang&quot; kampus yang sudah rusak dan segera di ganti yang lebih layak contoh nya kursi dam monitor dan lain sebagainya,FASILITAS,TINGGI
"Semoga kedepannya kinerja STIKOM Bali dapat lebih baik lagi baik dalam segi fasilitas, layanan, dll.",FASILITAS,RENDAH
"harapan kedepannya kecepatan wifi lebih ditingkatkan lagi khusus untuk mahasiswa, supaya lancar dalam browsing dan mengerjakan tugas disana, sediakan barcode untuk password wifi khusus mahasiswa agar tidak bertanya kesana kemari. semoga kedepannya mempunya sistem absen berbasis scan barcode setiap masuk kelas, agar mempermudah dosen dalam mengabsen mahasiswanya,dan terakhir untuk website sion & elerning suapya dibuatkan aplikasi mobilenya untuk mempermudah mahasiswa dalam mengakses",JARINGAN_IT,RENDAH
"Peningkatan Keterlibatan Mahasiswa: Mendorong mahasiswa untuk terlibat dalam kegiatan ekstrakurikuler, organisasi mahasiswa, dan proyek penelitian. Ini akan membantu mereka mengembangkan keterampilan kepemimpinan dan kerja sama tim.",KEMAHASISWAAN,RENDAH
tidak ada harapan,LAINNYA,RENDAH
Semoga kedepannyaa jauh lebih baik lagi,LAINNYA,RENDAH
Tetap solid dan selalu bekerja sama dg baik,LAINNYA,RENDAH
Semoga kedepannya stikom bisa lebih banyak lagi menyelenggarakan event&quot; besar yang dapat memberikan dampak baik kepada masyarakat maupun mahasiswa stikom itu sendiri,LAINNYA,RENDAH
Semoga STIKOM Bali dapat terus meningkatkan kinerjanya demi kenyamanan bersama,LAINNYA,RENDAH
Harapannya adalah semoga STIKOM konsisten dalam memberikan pelayanan yang terbaik dan informatif,LAINNYA,TINGGI
Lebih Banyak Informasi tentang Lomba,KEMAHASISWAAN,RENDAH
semakin di perbaiki,LAINNYA,RENDAH
"tolong berikan kabel hdmi yang berfungsi, berikan kantin sehat, area parkir banyak kotoran burung yang jatuh ke motor mahasiswa",FASILITAS,SEDANG
semoga fasilitas stikom semakin bagus,FASILITAS,RENDAH
semoga bisa meningktakan kinnerja pada permasalahan fasilitas yang ada dikampus,FASILITAS,RENDAH
Beberapa dosen agar setiap ngajar tidak terlalu singkat dalam memaparkan materi,AKADEMIK,RENDAH
Perbanyak kelas,LAINNYA,RENDAH
Semoga Sion kedepannya semakin maju,LAINNYA,RENDAH
harapan saya stikom mampu memberikan metode pemblajaran yang menyenangkan agar para mahasiswa tidak merasa tertekan saat belajar dan supaya pencapaian yg di inginkan terwujud,LAINNYA,RENDAH
Harapan saya untuk stikom adalah agar dapat konsisten mempertahankan kinerja terbaiknya,LAINNYA,RENDAH
harapan saya untuk stikom adalah mungkin lebih mempedulikan sarana toiletnya karena sering rusak dan cuba untuk lebih mendekorasinya biar lebih nyaman. kantinnya juga harapan saya semoga lebih besar lagi kedepannya.,FASILITAS,TINGGI
Mungkin bisa lebih ditingkatkan lagi kinerja dalam mengajar dan lebih interaktif dengan mahasiswa,AKADEMIK,RENDAH
"STIKOM Bali dapat menginvestasikan sumber daya dalam pengembangan fasilitas dan infrastruktur yang mendukung pembelajaran dan penelitian. Hal ini dapat mencakup laboratorium yang dilengkapi dengan perangkat dan perangkat lunak terbaru, akses internet yang cepat, ruang kreatif untuk kolaborasi, dan fasilitas pendukung lainnya yang menciptakan lingkungan belajar yang optimal.",FASILITAS,RENDAH
"Berikat informasi yang lebih detail, contoh seperti program"", dan kerja praktek",AKADEMIK,RENDAH
Semoga lebih baik kedepannya,LAINNYA,RENDAH
Kedepannya lebih ditingkatkan layanannya,LAINNYA,RENDAH
tolong fasilitas kantin ditingkatkan,FASILITAS,RENDAH
Kinerja Bimbingan dengan Online,LAINNYA,RENDAH
semakin ditingkatkan lagi agar lebih baikk,LAINNYA,RENDAH
Semoga STIKOM Bali terus berkembang dan maju kedepannya,LAINNYA,RENDAH
Semoga kinerja nya terus ditingkatkan,LAINNYA,RENDAH
Menambah bahan bacaan di perpustakaan,FASILITAS,RENDAH
Terimakasih semoga semakin di tingkatnya,LAINNYA,RENDAH
Saya berharap selalu menjadi yang terbaik,LAINNYA,RENDAH
Semoga di tahun yang akan datang STIKOM menjadi lebih baik lagi??,LAINNYA,RENDAH
"untuk tempat ibadah tolong di beri petunjuk, terutama tempat ibadah agama islam. krna masih sdkit yg mengetahuinya",LAINNYA,RENDAH
Semoga tidak ada batasan waktu pengumpulan sertifikat juara.,LAINNYA,RENDAH
Semoga tingkat signal wifi ditingkatkan (kalau bisa luncurin space x),FASILITAS,RENDAH
kantinnya memiliki kipas yang lebih banyak,LAINNYA,RENDAH
"Harapan ke depan adalah meningkatkan kualitas pengajaran melalui pelatihan dosen, memperluas kerja sama dengan lebih banyak industri, dan memperbarui kurikulum secara rutin agar sesuai dengan perkembangan teknologi. Selain itu, perlu ada dukungan lebih besar untuk penelitian dan pengembangan, sehingga dapat memberikan kontribusi yang lebih nyata bagi masyarakat.",AKADEMIK,TINGGI
Melakukan evaluasi dan penyesuaian kurikulum secara berkala,LAINNYA,TINGGI
kebersihan agar di tingkatkan lagi,LAINNYA,RENDAH
Mohon perbanyak colokan listrik di kelas,LAINNYA,RENDAH
Jangan membatasi bakat mahasiswa untuk membuat sebuah program entah itu WEBSITE ataupun APLIKASI,LAINNYA,RENDAH
"usulan saya adalah mohon ditingkatkan lagi wifi yang ada di stikom kampus jimabaran, karena terkadang agak sulit untuk mengakses wifi saat perkuliahan berlangsung di beberapa kelas.",JARINGAN_IT,RENDAH
Semoga stikom Bali semakin maju,LAINNYA,RENDAH
semoga smakin sukses,LAINNYA,RENDAH
Harapan kedepannya. Semogl stikom bisa lebih memotivasi dalam mengajar.,AKADEMIK,RENDAH
meningkatkan kantin kampus,LAINNYA,RENDAH
Sistem Informasi Keuangan masih bisa di tingkatkan dari segi tampilan ataupun user experience nya,KEUANGAN,RENDAH
Semoga lebih baik lagi dan ditingkatkan fasilitas dan layanannya,FASILITAS,RENDAH
Tetap bertahan dengan kinerja ini,LAINNYA,RENDAH
selalu melakukan hal yang terbaik,LAINNYA,RENDAH
buatkan aplikasi khusus sion dan e-learning,LAINNYA,RENDAH
Semoga semua fasilitas nya bisa ditingkatkan lagi,FASILITAS,RENDAH
Sering-sering mengecek ulang barang-barang yang rusak yang berada di kelas.,LAINNYA,TINGGI
"mungkin untuk beberapa fasilitas seperti kantin, mungkin menu bisa di tambah lagi dan harus di siapkan pembuatan melalui QT atau sejenisnya",FASILITAS,RENDAH
semoga kampus stikom bali semakin jaya,LAINNYA,RENDAH
semoga kedepannya setikom semakin maju dan jayaa,LAINNYA,RENDAH
meningkatkan aspek fasilitas kampus offline,FASILITAS,RENDAH
Itb stikom lebih mengembangkan potensi potensinya lagi untuk meningkatkan kualitas pendidiman yang semakin baik utk kedepan dan menjadi kampus yang bisa menjawab tantangan tantangan global masa depan,LAINNYA,RENDAH
Perbaiki lift kedua dan perbaiki sistem Wifi disetiap lantai agar jangkauan lebih luas dan stabil,FASILITAS,TINGGI
"Secara keseluruhan sudah sangat baik, mungkin dari saya ada harapan untuk perkuliahan diadakan perkuliahan offline sekitar 20% agar lebih bisa mengenal mahasiswa dan dosen secara mendalam. terima kasih",AKADEMIK,RENDAH
Lebih update masalah pembayaran melalui Media sosial juga,KEUANGAN,RENDAH
tingkatkan fasilitas seperti wifi dan tempat untuk mahasiswa berkumpul untuk mengerjakan tugas dan berdiskusi,FASILITAS,RENDAH
Semoga bisa ditingkatkan.,LAINNYA,RENDAH
semoga makin maksimal dalam mengajar,AKADEMIK,RENDAH
harapan kedepannya mungkin agar terdapat notifikasi disetiap update informasi agar mahasiswa yang tidak selalu dapat melakukan pengecekan diplatform yang ada akan selalu mendapatkan informasi tanpa ada yang terlewat,LAINNYA,RENDAH
semoga kampus stikom selalu jaya jaya jaya,LAINNYA,RENDAH
semoga dapat memeilih dosen yang benar sangat mengajar,AKADEMIK,RENDAH
Kemudahan aksesibilitas E-Library,LAINNYA,RENDAH
Meningkatkan kualitas dan kuantitas riset yang relevan dengan kebutuhan industri dan masyarakat.,LAINNYA,RENDAH
semoga bisa ditingkatkan lagi,LAINNYA,RENDAH
Ngerti lah ini tu mahalnya setengah mati,LAINNYA,TINGGI
"harapannya e learning bisa jadi lebihmudah lagi akses,tanpa harus ganti password terus menerus saat akan menggunakannya",LAINNYA,RENDAH
semoga tahun depan lebih baik lagi,LAINNYA,RENDAH
sangat baik semoga semakin berkembang,LAINNYA,RENDAH
Harapan sata kedepannya untuk kinerja STIKOM Bali agar bisa lebih konsisten dengan kinerja yg skrng sehingga tidak ada penurunan.,LAINNYA,RENDAH
"kurang internet,wifi gak ada di setiap kelas,MASAK KALAH SAMA KAMPUS SEBELAH",JARINGAN_IT,SEDANG
Dapat mempertahankan kinerja dalam memberikan informasi informasi kepada mahasiswa,LAINNYA,RENDAH
memperluas parkir,FASILITAS,TINGGI
Memperhatikan mahasiswa dan mahasiswi dan menjaga fasilitas,FASILITAS,RENDAH
Menciptakan susana baru untuk membangun semangat mahasiswa,LAINNYA,RENDAH
buatkan kelas online menjadi offline karna saya kurang masuk,LAINNYA,SEDANG
"tidak ada yang saya harapkan,karena menurut saya pribadi untuk kinerja dari para staff sudah sangat membantu",LAINNYA,RENDAH
semakin berkembang,LAINNYA,RENDAH
"Untuk meningkatkan kinerja STIKOM Bali, ada beberapa usulan yang dapat dipertimbangkan: Penguatan Kerjasama Industri: Meningkatkan kemitraan dengan perusahaan teknologi dan industri terkait untuk memperluas kesempatan magang, penelitian kolaboratif, dan penyerapan lulusan. Ini akan membantu mahasiswa mendapatkan pengalaman praktis dan mempersiapkan mereka lebih baik untuk memasuki dunia kerja. Pengembangan Infrastruktur Digital: Investasi lebih lanjut dalam infrastruktur teknologi, seperti laboratorium komputer yang canggih, platform e-learning, dan perangkat lunak terkini, dapat meningkatkan kualitas pembelajaran dan penelitian. Program Kewirausahaan: Mengembangkan program kewirausahaan untuk mendorong mahasiswa berinovasi dan menciptakan bisnis startup berbasis teknologi. Ini bisa termasuk inkubator bisnis, pelatihan kewirausahaan, dan dukungan pendanaan awal.",KEUANGAN,KRITIS
sudah ukup baik,LAINNYA,RENDAH
semoga setiap tahunnya bisa lebi baik,LAINNYA,RENDAH
"Tida ada, semuanya sudah baik",LAINNYA,RENDAH
Lebih ditingkatkan lagi kualitas sarana dan prasarana,LAINNYA,RENDAH
smoga jd lebih baik,LAINNYA,RENDAH
Toilet yang kurang wangi dan kalah dengan bau pipis orang serta kadang mati air nya di lantai atas,FASILITAS,TINGGI
semoga lebih ditingkatkan terkait infrastruktur terutama dikelas (stop kontak0 dan hakaman parkir,FASILITAS,RENDAH
agar bisa menjadi lebih baik,LAINNYA,RENDAH
"toilet GA pernah ada sabun tisu, dan sering banyak yang rusak, parkir juga susah sekali",FASILITAS,TINGGI
harapan saya agar STIKOM Bali dapat meningkatkan fasilitas kelas offline,FASILITAS,RENDAH
Harapan saya dosen mengisi absensi tepat waktu mengisi nikai UTS yepat waktu dan tanpa kekeliruan.,AKADEMIK,TINGGI
