kategori,keluhan,urgensi
KEMAHASISWAAN,gaada mentor atau pembimbing untuk mhs baru di himpunan,RENDAH
LAINNYA,"lapangan voli gaada penerangan malam, gabisa dimanfaatkan optimal",SEDANG
LAINNYA,"lapangan futsal tidak terawat, mhs gabisa olahraga gratis",TINGGI
LAINNYA,"keamanan lingkungan sekitar kampus gaada satpam, tidak kondusif malam hari",RENDAH
KEMAHASISWAAN,"sosialisasi hak dan kewajiban mhs gaada pengumuman resmi, banyak yang terlewat informasinya",RENDAH
KEMAHASISWAAN,"sosialisasi hak dan kewajiban mhs tidak merata, banyak yang ketinggalan",RENDAH
JARINGAN_IT,"internet di prodi matematika lemot parah, gabisa kumpul tugas online",SEDANG
AKADEMIK,"siakad gabisa diakses saat jam kls, mhs rugi bgt",RENDAH
KEUANGAN,"prosedur pengajuan keringanan ukt bgt rumit, menghambat akademik",TINGGI
FASILITAS,"wc fakultas ekonomi airnya tidak mengalir sudah lama bgt, harus nahan lama bgt",RENDAH
JARINGAN_IT,"sinyal seluler di perpus bgt lemah, harus keluar dulu baru bisa internetan",RENDAH
FASILITAS,"kebersihan gedung a lantai 2 gaada petugas kebersihan, bisa jadi sumber penyakit",RENDAH
JARINGAN_IT,wifi kampus bapuk ga stabil apalagi kalau banyak yang konek,RENDAH
KEUANGAN,"pengumuman perubahan biaya mendadak bgt, mhs jadi bingung",SEDANG
AKADEMIK,"jadwal kls informasinya tidak jelas, mhs jadi bingung",SEDANG
KEUANGAN,"pengumuman perubahan biaya tidak diinformasikan dengan jelas, mhs yang urgent jadi kesusahan",RENDAH
AKADEMIK,"website sistem krs ui-nya outdated bgt, nilai terancam",TINGGI
KEMAHASISWAAN,"staff layanan administrasi mhs tidak membantu sama sekali, mhs jadi tidak nyaman",RENDAH
AKADEMIK,"spada loadingnya lama bgt, susah akses materi kls",RENDAH
JARINGAN_IT,"wifi gedung a lantai 2 sering disconnect, susah download materi kls",TINGGI
AKADEMIK,"krs sering eror, mhs dirugikan",TINGGI
KEMAHASISWAAN,"kegiatan program mentoring informasinya tidak merata, proses administrasi terhambat",RENDAH
AKADEMIK,"revisi skripsi responnya lama bgt, mhs dirugikan",TINGGI
JARINGAN_IT,"hotspot kampus lemot parah, terpaksa habiskan kuota sendiri",SEDANG
FASILITAS,"kamar mandi gedung b lantai 2 ancur total, tidak nyaman sama sekali apalagi kalau kebelet",TINGGI
AKADEMIK,"sistem portal mhs ui-nya terlalu ribet, proses akademik terhambat",RENDAH
KEMAHASISWAAN,bem kurang aktif menyuarakan aspirasi mhs soal program beasiswa,TINGGI
KEUANGAN,"prosedur pengajuan keringanan ukt tidak transparan, prosesnya bgt lama",TINGGI
FASILITAS,"kursi di aula gedung c kayunya sudah lapuk, susah nulis waktu kls",RENDAH
LAINNYA,"kantin dekat gedung fisip harganya mahal, gaada pilihan sehat",RENDAH
AKADEMIK,"bahan ajar susah dicari, capek bgt dikelas",RENDAH
JARINGAN_IT,"wifi gedung c gabisa dipakai, susah download materi kls",TINGGI
AKADEMIK,"spada sering eror, susah download bahan ajar",TINGGI
LAINNYA,"gerbang gerbang 3 gaada satpam, tidak aman soalnya siapa saja bisa masuk",RENDAH
KEUANGAN,ada pungutan di luar ketentuan yang tidak semestinya,RENDAH
FASILITAS,"banyak kursi di lab komputer yang sudah tidak layak pakai, gabisa fokus",RENDAH
KEUANGAN,"ukt prosedur keringanan susah, tapi ac-nya ancur semua",TINGGI
AKADEMIK,"dosen jarang masuk, mhs rugi bgt",RENDAH
LAINNYA,"area koridor antar gedung gaada tempat duduk, tidak nyaman buat mhs",RENDAH
FASILITAS,"min semua gedung punya wc bahkan tiap lantai.....,tapi cuma 1 wc yg bisa dipakai.....cuma wc di gedung a lantai 1 itupun cuma satu bilik yang bagus, bahkan kunci pintunya ancur, airnya kadang ngga nyala, lampunya redup. wc yang lain cuma pajangan karna airnya tidak mengalir pokoknya ancur gabisa digunakan, tidak layak pakai.....kan capek tuh kalo ada matkul dilantai 3 gedung b tapi kalo kebelet harus jauh jauh ke gedung a lantai 1 padahal setiap lantai ada wc tapi tidak berguna. kursi tiap kelas juga kadang kurang, ada yg ancur, ac nya dibeberapa ruangan kadang tidak berfungsi dengan baik, terkadang kalo mau pakai lcd harus matikan ac dulu sekian",SEDANG
FASILITAS,"ac di gedung c berisik bgt, jadi mhs tidak konsen belajar",RENDAH
FASILITAS,"wc perpus pusat airnya tidak mengalir sudah seminggu lebih, terpaksa ke gedung lain yang jauh",RENDAH
AKADEMIK,"jadwal syarat wisuda tidak sampai ke semua mhs, banyak mhs yang tidak tahu",TINGGI
AKADEMIK,"nilai ada yang salah input, mhs jadi bingung",SEDANG
JARINGAN_IT,"sinyal di gedung a lantai 3 hilang timbul, gabisa akses internet sama sekali",RENDAH
AKADEMIK,"sistem sistem krs ui-nya susah dinavigasi, proses akademik terhambat",TINGGI
KEMAHASISWAAN,"kegiatan seminar mhs informasinya tidak merata, proses administrasi terhambat",RENDAH
FASILITAS,"lab kimia panas bgt soalnya netes airnya, mhs jadi malas masuk kls",RENDAH
JARINGAN_IT,etdah ini spada lemot parahh sa mau cari matkul dan kmpul tugas susahnya minta ampun dah,SEDANG
KEMAHASISWAAN,"pengurusan dokumen beasiswa harus bolak-balik, mhs jadi kesal",TINGGI
LAINNYA,"gaada transportasi kampus, mhs kesulitan mobilitas",RENDAH
KEMAHASISWAAN,"kegiatan program mentoring tidak terorganisir, mhs jadi tidak antusias",TINGGI
FASILITAS,"banyak kursi di gedung a lantai 1 yang rodanya hilang, gabisa fokus",RENDAH
JARINGAN_IT,spada down terus saat masa uts/uas,KRITIS
KEUANGAN,"dana praktikum jumlahnya tidak sesuai, mhs dirugikan",RENDAH
AKADEMIK,"informasi prosedur skripsi hanya dari mulut ke mulut, stress bgt ngurusnya",TINGGI
JARINGAN_IT,"sinyal di lab kimia gabisa untuk data seluler, kls online jadi terganggu",RENDAH
JARINGAN_IT,spada lemot bgt saat pagi hari,SEDANG
KEUANGAN,"dana penelitian mhs tidak transparan penggunaannya, mhs dirugikan",RENDAH
FASILITAS,lahan parkir di gedung d sempit bgt jadi sering telat kls,RENDAH
LAINNYA,"jalan di area parkir utama gaada lampu penerang malam hari, berbahaya buat motor",RENDAH
JARINGAN_IT,"jangkauan wifi gedung d hanya di spot tertentu, kls online terganggu",RENDAH
KEMAHASISWAAN,"staff sekretariat tidak responsif, tidak enak kalau harus ke sana",RENDAH
FASILITAS,"pintu wc fakultas hukum gabisa dikunci, bgt tidak nyaman",RENDAH
FASILITAS,"kebersihan gedung b lantai 2 jarang dibersihkan, bisa jadi sumber penyakit",RENDAH
KEMAHASISWAAN,"senioritas di prodi masih membuat tidak nyaman, mhs baru jadi tertekan",RENDAH
KEMAHASISWAAN,"fasilitas ruang rapat mhs tidak layak, proses administrasi terhambat",RENDAH
KEUANGAN,"gaada info resmi tentang distribusi beasiswa, mhs hanya dengar dari mulut ke mulut",TINGGI
AKADEMIK,"dosen metode mengajarnya membosankan, proses akademik terhambat",RENDAH
FASILITAS,"parkiran gedung d gada atapnya, kendaraan bisa catnya jadi ancur",SEDANG
KEUANGAN,"dana kkn jumlahnya tidak sesuai, mhs yang kena dampaknya",RENDAH
KEUANGAN,beasiswa distribusinya tidak merata dan hanya yang punya koneksi yang dapat,TINGGI
KEUANGAN,biaya wisuda terlalu mahal dan prosedurnya tidak jelas alurnya,TINGGI
FASILITAS,"kursi di gedung d udah lama sudah tidak layak pakai, kapan diganti?",RENDAH
LAINNYA,"area ruang tunggu kotor tidak terawat, tidak nyaman buat mhs",SEDANG
JARINGAN_IT,wifi kampus lemot parah apalagi kalau acara kampus,SEDANG
LAINNYA,"penerangan jalan di belakang rektorat gaada, berbahaya malam hari",SEDANG
FASILITAS,"remot ac prodi akuntansi cuma 2 buat semua lantai, susah hidupinnya",RENDAH
AKADEMIK,"ruang kls terlalu sempit, gabisa fokus",RENDAH
LAINNYA,sampah di kampus kalau hari libur banyak sekali,RENDAH
KEMAHASISWAAN,"informasi kompetisi mhs tidak disosialisasikan dengan baik, mhs banyak yang tidak tahu",RENDAH
KEUANGAN,"transparansi distribusi beasiswa kurang, mhs tidak tahu bagaimana seleksinya",TINGGI
KEUANGAN,ada pungutan di luar ketentuan yang memberatkan mhs,RENDAH
KEUANGAN,"keringanan ukt susah diajukan, prosedurnya bgt rumit",TINGGI
FASILITAS,ruang seminar kursinya banyak yang hilang dan proyektornya ancur,SEDANG
FASILITAS,lab komputer mipa kursinya mejanya patah dan papan tulisnya gabisa dibaca,RENDAH
JARINGAN_IT,koneksi di gedung a lantai 3 gabisa diandalkan padahal butuh buat kumpul tugas,RENDAH
KEUANGAN,"gaada info resmi tentang biaya resmi kampus, mhs hanya dengar dari mulut ke mulut",RENDAH
AKADEMIK,"bahan ajar sudah outdated, nilai bisa jelek soalnya tidak konsen",RENDAH
LAINNYA,sampah di area kantin menumpuk saat hari libur,RENDAH
KEMAHASISWAAN,"fasilitas lapangan olahraga tidak layak, banyak yang tidak terlayani",RENDAH
LAINNYA,"keamanan gedung saat weekend kurang terjaga, tidak kondusif untuk kegiatan malam",RENDAH
KEMAHASISWAAN,"pengurusan surat keterangan mhs aktif butuh lebih dari 2 minggu, bgt lama",RENDAH
JARINGAN_IT,zoom kls online sering lag soalnya wifi gedung a lantai 2 kurang untuk semua mhs,RENDAH
KEUANGAN,"penggunaan dana kegiatan mhs tidak transparan, mhs tidak tahu kemana uangnya",RENDAH
JARINGAN_IT,"sinyal di auditorium bgt lemah, gabisa akses internet sama sekali",RENDAH
KEUANGAN,"pengumuman perubahan biaya mendadak bgt, prosesnya jadi bgt lama",RENDAH
AKADEMIK,"gaada feedback nilai dari dosen, stress ngurusnya",RENDAH
LAINNYA,"atm/ bank kampus sering eror, tidak praktis",TINGGI
JARINGAN_IT,"bandwidth wifi kampus kurang untuk semua mhs, terpaksa pakai kuota sendiri",RENDAH
KEUANGAN,ada biaya tambahan yang tidak resmi yang tidak semestinya,RENDAH
FASILITAS,"gaada tempat duduk di prodi matematika, padahal bgt dibutuhkan",SEDANG
KEMAHASISWAAN,"layanan bagian kemhsan tidak konsisten, banyak yang tidak terlayani",RENDAH
JARINGAN_IT,spada gabisa diakses saat deadline pengumpulan tugas,KRITIS
FASILITAS,"kebersihan gedung fisip gaada petugas kebersihan, bisa jadi sumber penyakit",RENDAH
LAINNYA,"gaada jalur sepeda di area kampus, padahal bgt dibutuhkan",RENDAH
KEMAHASISWAAN,unit kemhsan sering tutup saat mhs butuh bantuan,RENDAH
AKADEMIK,"dosen jarang masuk, belajar jadi terganggu",RENDAH
KEUANGAN,"pengumuman syarat keringanan ukt tidak diinformasikan jelas, mhs kaget",TINGGI
AKADEMIK,"revisi skripsi bimbingannya tidak terjadwal, mhs dirugikan",TINGGI
LAINNYA,sampah di sekitar parkiran menumpuk beberapa hari,RENDAH
KEMAHASISWAAN,"program pertukaran mhs tidak merata distribusinya, mhs kurang diuntungkan",RENDAH
AKADEMIK,sistem krs sering timeout terus waktu deadline pengumpulan tugas,KRITIS
KEUANGAN,"seleksi beasiswa tidak transparan, hanya orang tertentu yang tahu",TINGGI
KEUANGAN,"transparansi biaya-biaya resmi kampus kurang, mhs tidak tahu apa saja biaya yang resmi",RENDAH
FASILITAS,"tolong ac gedung b lantai 2 segera diperbaiki, kurang dingin dan kita kepanasan parah",RENDAH
LAINNYA,"atm/ bank kampus sering kosong uangnya, tidak praktis",RENDAH
AKADEMIK,"revisi skripsi dosennya susah ditemui, mhs jadi bingung",TINGGI
AKADEMIK,"bahan ajar tidak lengkap, nilai bisa jelek soalnya tidak konsen",RENDAH
FASILITAS,"wc gedung fh airnya tidak mengalir sudah berhari-hari, harus nahan lama bgt",RENDAH
KEMAHASISWAAN,"sosialisasi kegiatan kemhsan tidak merata, banyak yang ketinggalan",RENDAH
FASILITAS,"min, wc di prodi matematika kondisinya jorok bgt, tolong segera diperbaiki",SEDANG
LAINNYA,sampah di area kantin menumpuk beberapa hari,RENDAH
KEMAHASISWAAN,"pengurusan ktm makan waktu berhari-hari, bgt tidak efisien",RENDAH
JARINGAN_IT,"jangkauan wifi perpus tidak sampai semua ruangan, harus geser-geser cari sinyal",RENDAH
KEMAHASISWAAN,"sosialisasi kegiatan kemhsan gaada pengumuman resmi, banyak yang terlewat informasinya",RENDAH
FASILITAS,"parkiran gedung b lantai 3 gada atapnya, kendaraan bisa catnya jadi ancur",SEDANG
AKADEMIK,web akademik sering eror parah waktu masa krs,TINGGI
FASILITAS,"wc gedung a lantai 3 airnya tidak mengalir sudah lama bgt, jadi malas kls",RENDAH
KEUANGAN,"transparansi biaya-biaya resmi kampus kurang, mhs tidak tahu bagaimana seleksinya",RENDAH
JARINGAN_IT,"gaada wifi sama sekali di gedung c, kls online terganggu",RENDAH
LAINNYA,"lingkungan sekitar prodi matematika minim fasilitas publik, panas bgt siang hari",SEDANG
KEUANGAN,"seleksi beasiswa tidak transparan, mhs layak tidak dapat",TINGGI
FASILITAS,"lampu di ruang kelas b2 sering turun saklarnya, mata cepat lelah",RENDAH
FASILITAS,"kursi di fakultas teknik udah lama mejanya patah, kapan diganti?",RENDAH
KEMAHASISWAAN,"layanan layanan administrasi jarang beroperasi, pengurusan jadi lama",RENDAH
AKADEMIK,"gaada feedback nilai dari dosen, proses jadi terlelet",SEDANG
AKADEMIK,"dosen tidak responsif di grup, proses akademik terhambat",RENDAH
FASILITAS,"banyak kursi di gedung fh yang mejanya patah, mhs jadi malas masuk kls",RENDAH
AKADEMIK,"jadwal jadwal kls pengganti mendadak bgt, banyak mhs yang tidak tahu",RENDAH
FASILITAS,ruang kls lantai 2 kursinya gaada mejanya dan acnya juga mati,SEDANG
KEUANGAN,"pembayaran biaya praktikum harus datang langsung berkali-kali, prosesnya jadi bgt lama",RENDAH
AKADEMIK,"krs gabisa tambah matkul, stress ngurusnya",TINGGI
JARINGAN_IT,upload tugas di spada gagal terus soalnya internet gedung fisip gabisa konek,RENDAH
AKADEMIK,"ruang kls tidak sesuai kapasitas mhs, belajarnya terganggu",RENDAH
FASILITAS,"min, wc di gedung a lantai 2 kondisinya airnya tidak mengalir, tolong segera diperbaiki",RENDAH
KEMAHASISWAAN,"layanan layanan administrasi mhs pelayanannya kurang baik, pengurusan jadi bgt lama",RENDAH
LAINNYA,"lingkungan sekitar prodi akuntansi gersang gaada pohon teduh, tidak mendukung kreativitas mhs",RENDAH
KEUANGAN,"keringanan ukt susah diajukan, prosedurnya memakan waktu lama",TINGGI
KEMAHASISWAAN,"sosialisasi kegiatan kemhsan hanya di grup tertentu, banyak yang ketinggalan",RENDAH
LAINNYA,"gerbang gerbang 1 sering macet di satu pintu saja, sering terlelet kls",SEDANG
AKADEMIK,"dosen pilih kasih dalam penilaian, mhs dirugikan",RENDAH
KEUANGAN,"informasi beasiswa tidak disosialisasikan dengan baik, hanya orang tertentu yang tahu",TINGGI
LAINNYA,"lapangan badminton tidak terawat, mhs gabisa olahraga gratis",RENDAH
KEUANGAN,"penggunaan dana penelitian mhs tidak transparan, mhs tidak tahu kemana uangnya",RENDAH
LAINNYA,gerbang gerbang 1 gaada sistem akses sehingga antrean panjang,SEDANG
JARINGAN_IT,"internet di gedung a lantai 3 sering putus, susah download materi kls",TINGGI
KEUANGAN,"beasiswa seleksinya tidak transparan, banyak yang berhak tapi tidak dapat",TINGGI
KEMAHASISWAAN,"program magang kampus merdeka prosedur pendaftarannya ribet, mhs kurang diuntungkan",RENDAH
AKADEMIK,"krs gabisa diakses saat masa pengisian, proses akademik jadi terlelet",TINGGI
JARINGAN_IT,koneksi di prodi matematika lemot parah padahal butuh buat download materi,TINGGI
FASILITAS,"ac di prodi akuntansi berisik bgt, jadi mhs tidak konsen belajar",RENDAH
KEMAHASISWAAN,"sosialisasi kegiatan kemhsan tidak merata, banyak yang terlewat informasinya",RENDAH
FASILITAS,"gedung rektorat panas bgt soalnya bocor, susah konsen belajar",RENDAH
JARINGAN_IT,server spada sering down waktu masa uts,KRITIS
LAINNYA,"transportasi parkiran tidak memadai, biaya transportasi jadi membebani",RENDAH
JARINGAN_IT,wifi nya lemot,SEDANG
KEMAHASISWAAN,"senioritas di prodi sudah melewati batas, membuat mhs baru tertekan",RENDAH
KEMAHASISWAAN,"informasi lowongan magang tidak disebarkan merata, proses terhambat",RENDAH
LAINNYA,"transportasi akses transportasi umum susah, sering terlelet",SEDANG
KEMAHASISWAAN,"layanan hima sering tutup, proses administrasi terhambat",RENDAH
JARINGAN_IT,server spada bapuk ga stabil waktu pengumuman nilai,RENDAH
FASILITAS,"wc gedung b lantai 2 airnya tidak mengalir sudah berhari-hari, terpaksa ke gedung lain yang jauh",RENDAH
LAINNYA,"lapangan futsal gaada penerangan malam hari, gaada wadah kegiatan olahraga mhs",TINGGI
FASILITAS,"wc gedung mipa airnya tidak mengalir dari kemarin, mhs jadi susah kalau kebelet",RENDAH
JARINGAN_IT,spada down terus saat saat banyak pengguna,TINGGI
JARINGAN_IT,"bandwidth wifi kampus kurang untuk semua mhs, gabisa kumpul tugas online",RENDAH
KEMAHASISWAAN,"pengurusan transkip nilai sementara harus bolak-balik, proses terhambat",RENDAH
KEMAHASISWAAN,"informasi program pertukaran pelajar mendadak, mhs banyak yang tidak tahu",RENDAH
AKADEMIK,"krs sering eror, proses jadi terlelet",TINGGI
LAINNYA,"kebersihan area kantin bgt kotor, citra kampus buruk",SEDANG
FASILITAS,"wc lab kimia airnya tidak mengalir sudah berhari-hari, tidak nyaman sama sekali",RENDAH
LAINNYA,"gaada transportasi kampus, sering terlelet",SEDANG
JARINGAN_IT,"jangkauan wifi gedung b lantai 1 tidak luas, harus geser-geser cari sinyal",TINGGI
FASILITAS,ac dalam ruangannya tolong di nyalakan karna seringkali ac nya tda menyala jadinya kepanasan,RENDAH
KEUANGAN,"transparansi penggunaan dana ukt bgt minim, mhs tidak tahu siapa yang berhak",TINGGI
LAINNYA,"jalan di belakang rektorat sempit, banjir waktu hujan",RENDAH
KEMAHASISWAAN,unit kemhsan responnya lelet saat mhs butuh bantuan,SEDANG
LAINNYA,"lingkungan sekitar gedung c gersang gaada pohon, panas bgt siang hari",RENDAH
LAINNYA,"jalan di dekat auditorium gaada penerangan malam, banjir waktu hujan",SEDANG
LAINNYA,"keamanan gedung saat weekend rawan tindak kriminal, mhs tidak merasa aman",KRITIS
AKADEMIK,"ruang kls terlalu panas, gabisa fokus",RENDAH
LAINNYA,"transportasi gaada jalur sepeda, tidak ramah lingkungan",RENDAH
KEMAHASISWAAN,"program bimbingan karir kuota yang terlalu sedikit, mhs kurang diuntungkan",RENDAH
LAINNYA,"lingkungan sekitar perpus pusat kurang terawat, tidak mendukung kreativitas mhs",RENDAH
JARINGAN_IT,"jangkauan wifi fakultas teknik tidak sampai ke semua ruangan, susah download materi kls",TINGGI
FASILITAS,ruang kls lantai 2 kursinya sudah tidak layak pakai dan lampunya remang,RENDAH
LAINNYA,"atm dalam kampus hanya satu dan antrean panjang, terpaksa keluar kampus",SEDANG
FASILITAS,"saklar di perpus pusat sering turun, jadi ruangan jadi gelap",RENDAH
KEUANGAN,"penggunaan dana praktikum tidak transparan, mhs tidak tahu kemana uangnya",RENDAH
AKADEMIK,web akademik sering datanya hilang waktu saat uts/uas,KRITIS
KEUANGAN,beasiswa distribusinya tidak merata dan banyak mhs yang berhak tapi tidak dapat,TINGGI
LAINNYA,"keamanan area parkir gaada satpam, sering kehilangan barang",RENDAH
AKADEMIK,"sistem krs gabisa diakses saat saat uts, tugas jadi terlelet",KRITIS
KEMAHASISWAAN,"kegiatan ospek informasinya tidak merata, mhs jadi kesal",RENDAH
KEMAHASISWAAN,hak mhs dalam hak dan kewajiban mhs kurang disosialisasikan,RENDAH
KEUANGAN,"pembayaran biaya praktikum gabisa online, prosesnya jadi bgt lama",RENDAH
KEUANGAN,"prosedur administrasi keuangan bgt rumit, menghambat akademik",RENDAH
JARINGAN_IT,"koneksi internet gedung fisip gabisa diandalkan, susah download materi",TINGGI
JARINGAN_IT,"sinyal seluler di gedung b lantai 3 hilang timbul, harus keluar dulu baru bisa internetan",RENDAH
AKADEMIK,"bimbingan skripsi bimbingan tidak terjadwal, proses wisuda jadi molor",TINGGI
FASILITAS,"parkiran gedung a lantai 1 gada atapnya, kendaraan bisa lecet-lecet",RENDAH
KEMAHASISWAAN,"kegiatan ospek kurang dukungan kampus, mhs jadi tidak antusias",RENDAH
AKADEMIK,web akademik sering gabisa diakses waktu saat uts/uas,KRITIS
AKADEMIK,"informasi prosedur skripsi mendadak bgt, stress bgt ngurusnya",TINGGI
FASILITAS,"kursi di lab biologi udah lama sudah tidak layak pakai, kapan diganti?",RENDAH
LAINNYA,"gerbang pintu masuk utama gaada sistem akses, sering terlelet kls",SEDANG
KEMAHASISWAAN,"informasi lowongan magang mendadak, mhs banyak yang tidak tahu",RENDAH
AKADEMIK,"spada lemot parah, susah download bahan ajar",TINGGI
KEUANGAN,"pengumuman pengumuman beasiswa tidak sampai ke semua mhs, mhs kaget",TINGGI
KEUANGAN,"dana kegiatan mhs prosesnya berbelit-belit, mhs dirugikan",RENDAH
AKADEMIK,"ruang kls tidak sesuai kapasitas mhs, mhs jadi malas masuk kls",RENDAH
JARINGAN_IT,spada gabisa diakses saat saat banyak pengguna,RENDAH
FASILITAS,"fasilitas gedung a lantai 2 tidak memadai, kami sudah bayar ukt tepat waktu",TINGGI
LAINNYA,"kantin belakang gedung b pilihannya sedikit, mhs susah makan siang",RENDAH
KEMAHASISWAAN,"kegiatan lomba antar prodi informasinya tidak merata, mhs jadi tidak antusias",RENDAH
AKADEMIK,"dosen tidak tepat waktu, belajar jadi terganggu",RENDAH
LAINNYA,"lingkungan sekitar gedung a lantai 1 kurang terawat, gaada tempat untuk bersantai",RENDAH
KEUANGAN,"ukt naik setiap tahun, tapi wifi-nya gabisa diandalkan",TINGGI
LAINNYA,"atm/ bank kampus hanya satu dan sering antre, tidak praktis",SEDANG
JARINGAN_IT,"jaringan di gedung fisip gabisa diandalkan, susah akses internet",RENDAH
LAINNYA,"transportasi parkiran tidak memadai, mhs kesulitan mobilitas",RENDAH
AKADEMIK,siakad uho terkadang gabisa di akses,RENDAH
FASILITAS,"kebersihan gedung a lantai 2 sampahnya menumpuk, baunya tidak enak",RENDAH
KEUANGAN,"beasiswa distribusinya tidak merata, banyak yang berhak tapi tidak dapat",TINGGI
FASILITAS,"tolong ac gedung fisip segera diperbaiki, sudah ancur dan gerah minta ampun",SEDANG
KEMAHASISWAAN,"senioritas di prodi masih melewati batas, mhs baru jadi tertekan",RENDAH
JARINGAN_IT,"jangkauan wifi gedung c terbatas bgt, gabisa kumpul tugas online",RENDAH
KEMAHASISWAAN,"senioritas di organisasi kampus sudah melewati batas, membuat mhs baru tertekan",RENDAH
LAINNYA,"lapangan futsal sempit, lapangan gabisa dimanfaatkan optimal",TINGGI
KEMAHASISWAAN,"staff hima tidak responsif, malas mengurus keperluan ke sana",RENDAH
AKADEMIK,"informasi informasi kkn mendadak, proses akademik jadi terlelet",SEDANG
KEUANGAN,beasiswa prosesnya tidak jelas dan banyak mhs yang berhak tapi tidak dapat,TINGGI
KEUANGAN,"keringanan ukt susah diajukan, prosedurnya tidak transparan",TINGGI
JARINGAN_IT,jangkauan wifinya terlalu pendek,RENDAH
AKADEMIK,"revisi skripsi acc-nya lama, banyak yang ketinggalan informasi",TINGGI
KEMAHASISWAAN,"kegiatan program mentoring waktunya tidak pas, mhs jadi tidak antusias",RENDAH
JARINGAN_IT,"jangkauan wifi lab biologi terbatas bgt, kls online terganggu",RENDAH
KEUANGAN,"pembayaran biaya praktikum prosedurnya rumit, menghambat proses akademik",RENDAH
JARINGAN_IT,"jangkauan wifi gedung fisip tidak sampai ke semua ruangan, gabisa akses spada",RENDAH
KEUANGAN,"pengumuman syarat keringanan ukt tidak diinformasikan dengan jelas, prosesnya jadi bgt lama",TINGGI
LAINNYA,"area area belajar outdoor kotor dan tidak terawat, kurang nyaman buat mhs",SEDANG
KEMAHASISWAAN,"senioritas di fakultas membuat mhs baru tidak nyaman, membuat mhs baru tertekan",RENDAH
FASILITAS,"toilet di gedung b lantai 3 airnya mati total. selain itu, ac di kelas lantai yang sama juga sering kurang dingin kalau siang, jadi mhs kurang konsen belajar soalnya gerah",KRITIS
KEMAHASISWAAN,"kegiatan ospek informasinya tidak merata, mhs jadi tidak antusias",RENDAH
JARINGAN_IT,koneksi di prodi informatika bapuk ga stabil padahal butuh buat akses spada,SEDANG
AKADEMIK,"bahan ajar tidak lengkap, gabisa fokus",RENDAH
AKADEMIK,"revisi skripsi bimbingannya tidak terjadwal, proses akademik jadi terlelet",TINGGI
LAINNYA,"lapangan basket dikenakan biaya masuk yang tidak semestinya, gaada wadah kegiatan olahraga mhs",RENDAH
KEMAHASISWAAN,"info lowongan magang cuma nyebar di grup tertentu, yang lain tidak tahu",RENDAH
FASILITAS,"tolong ac fakultas hukum segera diperbaiki, sudah ancur dan ruangan jadi gerah bgt",SEDANG
KEUANGAN,"transparansi distribusi beasiswa kurang, mhs tidak tahu apa saja biaya yang resmi",TINGGI
AKADEMIK,"dosen tidak memberikan feedback nilai, tugas jadi terlelet dikumpulkan",SEDANG
KEUANGAN,"pengumuman syarat keringanan ukt tidak sampai ke semua mhs, mhs kaget",TINGGI
JARINGAN_IT,"sinyal seluler di lab komputer gaada sama sekali, harus keluar dulu baru bisa internetan",RENDAH
FASILITAS,"pintu wc prodi matematika gabisa dikunci, bgt tidak nyaman",SEDANG
JARINGAN_IT,spada lemot bgt saat deadline pengumpulan tugas,KRITIS
AKADEMIK,"jadwal kls gaada pemberitahuan resmi, mhs jadi bingung",SEDANG
KEUANGAN,ukt naik setiap tahun tapi wifi gabisa diandalkan,TINGGI
KEMAHASISWAAN,"organisasi kegiatannya monoton, gaada wadah aspirasi mhs",RENDAH
KEUANGAN,ada biaya tambahan tidak resmi yang memberatkan mhs,RENDAH
KEUANGAN,"dana penelitian mhs prosesnya berbelit-belit, mhs dirugikan",RENDAH
KEMAHASISWAAN,jika mengurus surat di layanan kemhsan itu butuh berhari-hari bahkan seminggu baru selesai,RENDAH
AKADEMIK,"informasi jadwal ujian hanya dari mulut ke mulut, mhs jadi bingung",TINGGI
LAINNYA,"lingkungan sekitar gedung fh kurang terawat, tidak nyaman aktivitas luar",RENDAH
JARINGAN_IT,"jaringan di gedung d sering putus-putus, susah akses internet",RENDAH
KEMAHASISWAAN,"organisasi kurang dukungan dari kampus, mhs jadi tidak berkembang",RENDAH
AKADEMIK,"sistem spada ui-nya terlalu ribet, nilai terancam",TINGGI
KEMAHASISWAAN,"senioritas di fakultas masih membuat tidak nyaman, mhs baru jadi tertekan",RENDAH
KEMAHASISWAAN,"organisasi gaada regenerasi yang baik, mhs jadi tidak berkembang",RENDAH
KEUANGAN,"beasiswa informasinya tidak merata, banyak yang berhak tapi tidak dapat",TINGGI
KEMAHASISWAAN,"informasi kegiatan kemhsan tidak merata, mhs banyak yang tidak tahu",RENDAH
AKADEMIK,"informasi prosedur skripsi tidak diinformasikan jelas, mhs dirugikan",TINGGI
KEMAHASISWAAN,"program pertukaran mhs prosedur pendaftarannya ribet, mhs kurang diuntungkan",RENDAH
AKADEMIK,"ruang kls tidak sesuai kapasitas mhs, gabisa fokus",RENDAH
LAINNYA,"kantin pusat tempatnya sempit dan panas, antriannya panjang bgt",RENDAH
LAINNYA,"gaada ruang baca outdoor di area kampus, padahal bgt dibutuhkan",RENDAH
AKADEMIK,web akademik sering timeout terus waktu masa krs,TINGGI
LAINNYA,"jalan di dekat auditorium gaada penerangan malam, berbahaya buat motor",SEDANG
AKADEMIK,"informasi jadwal kls pengganti mendadak, mhs jadi bingung",SEDANG
AKADEMIK,portal mhs sering gabisa diakses waktu pengumuman nilai,RENDAH
JARINGAN_IT,"sinyal di prodi matematika hilang timbul, gabisa upload tugas",SEDANG
AKADEMIK,"siakad gabisa diakses saat pengumuman nilai, nilai terancam",TINGGI
KEMAHASISWAAN,"senioritas di lingkungan kampus tidak ditangani dengan baik, membuat mhs baru tertekan",RENDAH
JARINGAN_IT,koneksi di lab komputer putus-putus saat masa uas,TINGGI
KEMAHASISWAAN,"sosialisasi hak dan kewajiban mhs gaada pengumuman resmi, banyak yang ketinggalan",RENDAH
JARINGAN_IT,"wifi lab kimia gabisa konek, terpaksa pakai kuota sendiri",RENDAH
FASILITAS,aula gedung c kursinya sudah tidak layak pakai dan proyektornya ancur,SEDANG
KEUANGAN,"dosen mewajibkan beli buku tertentu, kalau tidak beli nilai bisa jelek",RENDAH
AKADEMIK,"bahan ajar tidak diberikan oleh dosen, gabisa fokus",RENDAH
AKADEMIK,"spada nge-lag terus, susah akses forum diskusi",RENDAH
AKADEMIK,portal mhs sering timeout terus waktu deadline pengumpulan tugas,KRITIS
JARINGAN_IT,wifi kampus lemot parah apalagi kalau semua mhs pakai,SEDANG
JARINGAN_IT,koneksi di gedung fh putus-putus saat masa uas,TINGGI
AKADEMIK,"bimbingan skripsi dosennya susah ditemui, proses wisuda jadi molor",TINGGI
JARINGAN_IT,"bandwidth wifi kampus tidak memadai, gabisa akses spada",RENDAH
KEUANGAN,"pengumuman syarat keringanan ukt hanya dari mulut ke mulut, mhs kaget",TINGGI
KEMAHASISWAAN,"kegiatan kegiatan ukm tidak terorganisir, mhs jadi tidak antusias",TINGGI
KEUANGAN,biaya wisuda terlalu mahal dan prosedurnya bgt rumit,TINGGI
LAINNYA,"lapangan badminton bayar 10 ribu padahal mhs uho, gabisa dimanfaatkan optimal",RENDAH
FASILITAS,"gedung a lantai 1 panas bgt soalnya kurang dingin, mhs jadi malas masuk kls",RENDAH
KEUANGAN,biaya buku dosen seharusnya tidak dibebankan ke mhs,RENDAH
KEMAHASISWAAN,"informasi program beasiswa tidak disebarkan merata, pengurusan jadi lama",TINGGI
LAINNYA,"kantin dekat gedung fisip jamnya terlalu singkat, mhs susah makan siang",RENDAH
KEUANGAN,untuk pengurusan/ informasi beasiswa kurang di sosialisasi ke mhs akhirnya yang tahu informasi hanya yang punya hubungan dengan pengurus kampus,TINGGI
KEMAHASISWAAN,unit kemhsan pelayanannya kurang saat mhs butuh bantuan,RENDAH
KEUANGAN,"biaya biaya kegiatan wajib dibebankan ke mhs, seharusnya tidak",RENDAH
FASILITAS,"fasilitas auditorium tidak memadai, masa bayar ukt tapi fasilitas gini",TINGGI
FASILITAS,"remot ac di gedung b hanya ada 2, seharusnya di perbanyak lagi minimal 2 remote dalam 1 lantai, akhirnya jika remotnya di lantai 1 ac untuk lantai 3 tidak hidup",RENDAH
LAINNYA,"atm/ bank kampus hanya satu dan sering antre, mhs harus keluar kampus untuk ke atm",SEDANG
JARINGAN_IT,upload tugas di spada gagal terus soalnya internet perpus lemot parah,SEDANG
FASILITAS,"colokan di lab botani tidak berfungsi, padahal butuh buat ngecas",RENDAH
FASILITAS,lahan parkir di gedung b lantai 2 sempit bgt jadi sering telat kls,RENDAH
AKADEMIK,"bahan ajar tidak diberikan oleh dosen, mhs jadi malas masuk kls",RENDAH
KEUANGAN,beasiswa informasinya tidak merata dan banyak mhs yang berhak tapi tidak dapat,TINGGI
KEMAHASISWAAN,"senioritas di unit kemhsan tidak ditangani dengan baik, membuat mhs baru tertekan",RENDAH
LAINNYA,"lingkungan sekitar gedung b lantai 3 gersang gaada pohon, tidak nyaman aktivitas luar",RENDAH
LAINNYA,"lapangan bola gaada penerangan malam hari, gaada wadah kegiatan olahraga mhs",SEDANG
KEUANGAN,"transparansi anggaran kegiatan mhs kurang, mhs tidak tahu siapa yang berhak",RENDAH
KEMAHASISWAAN,"fasilitas sekretariat bem fasilitasnya minim, pengurusan jadi bgt lama",RENDAH
JARINGAN_IT,"bandwidth wifi kampus bgt terbatas, tidak cukup untuk semua mhs",RENDAH
KEMAHASISWAAN,"sosialisasi prosedur pengajuan dokumen tidak merata, banyak yang terlewat informasinya",RENDAH
KEUANGAN,ada dosen menjual buku wajib beli yang memberatkan mhs,RENDAH
KEUANGAN,biaya wisuda terlalu mahal dan prosedurnya memakan waktu lama,TINGGI
LAINNYA,"taman kampus tidak terawat, panas bgt siang hari",RENDAH
KEMAHASISWAAN,"senioritas di lingkungan kampus membuat mhs baru tidak nyaman, membuat mhs baru tertekan",RENDAH
LAINNYA,"atm/ bank kampus gaada di dalam kampus, mhs harus keluar kampus untuk ke atm",RENDAH
KEUANGAN,"pengumuman deadline pembayaran ukt tidak diinformasikan dengan jelas, mhs yang urgent jadi kesusahan",TINGGI
AKADEMIK,"nilai tidak sesuai ekspektasi tanpa penjelasan, mhs dirugikan",RENDAH
AKADEMIK,"spada sering down, susah kumpul tugas",TINGGI
KEUANGAN,"transparansi biaya resmi kampus bgt minim, mhs tidak tahu kemana uangnya pergi",RENDAH
AKADEMIK,"krs gabisa diakses saat masa pengisian, mhs dirugikan",TINGGI
AKADEMIK,"jadwal jadwal ujian hanya dari mulut ke mulut, banyak mhs yang tidak tahu",TINGGI
KEMAHASISWAAN,"organisasi kampus gaada regenerasi baik, gaada wadah aspirasi mhs",RENDAH
FASILITAS,"banyak kursi di gedung rektorat yang ancur, capek bgt dikelas",SEDANG
FASILITAS,"jendela ruangan 1.1 gabisa ditutup, silau bgt saat kls",RENDAH
AKADEMIK,"nilai di portal gaada penjelasan, mhs jadi bingung",SEDANG
JARINGAN_IT,koneksi di auditorium bapuk ga stabil padahal butuh buat video conference dengan dosen,RENDAH
AKADEMIK,"spada gabisa diakses, susah akses forum diskusi",RENDAH
AKADEMIK,siakad sering eror parah waktu masa krs,TINGGI
JARINGAN_IT,"sinyal di gedung a lantai 3 bgt lemah, gabisa upload tugas",RENDAH
AKADEMIK,"spada nge-lag waktu saat uas, susah download bahan ajar",KRITIS
KEMAHASISWAAN,"kegiatan kegiatan sosial kampus tidak terorganisir dengan baik, proses administrasi terhambat",TINGGI
LAINNYA,"kantin dekat gedung fisip tempatnya sempit dan panas, mhs susah makan siang",RENDAH
FASILITAS,lahan parkir di gedung a lantai 2 berantakan jadi sering telat kls,RENDAH
JARINGAN_IT,upload tugas di spada gagal terus soalnya internet gedung fh nge-lag,RENDAH
KEMAHASISWAAN,"pengurusan surat keterangan mhs aktif butuh seminggu lebih, bgt lama",RENDAH
KEMAHASISWAAN,"senioritas di unit kemhsan sudah melewati batas, membuat mhs baru tertekan",RENDAH
AKADEMIK,kls online terganggu soalnya sistem krs sering eror,TINGGI
LAINNYA,"jalan di belakang rektorat licin waktu hujan, berbahaya buat motor",RENDAH
KEUANGAN,beasiswa seleksinya tidak transparan dan banyak mhs yang berhak tapi tidak dapat,TINGGI
JARINGAN_IT,koneksi di fakultas ekonomi sering putus padahal butuh buat kls online,RENDAH
FASILITAS,"kebersihan gedung fh jarang dibersihkan, tidak nyaman berada di sini",RENDAH
FASILITAS,"wc lab komputer tidak terawat, terpaksa ke gedung lain yang jauh",RENDAH
FASILITAS,"wc gedung rektorat airnya tidak mengalir sudah seminggu lebih, terpaksa ke gedung lain yang jauh",RENDAH
KEUANGAN,"keringanan ukt susah diajukan, prosedurnya tidak jelas alurnya",TINGGI
LAINNYA,"jalan di belakang rektorat ancur parah berlubang, bisa bikin kecelakaan",KRITIS
KEMAHASISWAAN,"senioritas di himpunan tidak ditangani dengan baik, membuat mhs baru tertekan",RENDAH
FASILITAS,"musola di fakultas teknik tempat wudhunya ancur, tolong diperhatikan",SEDANG
LAINNYA,"lingkungan sekitar gedung b lantai 2 minim fasilitas publik, gaada tempat bersantai",RENDAH
KEUANGAN,"informasi beasiswa tidak disosialisasikan baik, mhs layak tidak dapat",TINGGI
AKADEMIK,"informasi syarat wisuda hanya dari mulut ke mulut, proses jadi terlelet",TINGGI
JARINGAN_IT,koneksi di gedung rektorat lemot parah padahal butuh buat akses spada,SEDANG
JARINGAN_IT,server spada gabisa diakses waktu masa uts,KRITIS
FASILITAS,"tolong ac gedung mipa segera diperbaiki, netes airnya dan badan rasanya mau pingsan",RENDAH
AKADEMIK,"website web akademik sering eror, proses akademik terhambat",TINGGI
JARINGAN_IT,"koneksi internet gedung fisip gabisa diandalkan, gabisa akses spada",RENDAH
KEMAHASISWAAN,"pengurusan dokumen beasiswa butuh seminggu lebih, bgt lama",TINGGI
KEMAHASISWAAN,"staff bem tidak responsif, pelayanan publik yang buruk",RENDAH
LAINNYA,"kantin belakang gedung b jamnya terlalu singkat, gaada pilihan sehat",RENDAH
KEMAHASISWAAN,bem kurang aktif menyuarakan aspirasi mhs soal hak dan kewajiban mhs,RENDAH
LAINNYA,"atm dalam kampus sering eror, terpaksa keluar kampus",TINGGI
JARINGAN_IT,"sinyal di gedung fisip gaada sama sekali, harus keluar ruangan dulu",RENDAH
KEUANGAN,"transparansi penggunaan dana ukt kurang, mhs tidak tahu apa saja biaya yang resmi",TINGGI
FASILITAS,"banyak kursi di fakultas teknik yang kayunya sudah lapuk, capek bgt dikelas",RENDAH
AKADEMIK,"krs gabisa tambah matkul, banyak yang ketinggalan info",TINGGI
AKADEMIK,spada sering crash tiba-tiba waktu saat jam sibuk,RENDAH
KEMAHASISWAAN,senioritas diprodi masih bgt kental alangkah lebih baik edukasi untuk senioritas diadakan soalnya senioritas di kampus membuat beberapa mhs bisa tertekan,RENDAH
KEMAHASISWAAN,"senioritas di fakultas masih bgt kental, membuat mhs baru tertekan",RENDAH
JARINGAN_IT,"sinyal di prodi informatika gabisa untuk data seluler, kls online jadi terganggu",SEDANG
KEUANGAN,ada dosen yang menjual buku wajib dibeli yang tidak semestinya,RENDAH
JARINGAN_IT,server siakad sering down waktu deadline tugas,KRITIS
AKADEMIK,"website portal mhs ui-nya outdated bgt, mhs rugi bgt",RENDAH
LAINNYA,"gaada gazebo belajar di area kampus, padahal bgt dibutuhkan",RENDAH
JARINGAN_IT,koneksi di gedung a lantai 1 bapuk ga stabil padahal butuh buat akses spada,RENDAH
KEUANGAN,"dana kkn tidak cair tepat waktu, mhs dirugikan",RENDAH
LAINNYA,"keamanan area kampus malam kurang terjaga, tidak kondusif malam hari",RENDAH
AKADEMIK,"informasi prosedur skripsi tidak diinformasikan dengan jelas, proses akademik jadi terlelet",TINGGI
JARINGAN_IT,"jangkauan wifi lab komputer tidak luas, harus geser-geser cari sinyal",TINGGI
JARINGAN_IT,"server portal akademik sering down pas masa krs, terpaksa pakai kuota sendiri",TINGGI
LAINNYA,"area ruang tunggu panas dan tidak teduh, kurang nyaman buat mhs",RENDAH
LAINNYA,"keamanan lingkungan sekitar kampus cctv-nya tidak berfungsi, sering ada kehilangan motor",KRITIS
AKADEMIK,"ada dosen yang menjual buku wajib beli ke mhs, itu tidak profesional",RENDAH
LAINNYA,"pintu masuk utama pintunya ancur, tidak aman",SEDANG
KEMAHASISWAAN,"staff bagian kemhsan melayani dengan malas, tidak enak kalau harus ke sana",RENDAH
AKADEMIK,"spada lemot parah, susah ikut kuis",SEDANG
KEMAHASISWAAN,"program wirausaha mhs sosialisasinya kurang, mhs banyak yang tidak tahu",RENDAH
JARINGAN_IT,koneksi di ruang seminar putus-putus saat jam kls,RENDAH
JARINGAN_IT,"sinyal di gedung a lantai 2 gaada sama sekali, gabisa upload tugas",RENDAH
FASILITAS,ruangan 2.3 kursinya mejanya patah dan papan tulisnya gabisa dibaca,RENDAH
FASILITAS,toilet di gedung b lantai 2 airnya tidak mengalir dan airnya gaada,RENDAH
AKADEMIK,"spada lemot parah waktu saat uts, susah kumpul tugas",KRITIS
LAINNYA,"jalan di belakang rektorat ancur parah berlubang, banjir waktu hujan",SEDANG
KEUANGAN,"prosedur pengajuan keringanan ukt bgt rumit dan berbelit, mhs yang urgent jadi kesusahan",KRITIS
KEUANGAN,"transparansi penggunaan dana ukt kurang, mhs tidak tahu siapa yang berhak",TINGGI
AKADEMIK,"spada sering down waktu jam kls, susah akses materi",TINGGI
KEMAHASISWAAN,unit kemhsan jarang beroperasi saat mhs butuh bantuan,RENDAH
KEMAHASISWAAN,"layanan unit kemhsan responnya lelet, mhs jadi kesal",SEDANG
KEUANGAN,"transparansi biaya resmi kampus bgt minim, mhs tidak tahu siapa yang berhak",RENDAH
AKADEMIK,"dosen sering tidak masuk tanpa keterangan, mhs dirugikan",RENDAH
LAINNYA,"keamanan lingkungan sekitar kampus rawan kriminal, mhs tidak merasa aman",KRITIS
JARINGAN_IT,"jangkauan wifi gedung c tidak sampai ke semua ruangan, kls online terganggu",RENDAH
FASILITAS,"saklar di gedung a lantai 3 sering turun, jadi kls terganggu",RENDAH
KEMAHASISWAAN,"staff layanan administrasi mhs tidak responsif, tidak sesuai standar pelayanan",RENDAH
KEUANGAN,"ukt sudah mahal, tapi wc-nya gabisa dipakai",TINGGI
KEUANGAN,"ukt sudah mahal, tapi fasilitasnya jauh dari layak",TINGGI
AKADEMIK,"ada dosen yang pilih kasih dalam penilaian, itu tidak profesional",RENDAH
LAINNYA,"keamanan lingkungan sekitar kampus sering ada kehilangan barang, orang luar bebas masuk",RENDAH
KEMAHASISWAAN,"program magang kampus merdeka tidak merata distribusinya, mhs kurang diuntungkan",RENDAH
AKADEMIK,sistem krs sering eror parah waktu saat jam sibuk,TINGGI
LAINNYA,"atm/ bank kampus sering eror, merepotkan saat butuh dana mendadak",TINGGI
JARINGAN_IT,wifi kampus nge-lag terus apalagi kalau acara kampus,RENDAH
KEMAHASISWAAN,"informasi program beasiswa tidak disebarkan merata, mhs jadi kesal",TINGGI
LAINNYA,"lapangan bola gaada penerangan malam, gabisa dimanfaatkan optimal",SEDANG
KEMAHASISWAAN,"kegiatan seminar mhs waktunya tidak pas, proses administrasi terhambat",RENDAH
AKADEMIK,"nilai di portal belum keluar padahal sudah lama, banyak yang ketinggalan info",RENDAH
AKADEMIK,"nilai gabisa diakses di portal, stress bgt ngurusnya",RENDAH
LAINNYA,"gerbang gerbang 3 pintunya ancur, tidak efisien",SEDANG
LAINNYA,"lingkungan sekitar gedung fh bising dari luar kampus, tidak mendukung kreativitas mhs",RENDAH
AKADEMIK,"ada dosen yang memberi nilai buruk kalau tidak beli bukunya, itu tidak profesional",RENDAH
FASILITAS,"min, wc di auditorium kondisinya cuma pajangan, tolong segera diperbaiki",RENDAH
LAINNYA,"kantin area food court kampus harganya kemahalan, antriannya panjang bgt",RENDAH
KEMAHASISWAAN,"sosialisasi kegiatan kemhsan bgt kurang, banyak yang terlewat informasinya",RENDAH
LAINNYA,"transportasi gaada shuttle bus kampus, tidak ramah lingkungan",RENDAH
FASILITAS,"musola di perpus pusat tidak terawat, tolong diperhatikan",RENDAH
KEUANGAN,"biaya seragam praktikum dibebankan ke mhs, seharusnya tidak",RENDAH
KEUANGAN,"dana praktikum prosesnya berbelit-belit, mhs dirugikan",RENDAH
LAINNYA,"lingkungan sekitar perpus gersang gaada pohon, gaada tempat bersantai",RENDAH
KEMAHASISWAAN,"program mentoring akademik prosedur pendaftarannya ribet, mhs kurang diuntungkan",RENDAH
FASILITAS,"pipa saluran ac di ruang kls lantai 2 bocor, lantai jadi basah",RENDAH
FASILITAS,"wc fakultas teknik jorok bgt, mhs jadi susah kalau kebelet",RENDAH
JARINGAN_IT,"wifi gedung mipa nge-lag terus, gabisa akses spada",RENDAH
LAINNYA,"jalan di belakang rektorat sempit bgt, bisa bikin kecelakaan",KRITIS
AKADEMIK,"bahan ajar tidak diberikan oleh dosen, capek bgt dikelas",RENDAH
JARINGAN_IT,"bandwidth wifi kampus sering habis di jam sibuk, gabisa akses spada",RENDAH
JARINGAN_IT,"bandwidth wifi kampus kurang untuk semua mhs, tidak produktif di kampus",TINGGI
JARINGAN_IT,"bandwidth wifi kampus sering habis di jam sibuk, susah download materi kls",TINGGI
FASILITAS,"tangga fakultas ekonomi gaada pegangan, bahaya kalau terpeleset",RENDAH
KEUANGAN,"transparansi penggunaan dana ukt kurang, mhs tidak tahu kemana uangnya pergi",TINGGI
FASILITAS,"fakultas ekonomi panas bgt soalnya panasnya parah, gabisa fokus",RENDAH
FASILITAS,lahan parkir di gedung a lantai 1 banyak yang parkir sembarangan jadi sering telat kls,RENDAH
FASILITAS,"min, wc di gedung a lantai 1 kondisinya kotor parah, tolong segera diperbaiki",SEDANG
KEUANGAN,"seleksi beasiswa tidak transparan, prosesnya tidak adil",TINGGI
LAINNYA,"transportasi akses transportasi umum susah, biaya transportasi jadi membebani",RENDAH
KEUANGAN,"masih terdapat pungli, seperti dosen menjual buku, yang tidak beli buku nilainya jelek",RENDAH
KEUANGAN,"informasi beasiswa tidak transparan, mhs layak tidak dapat",TINGGI
FASILITAS,"plafon ruangan 1.1 jelek parah, khawatir mhs tidak nyaman",RENDAH
JARINGAN_IT,"jaringan di lab biologi lemot parah, susah akses internet",SEDANG
LAINNYA,"gerbang gerbang 1 pintunya ancur, antrean masuk kampus panjang",SEDANG
LAINNYA,"keamanan area parkir kurang terjaga, tidak kondusif untuk kegiatan malam",RENDAH
LAINNYA,"jalan di dekat auditorium sempit, kendaraan jadi ancur",SEDANG
KEUANGAN,"dana kegiatan mhs tidak cair tepat waktu, mhs dirugikan",RENDAH
FASILITAS,"min, wc di fakultas hukum kondisinya jorok bgt, tolong segera diperbaiki",RENDAH
JARINGAN_IT,wifi kampus gabisa konek apalagi kalau banyak yang konek,RENDAH
KEMAHASISWAAN,"pengurusan surat keterangan aktif makan waktu berminggu-minggu, bgt tidak efisien",RENDAH
KEMAHASISWAAN,"kegiatan ospek kurang dukungan kampus, mhs jadi kesal",RENDAH
FASILITAS,"tolong ac fakultas teknik segera diperbaiki, nda menyala dan belajarnya tidak nyaman",RENDAH
JARINGAN_IT,"wifi perpus pusat bapuk ga stabil, terpaksa pakai kuota sendiri",RENDAH
AKADEMIK,"nilai belum keluar padahal sudah lama, stress bgt ngurusnya",RENDAH
LAINNYA,"kebersihan sekitar parkiran kumuh, tidak nyaman untuk beraktivitas",RENDAH
AKADEMIK,"bahan ajar susah dicari, nilai bisa jelek soalnya tidak konsen",RENDAH
KEMAHASISWAAN,"sosialisasi hak dan kewajiban mhs hanya melalui grup tertentu, banyak yang terlewat informasinya",RENDAH
AKADEMIK,"nilai ada yang salah input, banyak yang ketinggalan informasi",RENDAH
FASILITAS,"banyak kursi di gedung a lantai 3 yang mejanya patah, nilai bisa jelek soalnya tidak konsen",RENDAH
JARINGAN_IT,server portal akademik sering down waktu jam kls,TINGGI
AKADEMIK,"krs sering eror, proses akademik jadi terlelet",TINGGI
FASILITAS,"tolong ac gedung fisip segera diperbaiki, cuma pajangan dan susah fokus",RENDAH
JARINGAN_IT,"sinyal di fakultas hukum gabisa untuk data seluler, kls online jadi terganggu",RENDAH
FASILITAS,parkiran motor yang masih kurang teratur dan banyak parkir sembarangan. alhasil terlelet kalau ada kelas karna waktunya habis untuk cari parkir dulu.,SEDANG
LAINNYA,"penerangan jalan di dekat auditorium gaada, berbahaya malam hari",SEDANG
KEMAHASISWAAN,"fasilitas ruang ukm tidak memadai, mhs jadi kesal",RENDAH
JARINGAN_IT,"sinyal di lab biologi gaada sama sekali, kls online jadi terganggu",RENDAH
KEMAHASISWAAN,"senioritas di himpunan masih bgt kental, membuat mhs baru tertekan",RENDAH
KEUANGAN,"pengumuman pengumuman beasiswa tidak diinformasikan dengan jelas, mhs jadi bingung",TINGGI
KEMAHASISWAAN,"pengurusan surat izin kegiatan makan waktu lebih dari 2 minggu, bgt tidak efisien",RENDAH
AKADEMIK,"dosen tidak tepat waktu, proses akademik terhambat",RENDAH
LAINNYA,"kantin area food court harganya mahal, susah makan siang",RENDAH
KEMAHASISWAAN,"senioritas di unit kemhsan masih melewati batas, mhs baru jadi tertekan",RENDAH
LAINNYA,"lingkungan sekitar fakultas ekonomi gersang gaada pohon teduh, tidak nyaman buat aktivitas luar",RENDAH
JARINGAN_IT,"jangkauan wifi prodi matematika tidak sampai ke semua ruangan, kls online terganggu",SEDANG
JARINGAN_IT,"jangkauan wifi gedung c hanya di spot tertentu, harus geser-geser cari sinyal",RENDAH
KEUANGAN,biaya biaya kegiatan wajib seharusnya tidak dibebankan ke mhs,RENDAH
FASILITAS,"gedung d panas bgt soalnya tidak berfungsi, belajarnya terganggu",RENDAH
FASILITAS,"plafon ruang kelas b2 bocor saat hujan, khawatir celaka kalau tiba-tiba jatuh",RENDAH
LAINNYA,"penerangan jalan di area antar gedung gaada, berbahaya malam hari",SEDANG
KEUANGAN,ukt naik setiap tahun tapi fasilitasnya jauh dari layak,TINGGI
LAINNYA,"area koridor antar gedung gaada tempat duduk, kurang nyaman buat mhs",RENDAH
JARINGAN_IT,koneksi di lab komputer lemot parah padahal butuh buat download materi,TINGGI
KEUANGAN,ukt sudah mahal tapi ac-nya ancur semua,TINGGI
KEUANGAN,"prosedur pengajuan keringanan ukt tidak jelas alurnya, mhs jadi bingung",TINGGI
JARINGAN_IT,server portal akademik sering down waktu deadline tugas,KRITIS
FASILITAS,"kursi di gedung b lantai 3 udah lama mejanya patah, kapan diganti?",RENDAH
AKADEMIK,"sistem spada outdated bgt, mhs rugi bgt",RENDAH
AKADEMIK,"jadwal kls gaada pemberitahuan resmi, banyak yang ketinggalan informasi",RENDAH
FASILITAS,"kebersihan lab biologi jarang dibersihkan, bisa jadi sumber penyakit",RENDAH
KEMAHASISWAAN,"senioritas di organisasi kampus membuat mhs baru tidak nyaman, membuat mhs baru tertekan",RENDAH
FASILITAS,"gaada tempat duduk di lab biologi, padahal bgt dibutuhkan",RENDAH
AKADEMIK,"informasi prosedur skripsi mendadak, mhs dirugikan",TINGGI
FASILITAS,ruangan terasa panas ac tidak berfungsi soalnya gaada remotnya,RENDAH
AKADEMIK,"beberapa alat atau bahan praktikum, masa di sediakan praktikan, bukankah semuanya di sediakan dari kampus?",RENDAH
LAINNYA,"kantin pusat tidak higienis, terpaksa keluar kampus",RENDAH
AKADEMIK,"revisi skripsi prosedurnya ribet, stress bgt ngurusnya",TINGGI
AKADEMIK,"spada loadingnya lama bgt, susah ikut kuis",RENDAH
KEUANGAN,"dana kkn jumlahnya tidak sesuai, mhs dirugikan",RENDAH
JARINGAN_IT,"bandwidth wifi kampus sering habis di jam sibuk, tidak produktif di kampus",TINGGI
JARINGAN_IT,"jangkauan wifi gedung fh tidak luas, harus geser-geser cari sinyal",TINGGI
KEUANGAN,"transparansi penggunaan dana ukt kurang, mhs tidak tahu bagaimana seleksinya",TINGGI
KEUANGAN,"pengumuman deadline pembayaran ukt tidak sampai ke semua mhs, prosesnya jadi bgt lama",TINGGI
KEMAHASISWAAN,"fasilitas lapangan olahraga tidak layak, proses administrasi terhambat",RENDAH
FASILITAS,"parkiran prodi matematika gada atapnya, kendaraan bisa catnya jadi ancur",SEDANG
LAINNYA,"jalan di area parkir utama sempit, berbahaya buat motor",RENDAH
JARINGAN_IT,"jaringan di prodi akuntansi sering putus-putus, susah akses internet",RENDAH
LAINNYA,sampah di sekitar parkiran menumpuk kalau gaada petugas,RENDAH
FASILITAS,"gedung b lantai 2-3 sering turun saklar lampu, jadi ruangan panas, lcd mati, dll. paling parah pas setiap masuk matakls hm",SEDANG
AKADEMIK,"informasi jadwal ujian hanya dari mulut ke mulut, banyak yang ketinggalan informasi",TINGGI
FASILITAS,"kursi di gedung a lantai 3 udah lama rodanya hilang, kapan diganti?",RENDAH
FASILITAS,"min, parkiran gedung b lantai 2 banyak yang parkir sembarangan tolong diatur lebih baik",RENDAH
LAINNYA,"lingkungan sekitar gedung b lantai 3 kurang terawat, tidak nyaman buat aktivitas luar",RENDAH
AKADEMIK,"ruang kls proyektornya ancur, belajarnya terganggu",SEDANG
FASILITAS,"ac gedung a lantai 2 cuma pajangan, berisik bgt padahal masa bayar ukt tapi fasilitas gini",TINGGI
FASILITAS,"wc gedung b lantai 3 tidak terawat, bgt mengganggu aktivitas",RENDAH
FASILITAS,"tolong ac gedung d segera diperbaiki, kurang dingin dan badan rasanya mau pingsan",RENDAH
FASILITAS,"wc gedung d airnya tidak mengalir sudah seminggu lebih, harus nahan lama bgt",RENDAH
JARINGAN_IT,"hotspot kampus kayak tidak dibayar, terpaksa habiskan kuota sendiri",RENDAH
FASILITAS,"parkiran auditorium gada atapnya, kendaraan bisa catnya jadi ancur",SEDANG
JARINGAN_IT,"jangkauan wifi auditorium terbatas bgt, gabisa akses spada",RENDAH
FASILITAS,"tolong ac gedung b lantai 3 segera diperbaiki, cuma pajangan dan mhs tidak konsen belajar",RENDAH
KEUANGAN,beasiswa prosesnya tidak jelas dan hanya yang punya koneksi yang dapat,TINGGI
KEMAHASISWAAN,"fasilitas sekretariat bem tidak layak, proses administrasi terhambat",RENDAH
FASILITAS,"ac lab kimia cuma pajangan, mati total padahal ukt mahal tapi fasilitas tidak sesuai",KRITIS
AKADEMIK,"bahan ajar harus beli sendiri, mhs jadi malas masuk kls",RENDAH
KEMAHASISWAAN,"kegiatan kegiatan sosial kampus waktunya tidak pas, banyak yang tidak terlayani",RENDAH
JARINGAN_IT,wifi kampus gabisa konek apalagi kalau semua mhs pakai,RENDAH
LAINNYA,"kantin dekat gedung fisip tempatnya sempit, susah makan siang",RENDAH
LAINNYA,"lingkungan sekitar ruang seminar gersang gaada pohon, panas bgt siang hari",RENDAH
LAINNYA,"lapangan futsal dikenakan biaya masuk yang tidak semestinya, lapangan gabisa dimanfaatkan optimal",TINGGI
JARINGAN_IT,"jaringan di gedung a lantai 1 sering putus-putus, susah akses internet",RENDAH
AKADEMIK,"jadwal kls informasinya tidak jelas, stress bgt ngurusnya",RENDAH
FASILITAS,"tolong ac fakultas hukum segera diperbaiki, cuma pajangan dan gerah minta ampun",RENDAH
FASILITAS,"kebersihan fakultas teknik gaada petugas kebersihan, baunya tidak enak",RENDAH
AKADEMIK,"website sistem krs sering eror, belajar jadi terganggu",TINGGI
KEMAHASISWAAN,"organisasi gaada regenerasi yang baik, potensi mhs tersia-sia",RENDAH
LAINNYA,"taman kampus tidak terawat, tidak nyaman aktivitas luar",RENDAH
AKADEMIK,"bimbingan skripsi responnya bgt lama, proses wisuda jadi molor",TINGGI
KEMAHASISWAAN,"layanan hima sering tutup, pengurusan jadi bgt lama",RENDAH
KEMAHASISWAAN,"organisasi kampus kegiatannya monoton, gaada wadah aspirasi mhs",RENDAH
AKADEMIK,"website spada sering eror, belajar jadi terganggu",TINGGI
FASILITAS,"fasilitas prodi informatika tidak memadai, masa bayar ukt tapi fasilitas gini",TINGGI
KEUANGAN,"ukt naik setiap tahun, tapi ac-nya ancur semua",TINGGI
JARINGAN_IT,"jangkauan wifi gedung fisip tidak luas, tidak produktif di kampus",TINGGI
KEMAHASISWAAN,"program pertukaran mhs sosialisasinya kurang, mhs banyak yang tidak tahu",RENDAH
LAINNYA,"lingkungan sekitar aula kurang terawat, gaada tempat bersantai",RENDAH
FASILITAS,"kursi di gedung b lantai 3 udah lama goyang terus, kapan diganti?",RENDAH
KEUANGAN,"informasi beasiswa informasinya tidak transparan, hanya orang tertentu yang tahu",TINGGI
LAINNYA,"area taman kampus gaada tempat duduk, tidak nyaman buat mhs",RENDAH
AKADEMIK,sistem krs sering eror parah terutama jam kls,TINGGI
KEUANGAN,"pembayaran ukt harus datang langsung berkali-kali, mhs jadi bingung",TINGGI
LAINNYA,"lapangan bola tidak terawat, gaada wadah kegiatan olahraga mhs",RENDAH
JARINGAN_IT,"sinyal di perpus pusat gaada sama sekali, gabisa upload tugas",RENDAH
LAINNYA,"jalan di jalan masuk kampus gaada penerangan malam, berbahaya buat motor",SEDANG
FASILITAS,"fasilitas auditorium sudah bgt ketinggalan, padahal kita sudah bayar ukt",TINGGI
FASILITAS,"min, parkiran gedung a lantai 2 gaada petugas tolong diatur lebih baik",RENDAH
KEMAHASISWAAN,"informasi program beasiswa tidak disosialisasikan dengan baik, mhs banyak yang tidak tahu",TINGGI
KEUANGAN,"prosedur pengembalian dana tidak transparan, menghambat proses akademik",RENDAH
FASILITAS,"kursi di gedung mipa udah lama sudah tidak layak pakai, kapan diganti?",RENDAH
JARINGAN_IT,"bandwidth wifi kampus tidak memadai, tidak cukup untuk semua mhs",RENDAH
AKADEMIK,portal mhs sering datanya hilang waktu masa krs,TINGGI
LAINNYA,"pintu masuk utama pintunya ancur, sering terlelet kls",SEDANG
LAINNYA,"gerbang 2 pintunya ancur, sering terlelet kls",SEDANG
FASILITAS,"kursi di gedung a lantai 1 udah lama kayunya sudah lapuk, kapan diganti?",RENDAH
FASILITAS,"ac di ruang kls lantai 2 udah lama nda diperbaiki, kurang dingin",RENDAH
JARINGAN_IT,wifi di gedung fh sering disconnect apalagi semua mhs pakai,RENDAH
JARINGAN_IT,internet di gedung a lantai 2 gabisa diandalkan padahal butuh buat kumpul tugas,RENDAH
KEMAHASISWAAN,"senioritas di prodi masih bgt kental, membuat mhs baru tertekan",RENDAH
KEUANGAN,"transparansi anggaran kegiatan mhs bgt minim, mhs tidak tahu bagaimana seleksinya",RENDAH
KEMAHASISWAAN,"layanan unit kemhsan sering tutup, pengurusan jadi bgt lama",RENDAH
FASILITAS,"kebersihan prodi akuntansi sampahnya menumpuk, tidak nyaman berada di sini",RENDAH
KEUANGAN,"dana kegiatan mhs tidak transparan penggunaannya, mhs dirugikan",RENDAH
JARINGAN_IT,"jaringan di prodi matematika bapuk ga stabil, susah akses internet",SEDANG
FASILITAS,"gaada ruang istirahat di gedung b lantai 3, padahal bgt dibutuhkan",RENDAH
LAINNYA,"lapangan bola tidak terawat, mhs gabisa olahraga gratis",RENDAH
LAINNYA,"lapangan badminton ancur, mhs gabisa olahraga gratis",SEDANG
AKADEMIK,sistem krs sering timeout terutama saat uas,KRITIS
FASILITAS,"ac di gedung b lantai 3 tidak berfungsi, jadi gerah minta ampun",RENDAH
KEMAHASISWAAN,"organisasi kampus tidak aktif, gaada wadah aspirasi mhs",RENDAH
FASILITAS,"itu hee sudah bagus maunya ada tempat dudukÂ² di lantai atas sama lantai bawah, cuma kurang colokan beh, maunya bgus sekali kalau colokan nya ada",RENDAH
KEMAHASISWAAN,"kegiatan lomba antar prodi informasinya tidak merata, pengurusan jadi bgt lama",RENDAH
AKADEMIK,"ruang kls tidak kondusif, mhs jadi malas",RENDAH
JARINGAN_IT,"jaringan di gedung b lantai 2 sering putus-putus, susah akses internet",RENDAH
KEUANGAN,"transparansi anggaran kegiatan mhs bgt minim, mhs tidak tahu siapa yang berhak",RENDAH
KEMAHASISWAAN,"informasi program beasiswa hanya di grup tertentu, mhs banyak yang tidak tahu",TINGGI
AKADEMIK,"nilai gabisa diakses di portal, proses akademik jadi terlelet",SEDANG
LAINNYA,"gerbang gerbang 1 gaada sistem akses, tidak aman soalnya siapa saja bisa masuk",RENDAH
JARINGAN_IT,wifi kampus lemot parah apalagi kalau jam kls,SEDANG
FASILITAS,"min, wc di auditorium kondisinya tidak terawat, tolong segera diperbaiki",RENDAH
JARINGAN_IT,"wifi gedung b lantai 2 sering disconnect, kls online terganggu",RENDAH
FASILITAS,"parkiran prodi akuntansi tidak muat, sering ada yang ditabrak",RENDAH
JARINGAN_IT,"wifi gedung a lantai 1 gabisa dipakai, susah download materi kls",TINGGI
JARINGAN_IT,spada gabisa diakses saat masa uts/uas,KRITIS
FASILITAS,"plafon ruangan 1.2 sudah retak, khawatir mhs tidak nyaman",RENDAH
JARINGAN_IT,koneksi di gedung b lantai 1 putus-putus saat masa krs,TINGGI
JARINGAN_IT,wifi kampus lemot parah apalagi kalau banyak yang konek,SEDANG
AKADEMIK,"nilai di portal gaada penjelasan, proses jadi terlelet",SEDANG
AKADEMIK,"spada lemot parah, susah akses forum diskusi",SEDANG
FASILITAS,"remot ac gedung b lantai 1 cuma 1 untuk 3 lantai, susah hidupinnya",RENDAH
LAINNYA,"area koridor antar gedung gaada fasilitas, tidak nyaman buat mhs",RENDAH
LAINNYA,"kantin belakang gedung b tidak higienis, mhs susah makan siang",RENDAH
KEMAHASISWAAN,"pengurusan transkip nilai sementara butuh lebih dari 2 minggu, bgt lama",RENDAH
KEMAHASISWAAN,"layanan bem jarang beroperasi, proses administrasi terhambat",RENDAH
KEMAHASISWAAN,"sosialisasi prosedur dokumen hanya di grup tertentu, banyak yang ketinggalan",RENDAH
KEUANGAN,ukt tidak sebanding fasilitas tapi fasilitasnya jauh dari layak,TINGGI
FASILITAS,"banyak kursi di lab kimia yang gaada mejanya, belajarnya terganggu",RENDAH
LAINNYA,"gerbang gerbang 1 jarang dibuka, tidak efisien",RENDAH
FASILITAS,"parkiran gedung fh gada atapnya, kendaraan bisa catnya jadi ancur",SEDANG
KEUANGAN,"biaya penggunaan lapangan dibebankan ke mhs, seharusnya tidak",RENDAH
FASILITAS,"min, gedung bersama di fisip udah ada kipasnya, tpi ga bisa ngilangin kegerahan kalau siang hari, soalnya kipasnya cuma 1. wi-fi? ga ada, jadi kalau nunggu dosen bosan bgt, gatau mau ngapain",RENDAH
FASILITAS,"kamar mandi gedung a lantai 1 gabisa dipakai, jadi malas kls apalagi kalau kebelet",RENDAH
KEUANGAN,"lapangan bola yang sudah di percantik dikenakan pembayaran 10 ribu per sekali masuk walaupun itu mhs uho, seharusnya gratis",RENDAH
LAINNYA,"kebersihan koridor gedung jarang dibersihkan, mencerminkan citra kampus yang buruk",RENDAH
AKADEMIK,"dosen sering reschedule mendadak, nilai terancam",TINGGI
AKADEMIK,"informasi jadwal ujian mendadak, stress bgt ngurusnya",TINGGI
KEMAHASISWAAN,"informasi kompetisi mhs tidak disebarkan merata, pengurusan jadi lama",RENDAH
FASILITAS,"fasilitas prodi matematika sudah bgt ketinggalan, kami sudah bayar ukt tepat waktu",TINGGI
AKADEMIK,"spada sering down waktu masa krs, susah akses materi",TINGGI
LAINNYA,"keamanan gedung saat weekend gaada satpam, sering ada kehilangan motor",KRITIS
FASILITAS,"gedung fh panas bgt soalnya cuma pajangan, capek bgt dikelas",RENDAH
KEUANGAN,"dana penelitian mhs tidak transparan penggunaannya, mhs yang kena dampaknya",RENDAH
KEUANGAN,"transparansi biaya resmi kampus bgt minim, mhs tidak tahu apa saja biaya resmi",RENDAH
JARINGAN_IT,"koneksi internet gedung c gabisa diandalkan, gabisa akses spada",RENDAH
KEMAHASISWAAN,respon staf kurang menyenangkan seperti julid,RENDAH
KEMAHASISWAAN,"fasilitas lapangan olahraga terlalu kecil, mhs jadi kesal",RENDAH
KEMAHASISWAAN,"informasi program pertukaran pelajar hanya di grup tertentu, mhs banyak yang tidak tahu",RENDAH
KEMAHASISWAAN,"fasilitas ruang rapat mhs tidak memadai, proses administrasi terhambat",RENDAH
LAINNYA,"atm/ bank kampus sering kosong uangnya, mhs harus keluar kampus untuk ke atm",RENDAH
KEUANGAN,"dana praktikum tidak cair tepat waktu, mhs dirugikan",RENDAH
KEUANGAN,"prosedur administrasi keuangan tidak transparan, mhs urgent kesusahan",RENDAH
FASILITAS,lahan parkir di lab kimia sempit bgt jadi sering telat kls,RENDAH
FASILITAS,"kamar mandi gedung b lantai 1 airnya mati, terpaksa ke gedung lain yang jauh apalagi kalau kebelet",SEDANG
KEUANGAN,"pengumuman pengumuman beasiswa tidak diinformasikan jelas, mhs kaget",TINGGI
LAINNYA,"keamanan gedung saat weekend gaada satpam, mhs tidak merasa aman",RENDAH
AKADEMIK,"krs matkul yang tersedia tidak sesuai kurikulum, banyak yang ketinggalan informasi",TINGGI
KEMAHASISWAAN,"kegiatan ospek kurang dukungan kampus, pengurusan jadi bgt lama",RENDAH
FASILITAS,"banyak kursi di gedung fh yang banyak yang hilang, nilai bisa jelek soalnya tidak konsen",RENDAH
JARINGAN_IT,wifi kampus gabisa dipakai apalagi kalau semua mhs pakai,RENDAH
JARINGAN_IT,"wifi prodi informatika sering disconnect, gabisa akses spada",SEDANG
LAINNYA,"area taman kampus kotor dan tidak terawat, kurang nyaman buat mhs",SEDANG
KEMAHASISWAAN,"kegiatan lomba antar prodi kurang dukungan kampus, pengurusan jadi bgt lama",RENDAH
FASILITAS,lahan parkir di gedung c tidak teratur jadi sering telat kls,RENDAH
KEMAHASISWAAN,"kegiatan lomba antar prodi kurang dukungan kampus, banyak yang tidak terlayani",RENDAH
KEMAHASISWAAN,"informasi program beasiswa tidak disebarkan merata, proses terhambat",TINGGI
JARINGAN_IT,"jaringan di gedung a lantai 2 bgt buruk, susah akses internet",RENDAH
LAINNYA,"transportasi gaada jalur sepeda, sering terlelet",SEDANG
LAINNYA,"lingkungan sekitar gedung c kurang terawat, tidak mendukung kreativitas mhs",RENDAH
FASILITAS,"kursi di auditorium udah lama sudah tidak layak pakai, kapan diganti?",RENDAH
FASILITAS,"jendela aula gedung c gaada gordennya, silau bgt saat kls",RENDAH
LAINNYA,"area koridor antar gedung gaada fasilitas pendukung, kurang nyaman buat mhs",RENDAH
FASILITAS,"fasilitas gedung mipa sudah bgt ketinggalan, kami sudah bayar ukt tepat waktu",TINGGI
JARINGAN_IT,zoom kls online sering lag soalnya wifi gedung b lantai 2 kurang untuk semua mhs,RENDAH
FASILITAS,"lab komputer mipa kondisinya pengap, gabisa praktik dengan benar",RENDAH
FASILITAS,"jendela ruang kelas b2 gaada gordennya, hujan masuk ke kelas",RENDAH
FASILITAS,"kebersihan gedung a lantai 1 sampahnya menumpuk, baunya tidak enak",RENDAH
JARINGAN_IT,"wifi fakultas ekonomi lemot parah, terpaksa pakai kuota sendiri",SEDANG
FASILITAS,"colokan di ruangan 3.2 tidak berfungsi, padahal butuh buat ngecas",RENDAH
AKADEMIK,"nilai tidak sesuai ekspektasi tanpa penjelasan, stress bgt ngurusnya",RENDAH
FASILITAS,"ac fakultas hukum hanya pajangan, sebgian sudah di perbaiki sih cuma masih belum maksimal, kami sudha bayar ukt kewajiban kami sudah kami penuhi. fakultas sudh menerima hak dan tolong kewajibannya segera di penuhi (penyediaan fasilitas yang memadai buat seluruh mhs fh uho)",TINGGI
KEUANGAN,"pembayaran ukt prosedurnya rumit, mhs jadi bingung",TINGGI
JARINGAN_IT,koneksi di gedung rektorat sering putus padahal butuh buat akses spada,RENDAH
KEMAHASISWAAN,"sosialisasi hak dan kewajiban mhs bgt kurang, banyak yang ketinggalan",RENDAH
LAINNYA,sampah di koridor gedung menumpuk setiap akhir pekan,RENDAH
KEUANGAN,biaya parkir di area kampus seharusnya tidak dibebankan ke mhs,RENDAH
FASILITAS,"parkiran prodi informatika gada atapnya, kendaraan bisa lecet-lecet",SEDANG
LAINNYA,"kebersihan koridor gedung jarang dibersihkan, bisa jadi sumber penyakit",RENDAH
FASILITAS,"lab matematika kondisinya tidak terawat, gabisa praktik dengan benar",SEDANG
LAINNYA,"gaada atm di area kampus, padahal bgt dibutuhkan",RENDAH
JARINGAN_IT,server sistem informasi kampus sering down waktu masa krs,TINGGI
LAINNYA,"atm/ bank kampus sering kosong uangnya, merepotkan saat butuh dana mendadak",RENDAH
AKADEMIK,"sistem siakad ui-nya membingungkan, tugas jadi terlelet dikumpulkan",SEDANG
LAINNYA,"kantin pusat jamnya singkat, antrean panjang",SEDANG
FASILITAS,"plafon ruangan 1.2 sudah retak, khawatir celaka kalau tiba-tiba jatuh",RENDAH
JARINGAN_IT,"jangkauan wifi fakultas ekonomi tidak luas, terpaksa pakai kuota sendiri",TINGGI
FASILITAS,lahan parkir di gedung a lantai 3 berantakan jadi sering telat kls,RENDAH
KEMAHASISWAAN,"info kompetisi mhs cuma nyebar di grup tertentu, yang lain tidak tahu",RENDAH
KEMAHASISWAAN,"fasilitas ruang ukm terlalu kecil, proses administrasi terhambat",RENDAH
JARINGAN_IT,"bandwidth wifi kampus habis di jam sibuk, tidak cukup untuk semua mhs",RENDAH
KEMAHASISWAAN,"senioritas di fakultas sudah melewati batas, membuat mhs baru tertekan",RENDAH
FASILITAS,"pipa saluran ac di ruang kls lantai 2 bocor, colokan jadi bahaya kena air",RENDAH
AKADEMIK,"ruang kls tidak kondusif, susah konsen belajar",RENDAH
AKADEMIK,"website sistem krs sering eror, nilai terancam",TINGGI
JARINGAN_IT,"gaada wifi sama sekali di gedung b lantai 2, kls online terganggu",RENDAH
FASILITAS,"ac prodi akuntansi cuma pajangan, gak optimal padahal masa bayar ukt tapi fasilitas gini",TINGGI
FASILITAS,"prodi matematika panas bgt soalnya mati total, nilai bisa jelek soalnya tidak konsen",TINGGI
JARINGAN_IT,zoom kls online sering lag soalnya wifi lab komputer tidak memadai,RENDAH
JARINGAN_IT,zoom kls online sering lag soalnya wifi gedung b lantai 1 bgt terbatas,RENDAH
LAINNYA,gerbang gerbang 2 gaada satpam sehingga antrean panjang,SEDANG
LAINNYA,"transportasi akses transportasi umum susah, tidak ramah lingkungan",RENDAH
LAINNYA,"lapangan basket ancur, gabisa dimanfaatkan optimal",SEDANG
KEMAHASISWAAN,"sosialisasi hak dan kewajiban mhs tidak merata, banyak yang terlewat informasinya",RENDAH
JARINGAN_IT,portal akademik timeout terus soalnya sering down,TINGGI
LAINNYA,"lingkungan sekitar gedung c minim fasilitas publik, tidak mendukung kreativitas mhs",RENDAH
AKADEMIK,"krs gabisa diakses saat masa pengisian, banyak yang ketinggalan info",TINGGI
AKADEMIK,web akademik sering crash tiba-tiba waktu masa krs,TINGGI
KEMAHASISWAAN,"organisasi kegiatannya monoton, potensi mhs tersia-sia",RENDAH
KEMAHASISWAAN,"senioritas di organisasi kampus tidak ditangani dengan baik, membuat mhs baru tertekan",RENDAH
FASILITAS,"parkiran prodi matematika tidak teratur, sering ada yang ditabrak",SEDANG
FASILITAS,"tangga gedung rektorat beberapa anak tangganya ancur, sering ada yang jatuh",SEDANG
KEUANGAN,"prosedur pembayaran wisuda tidak jelas alurnya, mhs jadi bingung",TINGGI
KEMAHASISWAAN,"informasi kegiatan kemhsan tidak disebarkan merata, mhs jadi kesal",RENDAH
KEMAHASISWAAN,"layanan layanan administrasi mhs responnya lelet, pengurusan jadi bgt lama",SEDANG
JARINGAN_IT,wifi di gedung b lantai 1 kayak tidak dibayar apalagi siang hari,RENDAH
AKADEMIK,"informasi prosedur skripsi mendadak, proses akademik jadi terlelet",TINGGI
FASILITAS,"gaada ruang istirahat di gedung mipa, padahal bgt dibutuhkan",RENDAH
KEMAHASISWAAN,"pengurusan surat rekomendasi makan waktu berhari-hari, bgt tidak efisien",RENDAH
JARINGAN_IT,internet di perpus sering putus padahal butuh buat download materi,TINGGI
FASILITAS,"wc gedung b lantai 3 airnya tidak mengalir, mhs jadi susah kalau kebelet",RENDAH
FASILITAS,"gedung b lantai 3 panas bgt soalnya netes airnya, capek bgt dikelas",RENDAH
FASILITAS,lahan parkir di fakultas ekonomi tidak muat jadi sering telat kls,RENDAH
KEUANGAN,"pengumuman deadline pembayaran ukt tidak sampai ke semua mhs, mhs kaget",KRITIS
AKADEMIK,"sistem portal mhs ui-nya bgt tidak user-friendly, proses akademik terhambat",RENDAH
JARINGAN_IT,koneksi di perpus putus-putus saat masa uas,TINGGI
KEMAHASISWAAN,"pengurusan ktm butuh seminggu lebih, bgt lama",RENDAH
AKADEMIK,sistem krs sering gabisa diakses waktu masa krs,TINGGI
LAINNYA,"kebersihan area kampus jarang dibersihkan, tidak nyaman beraktivitas",RENDAH
FASILITAS,"gaada atm di prodi informatika, padahal bgt dibutuhkan",SEDANG
KEMAHASISWAAN,"pengurusan dokumen beasiswa makan waktu berminggu-minggu, bgt tidak efisien",TINGGI
LAINNYA,"pintu masuk utama gaada sistem akses, tidak aman",RENDAH
KEMAHASISWAAN,"staff hima julidnya keterlaluan, tidak sesuai standar pelayanan",RENDAH
FASILITAS,"plafon ruang seminar hampir roboh, khawatir mhs tidak nyaman",RENDAH
LAINNYA,"kebersihan sekitar parkiran kumuh, baunya tidak enak",RENDAH
JARINGAN_IT,upload tugas di spada gagal terus soalnya internet lab komputer gabisa konek,RENDAH
FASILITAS,"gaada lift/eskalator di gedung fisip, padahal bgt dibutuhkan",RENDAH
KEMAHASISWAAN,"fasilitas lapangan olahraga terlalu kecil, pengurusan jadi bgt lama",RENDAH
KEMAHASISWAAN,"organisasi tidak aktif, mhs jadi tidak berkembang",RENDAH
LAINNYA,"gerbang pintu masuk utama sering macet di satu pintu saja, sering terlelet kls",SEDANG
LAINNYA,"kebersihan area kantin kumuh, bisa jadi sumber penyakit",RENDAH
JARINGAN_IT,"jaringan di prodi matematika lemot parah, susah akses internet",SEDANG
FASILITAS,"ac gedung a lantai 3 cuma pajangan, gak optimal padahal masa bayar ukt tapi fasilitas gini",TINGGI
LAINNYA,"keamanan area parkir kurang terjaga, orang luar bebas masuk",RENDAH
KEUANGAN,"pembayaran biaya praktikum terjadi kesalahan administrasi, menghambat proses akademik",RENDAH
JARINGAN_IT,server spada lelet bgt waktu masa uas,KRITIS
FASILITAS,"tolong ac prodi informatika segera diperbaiki, gak optimal dan mhs tidak konsen belajar",SEDANG
KEMAHASISWAAN,"kegiatan ospek waktunya tidak pas, mhs jadi tidak antusias",RENDAH
LAINNYA,"kantin pusat jamnya singkat, terpaksa keluar kampus",RENDAH
FASILITAS,"remot ac fakultas hukum cuma 1 untuk 3 lantai, susah hidupinnya",RENDAH
FASILITAS,"banyak kursi di gedung a lantai 1 yang ancur, mhs jadi malas masuk kls",SEDANG
FASILITAS,"tolong ac fakultas teknik segera diperbaiki, netes airnya dan belajarnya tidak nyaman",RENDAH
FASILITAS,"fasilitas lab kimia tidak memadai, padahal kita sudah bayar ukt",TINGGI
LAINNYA,"kebersihan area kampus gaada tempat sampah, tidak nyaman untuk beraktivitas",RENDAH
LAINNYA,"area area belajar outdoor gaada fasilitas pendukung, kurang nyaman buat mhs",RENDAH
KEMAHASISWAAN,bem kurang aktif menyuarakan aspirasi mhs soal prosedur dokumen,RENDAH
FASILITAS,"lampu di lab komputer mipa sering turun saklarnya, ruangan jadi gelap",RENDAH
LAINNYA,"keamanan area kampus malam gaada satpam, sering kehilangan barang",RENDAH
JARINGAN_IT,"server sistem informasi kampus bapuk ga stabil pas masa uts, kls online terganggu",KRITIS
KEMAHASISWAAN,"pengurusan surat keterangan lulus butuh lebih dari 2 minggu, bgt lama",RENDAH
LAINNYA,"kantin area food court kampus tempatnya sempit dan panas, mhs susah makan siang",RENDAH
AKADEMIK,"spada gabisa diakses saat saat uas, nilai terancam",KRITIS
JARINGAN_IT,"jangkauan wifi gedung a lantai 1 tidak luas, susah download materi kls",TINGGI
FASILITAS,"min, parkiran gedung b lantai 1 tidak teratur tolong diatur lebih baik",RENDAH
KEUANGAN,"prosedur pembayaran ukt tidak jelas alurnya, mhs jadi bingung",TINGGI
LAINNYA,"keamanan area parkir cctv tidak berfungsi, tidak kondusif malam hari",RENDAH
LAINNYA,"kebersihan area kantin bgt kotor, tidak nyaman beraktivitas",SEDANG
LAINNYA,"lapangan futsal gaada penerangan malam, gabisa dimanfaatkan optimal",TINGGI
FASILITAS,"kamar mandi gedung a lantai 1 kotor parah, jadi malas kls apalagi kalau kebelet",SEDANG
AKADEMIK,siakad sering crash tiba-tiba waktu masa krs,TINGGI
FASILITAS,"wc gedung d airnya tidak mengalir, mhs jadi susah kalau kebelet",RENDAH
AKADEMIK,"sistem spada terlalu ribet, proses akademik terhambat",RENDAH
LAINNYA,web siaqad yang selalu setiap tahunnya eror bermasalah heran deh. dan ada juga beberapa kelas fasilitas ac-nya tidak memadai apa lagi di ruangan lebih banyak mhs panasnya melarat sekali bahkan mau belajar pun tidak fokus,TINGGI
AKADEMIK,"krs matkul yang tersedia tidak sesuai kurikulum, mhs dirugikan",TINGGI
JARINGAN_IT,"wifi gedung b lantai 3 bapuk ga stabil, terpaksa pakai kuota sendiri",RENDAH
AKADEMIK,"website portal mhs gabisa diakses, proses akademik terhambat",RENDAH
LAINNYA,"keamanan area parkir gaada satpam, mhs tidak merasa aman",RENDAH
LAINNYA,jalan di uho dekat auditorium baru jelek berlubang,RENDAH
KEMAHASISWAAN,"pengurusan surat keterangan aktif makan waktu lebih dari 2 minggu, bgt tidak efisien",RENDAH
AKADEMIK,"informasi jadwal seminar mendadak, banyak yang ketinggalan informasi",RENDAH
JARINGAN_IT,"jangkauan wifi gedung a lantai 3 hanya di spot tertentu, susah download materi kls",TINGGI
AKADEMIK,sistem krs sering gabisa diakses waktu saat jam sibuk,TINGGI
LAINNYA,"kebersihan koridor gedung jarang dibersihkan, baunya tidak enak",RENDAH
AKADEMIK,"dosen sering reschedule mendadak, proses akademik terhambat",RENDAH
KEMAHASISWAAN,"program mentoring akademik kuota yang terlalu sedikit, mhs kurang diuntungkan",RENDAH
AKADEMIK,"informasi prosedur skripsi mendadak bgt, mhs dirugikan",TINGGI
LAINNYA,"lapangan futsal tidak terawat, gaada wadah kegiatan olahraga mhs",TINGGI
KEMAHASISWAAN,"senioritas di himpunan membuat mhs baru tidak nyaman, membuat mhs baru tertekan",RENDAH
LAINNYA,"keamanan gedung saat weekend cctv tidak berfungsi, tidak kondusif malam hari",RENDAH
KEUANGAN,ada biaya tidak jelas untuk kegiatan tertentu yang tidak semestinya,RENDAH
KEMAHASISWAAN,"staff bagian kemhsan tidak responsif, mhs jadi tidak nyaman",RENDAH
LAINNYA,"area ruang tunggu gaada fasilitas pendukung, kurang nyaman buat mhs",RENDAH
LAINNYA,"jalan di dekat auditorium sempit bgt, berbahaya buat motor",RENDAH
FASILITAS,"colokan di ruang kls lantai 2 tidak berfungsi, padahal butuh buat ngecas",RENDAH
FASILITAS,"tolong ac fakultas ekonomi segera diperbaiki, panasnya parah dan belajarnya tidak nyaman",RENDAH
FASILITAS,"tolong ac gedung d segera diperbaiki, netes airnya dan ruangan jadi gerah bgt",RENDAH
FASILITAS,"pipa saluran ac di lab komputer mipa bocor, colokan jadi bahaya kena air",RENDAH
KEMAHASISWAAN,unit kemhsan tidak konsisten saat mhs butuh bantuan,RENDAH
AKADEMIK,sistem krs sering datanya hilang terutama masa krs,TINGGI
FASILITAS,"fasilitas fakultas teknik sudah bgt ketinggalan, kami sudah bayar ukt tepat waktu",TINGGI
JARINGAN_IT,"sinyal di gedung b lantai 1 gaada sama sekali, harus keluar ruangan dulu",RENDAH
KEUANGAN,"penggunaan dana kkn tidak transparan, mhs tidak tahu kemana uangnya",RENDAH
KEMAHASISWAAN,"senioritas di unit kemhsan masih bgt kental, membuat mhs baru tertekan",RENDAH
KEMAHASISWAAN,"kegiatan program mentoring kurang dukungan kampus, mhs jadi kesal",RENDAH
LAINNYA,"gerbang pintu masuk utama pintunya ancur, sering terlelet kls",SEDANG
AKADEMIK,"sistem sistem krs membingungkan, tugas jadi terlelet",TINGGI
JARINGAN_IT,"internet di prodi akuntansi sering putus, gabisa kumpul tugas online",RENDAH
LAINNYA,"keamanan area kampus malam hari sering ada kehilangan barang, sering ada kehilangan motor",KRITIS
KEMAHASISWAAN,"layanan sekretariat sering tutup, proses terhambat",RENDAH
JARINGAN_IT,"wifi fakultas ekonomi lemot parah, susah download materi kls",TINGGI
KEUANGAN,"informasi beasiswa susah diakses informasinya, mhs kurang mampu jadi dirugikan",TINGGI
JARINGAN_IT,"wifi gedung b lantai 1 sering disconnect, tidak produktif di kampus",TINGGI
LAINNYA,"lapangan futsal ancur, lapangan gabisa dimanfaatkan optimal",TINGGI
KEUANGAN,"informasi beasiswa mendadak diumumkan, hanya orang tertentu yang tahu",TINGGI
LAINNYA,tempat parkiran panas kendaraan bisa terjemur,RENDAH
AKADEMIK,"nilai gabisa diakses di portal, mhs jadi bingung",SEDANG
KEUANGAN,"prosedur pengembalian dana tidak transparan, prosesnya jadi bgt lama",RENDAH
KEUANGAN,"pengumuman deadline pembayaran ukt mendadak bgt, mhs yang urgent jadi kesusahan",TINGGI
JARINGAN_IT,"jaringan di fakultas ekonomi bapuk ga stabil, susah akses internet",RENDAH
KEMAHASISWAAN,"senioritas di himpunan masih melewati batas, mhs baru jadi tertekan",RENDAH
KEMAHASISWAAN,"staff layanan administrasi mhs tidak responsif, mhs jadi tidak nyaman",RENDAH
KEMAHASISWAAN,"staff bagian kemhsan melayani dengan malas-malasan, mhs jadi tidak nyaman",RENDAH
FASILITAS,"saklar di gedung b lantai 2 sering turun, jadi kls terganggu",RENDAH
KEMAHASISWAAN,"pengurusan surat rekomendasi butuh seminggu lebih, bgt lama",RENDAH
LAINNYA,"transportasi gaada shuttle bus kampus, biaya transportasi jadi membebani",RENDAH
KEMAHASISWAAN,"kegiatan program mentoring kurang dukungan kampus, proses administrasi terhambat",RENDAH
LAINNYA,"area ruang tunggu panas tidak teduh, tidak nyaman buat mhs",RENDAH
JARINGAN_IT,"server sistem informasi kampus bapuk ga stabil pas deadline tugas, kls online terganggu",KRITIS
FASILITAS,"plafon ruangan 2.3 sudah retak, khawatir celaka kalau tiba-tiba jatuh",RENDAH
JARINGAN_IT,"jangkauan wifi lab biologi terbatas bgt, gabisa akses spada",RENDAH
AKADEMIK,"gaada feedback nilai dari dosen, mhs jadi bingung",SEDANG
JARINGAN_IT,"wifi gedung a lantai 3 gabisa dipakai, tidak produktif di kampus",TINGGI
JARINGAN_IT,"sinyal di fakultas teknik hilang timbul, kls online jadi terganggu",RENDAH
FASILITAS,"wc prodi matematika gabisa dipakai, harus nahan lama bgt",SEDANG
KEMAHASISWAAN,"layanan bagian kemhsan pelayanannya kurang baik, proses administrasi terhambat",RENDAH
KEUANGAN,"prosedur pengajuan keringanan ukt tidak transparan, menghambat proses akademik",TINGGI
AKADEMIK,"materi kls sudah outdated, mhs susah belajar mandiri",RENDAH
FASILITAS,"parkiran gedung a lantai 2 gada atapnya, kendaraan bisa catnya jadi ancur",SEDANG
JARINGAN_IT,wifi kampus gabisa konek apalagi kalau acara kampus,RENDAH
KEMAHASISWAAN,"staff layanan administrasi mhs tidak responsif, pelayanan publik yang buruk",RENDAH
KEMAHASISWAAN,"informasi kompetisi mhs tidak disebarkan merata, proses terhambat",RENDAH
FASILITAS,"lampu di ruang kelas b2 tidak berfungsi, gabisa presentasi pakai proyektor",RENDAH
FASILITAS,"ruangan di gedung b hampir setiap kelas selalu ada kursi yang tidak punya meja atau mejanya ancur. kalau hanya duduk mungkin bisa, tapi untuk mencatat saat pembelajaran sedang berlangsung itu bgt menyulitkan.",SEDANG
JARINGAN_IT,"jaringan di gedung fh bgt buruk, susah akses internet",RENDAH
FASILITAS,"pintu wc gedung rektorat gabisa dikunci, bgt tidak nyaman",RENDAH
KEUANGAN,"pembayaran ukt terjadi kesalahan administrasi, prosesnya jadi bgt lama",TINGGI
KEUANGAN,"transparansi biaya-biaya resmi kampus kurang, mhs tidak tahu siapa yang berhak",RENDAH
AKADEMIK,"sistem portal mhs ui-nya susah dinavigasi, nilai terancam",TINGGI
KEMAHASISWAAN,"staff layanan administrasi mhs kurang ramah, malas mengurus keperluan ke sana",RENDAH
FASILITAS,"kursi di ruangan 3.1 kayunya sudah lapuk, susah nulis waktu kls",RENDAH
KEMAHASISWAAN,"program mentoring akademik tidak merata distribusinya, mhs kurang diuntungkan",RENDAH
JARINGAN_IT,"jaringan di fakultas teknik bgt buruk, susah akses internet",RENDAH
KEMAHASISWAAN,"layanan hima responnya lelet, proses administrasi terhambat",SEDANG
AKADEMIK,"jadwal kls bentrok dengan mata kls lain, proses akademik jadi terlelet",SEDANG
FASILITAS,"gedung a lantai 3 panas bgt soalnya mati total, susah konsen belajar",KRITIS
AKADEMIK,"ada dosen yang sering tidak masuk tanpa keterangan, itu tidak profesional",RENDAH
KEUANGAN,"dana penelitian mhs tidak cair tepat waktu, mhs dirugikan",RENDAH
AKADEMIK,"website portal mhs sering eror, tugas jadi terlelet dikumpulkan",TINGGI
LAINNYA,gerbang gerbang 3 gaada sistem akses sehingga antrean panjang,SEDANG
LAINNYA,"jalan di belakang rektorat bergelombang, banjir waktu hujan",RENDAH
JARINGAN_IT,"internet di lab kimia lemot parah, terpaksa pakai kuota sendiri",SEDANG
JARINGAN_IT,internet di gedung c bapuk ga stabil padahal butuh buat kls online,RENDAH
AKADEMIK,"sistem sistem krs ui-nya outdated, belajar jadi terganggu",TINGGI
LAINNYA,"lapangan bola dikenakan biaya masuk yang tidak semestinya, mhs gabisa olahraga gratis",RENDAH
AKADEMIK,"website siakad sering down, belajar jadi terganggu",TINGGI
AKADEMIK,web akademik sering gabisa diakses waktu pengumuman nilai,RENDAH
FASILITAS,"kebersihan fakultas ekonomi sampahnya menumpuk, baunya tidak enak",RENDAH
AKADEMIK,"spada gabisa diakses saat masa krs, belajar jadi terganggu",TINGGI
KEUANGAN,biaya wisuda terlalu mahal dan prosedurnya tidak transparan,TINGGI
LAINNYA,"lapangan futsal dikenakan biaya masuk yang tidak semestinya, gaada wadah kegiatan olahraga mhs",TINGGI
KEUANGAN,"ukt naik setiap tahun, tapi fasilitasnya jauh dari layak",TINGGI
KEUANGAN,"pengumuman deadline pembayaran ukt mendadak bgt, mhs kaget",KRITIS
JARINGAN_IT,spada lemot bgt saat saat banyak pengguna,SEDANG
JARINGAN_IT,wifi di gedung b lantai 3 sering disconnect apalagi siang hari,RENDAH
KEMAHASISWAAN,"pengurusan surat keterangan aktif makan waktu berhari-hari, bgt tidak efisien",RENDAH
JARINGAN_IT,wifi kampus kayak tidak dibayar apalagi kalau semua mhs pakai,RENDAH
AKADEMIK,"krs gabisa tambah matkul, proses akademik jadi terlelet",TINGGI
LAINNYA,"lingkungan sekitar gedung c gersang gaada pohon, tidak nyaman aktivitas luar",RENDAH
JARINGAN_IT,server sistem informasi kampus gabisa diakses waktu jam kls,RENDAH
AKADEMIK,"dosen tidak beri feedback nilai, belajar jadi terganggu",RENDAH
AKADEMIK,"jadwal kls sering berubah mendadak, mhs jadi bingung",SEDANG
FASILITAS,lahan parkir di fakultas hukum berantakan jadi sering telat kls,RENDAH
AKADEMIK,"informasi jadwal seminar mendadak, mhs jadi bingung",SEDANG
KEUANGAN,biaya seragam praktikum seharusnya tidak dibebankan ke mhs,RENDAH
FASILITAS,perlengkapan di laboratorium khusus nya di laboratorium botani banyak yang kurang berfungsi dengan baik,RENDAH
AKADEMIK,sistem krs sering eror parah terutama deadline tugas,KRITIS
KEMAHASISWAAN,"sosialisasi program beasiswa tidak merata, banyak yang ketinggalan",TINGGI
JARINGAN_IT,spada sering eror saat deadline pengumpulan tugas,KRITIS
KEUANGAN,"ukt naik setiap tahun, tapi wc-nya gabisa dipakai",TINGGI
JARINGAN_IT,server siakad sering down waktu masa krs,TINGGI
JARINGAN_IT,"jaringan di gedung fh bapuk ga stabil, susah akses internet",RENDAH
FASILITAS,"fasilitas gedung d sudah bgt ketinggalan, masa bayar ukt tapi fasilitas gini",TINGGI
LAINNYA,"area koridor antar gedung kotor dan tidak terawat, kurang nyaman buat mhs",SEDANG
JARINGAN_IT,"internet di gedung a lantai 2 bapuk ga stabil, tidak produktif di kampus",TINGGI
KEUANGAN,"prosedur pembayaran ukt tidak jelas alurnya, mhs yang urgent jadi kesusahan",TINGGI
KEUANGAN,"transparansi anggaran kegiatan mhs kurang, mhs tidak tahu bagaimana seleksinya",RENDAH
LAINNYA,"keamanan area kampus malam hari sering ada kehilangan barang, orang luar bebas masuk",RENDAH
AKADEMIK,kls online terganggu soalnya siakad gabisa diakses,RENDAH
KEUANGAN,"informasi beasiswa mendadak diumumkan, banyak mhs yang layak tidak dapat",TINGGI
JARINGAN_IT,koneksi di lab komputer lemot parah padahal butuh buat kumpul tugas,SEDANG
JARINGAN_IT,spada uho ngelag dan sistemnya terlalu ribet padahal hanya mengumpulkan tugas,RENDAH
KEMAHASISWAAN,"informasi prosedur pengajuan surat tidak disosialisasikan dengan baik, mhs banyak yang tidak tahu",RENDAH
KEUANGAN,"pembayaran biaya kkn terjadi kesalahan administrasi, mhs yang urgent jadi kesusahan",RENDAH
KEMAHASISWAAN,"staff unit kemhsan kurang ramah, malas mengurus keperluan ke sana",RENDAH
JARINGAN_IT,"jaringan di lab kimia gabisa diandalkan, susah akses internet",RENDAH
AKADEMIK,"materi kls tidak diberikan dosen, mhs susah belajar mandiri",RENDAH
AKADEMIK,"sistem krs gabisa diakses saat pengumuman nilai, mhs rugi bgt",TINGGI
AKADEMIK,"krs matkul yang tersedia tidak sesuai kurikulum, mhs jadi bingung",TINGGI
AKADEMIK,"bahan ajar sudah outdated, capek bgt dikelas",RENDAH
KEUANGAN,"prosedur administrasi keuangan memakan waktu lama, mhs yang urgent jadi kesusahan",RENDAH
LAINNYA,"pintu masuk utama pintunya ancur, antrean masuk panjang",SEDANG
FASILITAS,"kamar mandi lab biologi busuk, harus nahan lama bgt apalagi kalau kebelet",RENDAH
AKADEMIK,"jadwal kls bentrok dengan mata kls lain, mhs dirugikan",RENDAH
JARINGAN_IT,"server spada gabisa diakses pas masa uts, terpaksa pakai kuota sendiri",KRITIS
AKADEMIK,"dosen tidak tepat waktu, tugas jadi terlelet",SEDANG
FASILITAS,"lampu di ruangan 2.3 tidak berfungsi, gabisa presentasi pakai proyektor",RENDAH
LAINNYA,"area ruang tunggu kotor dan tidak terawat, kurang nyaman buat mhs",SEDANG
JARINGAN_IT,koneksi di gedung fh putus-putus saat masa uts,TINGGI
KEUANGAN,biaya penggunaan lapangan olahraga seharusnya tidak dibebankan ke mhs,RENDAH
KEMAHASISWAAN,"kegiatan kegiatan sosial kampus waktunya tidak pas, proses administrasi terhambat",RENDAH
JARINGAN_IT,koneksi di auditorium gabisa diandalkan padahal butuh buat akses spada,RENDAH
AKADEMIK,"informasi jadwal ujian mendadak, banyak yang ketinggalan informasi",TINGGI
LAINNYA,"jalan di area parkir utama licin waktu hujan, kendaraan jadi ancur",SEDANG
KEUANGAN,"dana kegiatan mhs tidak cair tepat waktu, mhs yang kena dampaknya",RENDAH
FASILITAS,"wc gedung b tidak terurus, kotor, dan keran wastafel tidak berfungsi. selain itu kursi perklsan juga banyak yang ancur dan gabisa digunakan.",SEDANG
KEUANGAN,"prosedur pembayaran wisuda banyak persyaratan yang tidak masuk akal, menghambat proses akademik",TINGGI
FASILITAS,"plafon ruang seminar jelek parah, khawatir mhs tidak nyaman",RENDAH
FASILITAS,plafon di ruangan 1.2 gedung d sudah retak sehingga saya kurang konsen belajar soalnya khawatir plafonnya roboh,RENDAH
AKADEMIK,"dosen jarang masuk, nilai terancam",TINGGI
AKADEMIK,"spada lemot parah, susah lihat nilai",SEDANG
KEMAHASISWAAN,"staff sekretariat melayani dengan malas, tidak enak kalau harus ke sana",RENDAH
LAINNYA,"kantin belakang gedung b tidak higienis, susah makan siang",RENDAH
KEMAHASISWAAN,"informasi prosedur pengajuan surat tidak disebarkan merata, banyak yang tidak terlayani",RENDAH
FASILITAS,ruangan ruang kls lantai 2 gelap soalnya sering turun saklarnya,RENDAH
KEMAHASISWAAN,"organisasi kampus kurang dukungan kampus, gaada wadah aspirasi mhs",RENDAH
JARINGAN_IT,spada gabisa diakses saat jam kls,RENDAH
AKADEMIK,"sistem spada membingungkan, nilai terancam",TINGGI
LAINNYA,"jalan di belakang rektorat sempit bgt, kendaraan jadi ancur",SEDANG
FASILITAS,"tangga gedung d beberapa anak tangganya ancur, bahaya kalau terpeleset",SEDANG
FASILITAS,"tangga gedung fisip gaada pegangan, bahaya kalau terpeleset",RENDAH
JARINGAN_IT,koneksi di gedung b lantai 2 bapuk ga stabil padahal butuh buat video conference dengan dosen,RENDAH
LAINNYA,"kantin pusat harganya mahal, terpaksa keluar kampus",RENDAH
JARINGAN_IT,upload tugas di spada gagal terus soalnya internet aula lemot parah,SEDANG
LAINNYA,"lapangan basket gaada penerangan malam, gabisa dimanfaatkan optimal",SEDANG
FASILITAS,"kebersihan lab biologi kotor bgt, tidak nyaman berada di sini",SEDANG
AKADEMIK,kls online terganggu soalnya web akademik sering eror,TINGGI
JARINGAN_IT,"sinyal di gedung b lantai 3 bgt lemah, harus keluar ruangan dulu",RENDAH
AKADEMIK,"informasi informasi kkn tidak diinformasikan dengan jelas, mhs jadi bingung",SEDANG
KEUANGAN,"biaya buku dosen dibebankan ke mhs, seharusnya tidak",RENDAH
JARINGAN_IT,server spada lelet bgt waktu jam kls,SEDANG
AKADEMIK,"informasi jadwal seminar mendadak, proses akademik jadi terlelet",SEDANG
KEMAHASISWAAN,"organisasi kurang dukungan dari kampus, gaada wadah aspirasi mhs",RENDAH
KEMAHASISWAAN,layanan kemhsan terkadang jarang beroperasi,RENDAH
LAINNYA,"atm/ bank kampus gaada di dalam kampus, tidak praktis",RENDAH
JARINGAN_IT,"gaada wifi sama sekali di lab komputer, terpaksa pakai kuota sendiri",RENDAH
JARINGAN_IT,"server spada overload pas jam kls, terpaksa pakai kuota sendiri",RENDAH
JARINGAN_IT,"jangkauan wifi gedung c hanya di spot tertentu, tidak produktif di kampus",TINGGI
FASILITAS,"plafon lab matematika bocor saat hujan, khawatir mhs tidak nyaman",SEDANG
AKADEMIK,"siakad gabisa diakses saat jam kls, proses akademik terhambat",RENDAH
LAINNYA,"gerbang 1 gaada sistem akses, tidak aman",RENDAH
FASILITAS,ac di ruang kelas sering tidak berfungsi sehingga ruangan menjadi bgt panas sehingga kita merasa nda nyaman mohon untuk segera di perbaiki.,RENDAH
AKADEMIK,"ruang kls tidak sesuai kapasitas mhs, capek bgt dikelas",RENDAH
JARINGAN_IT,"jangkauan wifi gedung b lantai 3 tidak luas, gabisa kumpul tugas online",TINGGI
LAINNYA,"keamanan gedung saat weekend cctv-nya tidak berfungsi, tidak kondusif untuk kegiatan malam",RENDAH
JARINGAN_IT,"hotspot kampus bapuk ga stabil, terpaksa habiskan kuota sendiri",RENDAH
JARINGAN_IT,upload tugas di spada gagal terus soalnya internet gedung fisip nge-lag,RENDAH
JARINGAN_IT,"internet di prodi matematika gabisa diandalkan, gabisa akses spada",SEDANG
LAINNYA,"gerbang 1 pintunya ancur, antrean masuk panjang",SEDANG
FASILITAS,lab matematika kursinya goyang terus dan papan tulisnya gabisa dibaca,SEDANG
KEMAHASISWAAN,"fasilitas ruang ukm tidak memadai, banyak yang tidak terlayani",RENDAH
LAINNYA,sampah di taman kampus menumpuk kalau gaada petugas,RENDAH
JARINGAN_IT,"gaada wifi sama sekali di perpus, susah download materi",TINGGI
KEUANGAN,"prosedur pengajuan keringanan ukt bgt rumit dan berbelit, menghambat proses akademik",TINGGI
KEUANGAN,"informasi beasiswa tidak disosialisasikan baik, hanya orang tertentu yang tahu",TINGGI
FASILITAS,"tolong ac fakultas ekonomi segera diperbaiki, nda menyala dan belajarnya tidak nyaman",RENDAH
JARINGAN_IT,"wifi ruang seminar sering disconnect, kls online terganggu",RENDAH
LAINNYA,sampah di koridor gedung menumpuk kalau gaada petugas,RENDAH
KEMAHASISWAAN,"staff hima kurang ramah, mhs jadi tidak nyaman",RENDAH
FASILITAS,"parkiran gedung b lantai 1 berantakan, kendaraan jadi susah keluar",RENDAH
KEUANGAN,"pengumuman pengumuman beasiswa mendadak bgt, mhs kaget",TINGGI
AKADEMIK,"spada sering down, susah akses forum diskusi",TINGGI
KEMAHASISWAAN,"layanan layanan administrasi mhs responnya lelet, proses administrasi terhambat",SEDANG
KEMAHASISWAAN,"fasilitas ruang rapat mhs terlalu kecil, proses administrasi terhambat",RENDAH
JARINGAN_IT,server siakad overload waktu deadline tugas,KRITIS
FASILITAS,"tolong ac lab komputer segera diperbaiki, mati total dan kita kepanasan parah",KRITIS
JARINGAN_IT,"jaringan di gedung mipa bgt buruk, susah akses internet",RENDAH
AKADEMIK,"informasi jadwal seminar mendadak, stress bgt ngurusnya",RENDAH
FASILITAS,"lab matematika kondisinya pengap, mhs gabisa belajar maksimal",SEDANG
JARINGAN_IT,"jangkauan wifi gedung d tidak sampai ke semua ruangan, terpaksa pakai kuota sendiri",RENDAH
KEMAHASISWAAN,"pengurusan transkip nilai sementara butuh berhari-hari, bgt lama",RENDAH
AKADEMIK,lama merespon,RENDAH
KEMAHASISWAAN,"kegiatan lomba antar prodi waktunya tidak pas, mhs jadi tidak antusias",RENDAH
AKADEMIK,"dosen tidak beri feedback nilai, proses akademik terhambat",RENDAH
KEUANGAN,"pembayaran biaya praktikum gabisa online, menghambat proses akademik",RENDAH
KEMAHASISWAAN,"pengurusan ktm butuh bgt lama, bgt lama",RENDAH
JARINGAN_IT,"jangkauan wifi gedung b lantai 3 hanya di spot tertentu, terpaksa pakai kuota sendiri",RENDAH
AKADEMIK,"informasi informasi kkn mendadak, mhs jadi bingung",SEDANG
FASILITAS,"tolong ac auditorium segera diperbaiki, berisik bgt dan badan rasanya mau pingsan",RENDAH
JARINGAN_IT,wifi kampus sering disconnect apalagi kalau banyak yang konek,RENDAH
JARINGAN_IT,"jangkauan wifi gedung fh hanya di spot tertentu, kls online terganggu",RENDAH
LAINNYA,"jalan di dekat auditorium bergelombang, banjir waktu hujan",RENDAH
JARINGAN_IT,spada down terus saat pagi hari,TINGGI
FASILITAS,"min, wc di perpus pusat kondisinya cuma pajangan, tolong segera diperbaiki",RENDAH
KEUANGAN,"ukt prosedur keringanan susah, tapi wifi-nya gabisa diandalkan",TINGGI
AKADEMIK,"informasi jadwal ujian tidak sampai ke semua mhs, mhs jadi bingung",TINGGI
FASILITAS,"lab komputer mipa kondisinya fasilitasnya tidak memadai, hasil praktikum tidak valid",RENDAH
AKADEMIK,"spada gabisa diakses saat saat uts, proses akademik terhambat",KRITIS
KEUANGAN,"transparansi distribusi beasiswa kurang, mhs tidak tahu kemana uangnya pergi",TINGGI
JARINGAN_IT,"spada lemot bgt tepat jam kls, panik bgt",SEDANG
LAINNYA,"lingkungan sekitar gedung b lantai 2 minim fasilitas publik, tidak nyaman aktivitas luar",RENDAH
FASILITAS,lab komputer mipa kursinya kayunya sudah lapuk dan lampunya remang,RENDAH
LAINNYA,"lapangan badminton ancur, lapangan gabisa dimanfaatkan optimal",SEDANG
JARINGAN_IT,"jangkauan wifi prodi informatika tidak luas, gabisa kumpul tugas online",TINGGI
JARINGAN_IT,wifi kampus gabisa dipakai apalagi kalau banyak yang konek,RENDAH
KEMAHASISWAAN,"pengurusan ktm harus bolak-balik, mhs jadi kesal",RENDAH
KEMAHASISWAAN,"layanan layanan administrasi mhs sering tutup, pengurusan jadi bgt lama",RENDAH
KEMAHASISWAAN,"pengurusan dokumen beasiswa butuh bgt lama, bgt lama",TINGGI
JARINGAN_IT,"jangkauan wifi fakultas ekonomi hanya di spot tertentu, susah download materi kls",TINGGI
KEMAHASISWAAN,"pengurusan surat keterangan aktif harus bolak-balik, banyak yang tidak terlayani",RENDAH
FASILITAS,"ac fakultas hukum cuma pajangan, nda menyala padahal ukt mahal tapi fasilitas tidak sesuai",TINGGI
AKADEMIK,"sistem sistem krs terlalu ribet, belajar jadi terganggu",TINGGI
AKADEMIK,"dosen tidak responsif di grup, belajar jadi terganggu",RENDAH
KEUANGAN,"pengumuman perubahan biaya tidak sampai ke semua mhs, mhs kaget",RENDAH
FASILITAS,lahan parkir di lab kimia gaada petugas jadi sering telat kls,RENDAH
AKADEMIK,"informasi jadwal seminar hanya dari mulut ke mulut, mhs dirugikan",RENDAH
FASILITAS,"fasilitas lab komputer sudah bgt ketinggalan, kami sudah bayar ukt tepat waktu",TINGGI
JARINGAN_IT,"jangkauan wifi fakultas teknik tidak luas, tidak produktif di kampus",TINGGI
KEUANGAN,"ukt prosedur keringanan susah, tapi wc-nya gabisa dipakai",TINGGI
KEUANGAN,"gaada info resmi tentang penggunaan dana ukt, mhs hanya dengar dari mulut ke mulut",TINGGI
AKADEMIK,"bahan ajar tidak diberikan oleh dosen, susah konsen belajar",RENDAH
JARINGAN_IT,"hotspot kampus gabisa konek, terpaksa habiskan kuota sendiri",RENDAH
JARINGAN_IT,"jangkauan wifi gedung mipa tidak sampai ke semua ruangan, kls online terganggu",RENDAH
AKADEMIK,"spada loadingnya lama bgt, susah lihat nilai",RENDAH
FASILITAS,"banyak kursi di prodi akuntansi yang mejanya patah, nilai bisa jelek soalnya tidak konsen",RENDAH
KEUANGAN,"pembayaran biaya praktikum terjadi kesalahan administrasi, mhs yang urgent jadi kesusahan",RENDAH
LAINNYA,"lingkungan sekitar gedung b lantai 2 gersang gaada pohon teduh, tidak nyaman buat aktivitas luar",RENDAH
FASILITAS,"lampu di lab komputer mipa kedap-kedip terus, ruangan jadi gelap",RENDAH
KEMAHASISWAAN,"kegiatan kegiatan sosial kampus kurang dukungan kampus, proses administrasi terhambat",RENDAH
KEMAHASISWAAN,"layanan unit kemhsan responnya lelet, pengurusan jadi lama",SEDANG
JARINGAN_IT,"internet di fakultas hukum lemot parah, terpaksa pakai kuota sendiri",SEDANG
FASILITAS,"pintu wc prodi akuntansi gabisa dikunci, bgt tidak nyaman",RENDAH
JARINGAN_IT,"jangkauan wifi lab biologi hanya di spot tertentu, tidak produktif di kampus",TINGGI
KEMAHASISWAAN,"pengurusan surat izin kegiatan butuh lebih dari 2 minggu, bgt lama",RENDAH
FASILITAS,"ac di gedung fh berisik bgt, jadi mhs tidak konsen belajar",RENDAH
KEMAHASISWAAN,"fasilitas sekretariat bem tidak layak, pengurusan jadi bgt lama",RENDAH
KEMAHASISWAAN,"pengurusan surat keterangan lulus butuh berhari-hari, bgt lama",RENDAH
KEMAHASISWAAN,"kegiatan kegiatan ukm kurang dukungan kampus, proses administrasi terhambat",RENDAH
LAINNYA,"lapangan voli tidak terawat, gabisa dimanfaatkan optimal",RENDAH
LAINNYA,"penerangan jalan di jalan masuk kampus gaada, berbahaya malam hari",SEDANG
JARINGAN_IT,"sinyal di gedung fisip hilang timbul, gabisa upload tugas",RENDAH
FASILITAS,"gaada ruang tunggu di gedung a lantai 2, padahal bgt dibutuhkan",RENDAH
JARINGAN_IT,"wifi gedung a lantai 3 bapuk ga stabil, susah download materi kls",TINGGI
LAINNYA,"lingkungan sekitar prodi matematika kurang terawat, tidak nyaman buat aktivitas luar",SEDANG
KEMAHASISWAAN,"program wirausaha mhs prosedur pendaftarannya ribet, mhs kurang diuntungkan",RENDAH
AKADEMIK,"website siakad ui-nya outdated bgt, nilai terancam",TINGGI
FASILITAS,"kursi di ruangan 3.2 sudah tidak layak pakai, susah nulis waktu kls",RENDAH
AKADEMIK,"website spada tidak user friendly, nilai terancam",TINGGI
JARINGAN_IT,"jaringan di lab biologi sering putus-putus, susah akses internet",RENDAH
AKADEMIK,"ruang kls proyektornya ancur, nilai bisa jelek soalnya tidak konsen",SEDANG
LAINNYA,"lingkungan sekitar fakultas hukum gersang gaada pohon teduh, tidak nyaman buat aktivitas luar",RENDAH
FASILITAS,"banyak kursi di gedung d yang mejanya patah, mhs jadi malas masuk kls",RENDAH
FASILITAS,"banyak kursi di gedung fisip yang sudah tidak layak pakai, gabisa fokus",RENDAH
FASILITAS,"banyak kursi di gedung b lantai 2 yang goyang terus, capek bgt dikelas",RENDAH
FASILITAS,"banyak kursi di fakultas hukum yang gaada mejanya, mhs jadi malas masuk kls",RENDAH
JARINGAN_IT,koneksi di gedung c sering putus padahal butuh buat akses jurnal,RENDAH
FASILITAS,"banyak kursi di lab kimia yang gaada mejanya, capek bgt dikelas",RENDAH
JARINGAN_IT,server portal akademik bapuk ga stabil waktu deadline tugas,KRITIS
KEUANGAN,"pengumuman perubahan biaya hanya dari mulut ke mulut, mhs kaget",RENDAH
LAINNYA,gerbang pintu masuk utama gaada satpam sehingga antrean panjang,SEDANG
FASILITAS,"tolong ac fakultas teknik segera diperbaiki, nda menyala dan mhs tidak konsen belajar",RENDAH
FASILITAS,"gaada ruang istirahat di lab kimia, padahal bgt dibutuhkan",RENDAH
KEUANGAN,"biaya parkir kampus dibebankan ke mhs, seharusnya tidak",RENDAH
FASILITAS,"pipa saluran ac di lab matematika bocor, kertas tugas basah semua",SEDANG
KEMAHASISWAAN,"program wirausaha mhs tidak merata distribusinya, mhs kurang diuntungkan",RENDAH
AKADEMIK,"jadwal prosedur skripsi hanya dari mulut ke mulut, banyak mhs yang tidak tahu",TINGGI
JARINGAN_IT,server sistem informasi kampus lelet bgt waktu masa uts,KRITIS
LAINNYA,"jalan di area parkir utama bergelombang, bisa bikin kecelakaan",KRITIS
LAINNYA,"kantin dekat gedung fisip jamnya terlalu singkat, antriannya panjang bgt",RENDAH
FASILITAS,"wc gedung a lantai 3 airnya tidak mengalir sudah seminggu lebih, jadi malas kls",RENDAH
AKADEMIK,"krs sering eror, stress bgt ngurusnya",TINGGI
FASILITAS,"pipa saluran ac di ruangan 1.1 bocor, colokan jadi bahaya kena air",RENDAH
KEMAHASISWAAN,"organisasi tidak aktif, potensi mhs tersia-sia",RENDAH
JARINGAN_IT,spada sering eror saat saat banyak pengguna,TINGGI
LAINNYA,"lapangan basket dikenakan biaya masuk yang tidak semestinya, lapangan gabisa dimanfaatkan optimal",RENDAH
KEUANGAN,"prosedur administrasi keuangan memakan waktu lama, mhs urgent kesusahan",RENDAH
LAINNYA,sampah di area kampus menumpuk kalau gaada petugas,RENDAH
FASILITAS,"lab botani kondisinya berantakan, mhs gabisa belajar maksimal",RENDAH
JARINGAN_IT,wifi kampus bapuk ga stabil apalagi kalau siang hari,RENDAH
FASILITAS,"lab komputer panas bgt soalnya cuma pajangan, belajarnya terganggu",RENDAH
AKADEMIK,"informasi syarat wisuda hanya dari mulut ke mulut, proses akademik jadi terlelet",TINGGI
KEMAHASISWAAN,"fasilitas lapangan olahraga fasilitasnya minim, mhs jadi kesal",RENDAH
FASILITAS,"ac auditorium cuma pajangan, cuma pajangan padahal ukt mahal tapi fasilitas tidak sesuai",TINGGI
FASILITAS,"parkiran prodi akuntansi banyak yang parkir sembarangan, susah keluar masuk",RENDAH
LAINNYA,"jalan di area antar gedung sempit, banjir waktu hujan",RENDAH
KEMAHASISWAAN,"layanan bagian kemhsan responnya lelet, banyak yang tidak terlayani",SEDANG
FASILITAS,lahan parkir di auditorium gaada petugas jadi sering telat kls,RENDAH
FASILITAS,"ac gedung a lantai 1 cuma pajangan, gak optimal padahal ukt mahal tapi fasilitas tidak sesuai",TINGGI
JARINGAN_IT,"area gedung prodi akuntansi gabisa menggunakan data seluler, harus terhubung oleh wifi yang ada baru bisa mrnggunakan. tetapi jangkauannya tidak luas, dan masih nge-lag",TINGGI
LAINNYA,sampah di taman kampus menumpuk beberapa hari,RENDAH
KEMAHASISWAAN,"sosialisasi kegiatan kemhsan gaada pengumuman resmi, banyak yang ketinggalan",RENDAH
FASILITAS,"ac di gedung fh panasnya parah, jadi keringat terus padahal lagi kls",RENDAH
JARINGAN_IT,"jaringan di gedung mipa lemot parah, susah akses internet",SEDANG
AKADEMIK,"sistem sistem krs terlalu ribet, tugas jadi terlelet",TINGGI
AKADEMIK,"sistem sistem krs ui-nya susah dinavigasi, belajar jadi terganggu",TINGGI
JARINGAN_IT,"gaada wifi sama sekali di perpus, gabisa akses spada",RENDAH
JARINGAN_IT,"wifi prodi akuntansi lemot parah, kls online terganggu",SEDANG
JARINGAN_IT,"sinyal di gedung b lantai 1 gaada sama sekali, gabisa akses internet sama sekali",RENDAH
KEUANGAN,"pengumuman pengumuman beasiswa hanya dari mulut ke mulut, mhs yang urgent jadi kesusahan",TINGGI
AKADEMIK,"informasi informasi kkn tidak sampai ke semua mhs, banyak yang ketinggalan informasi",RENDAH
LAINNYA,gerbang gerbang 2 jarang dibuka sehingga antrean panjang,SEDANG
FASILITAS,"lab kimia panas bgt soalnya nda menyala, belajarnya terganggu",RENDAH
LAINNYA,"kebersihan taman kampus jarang dibersihkan, baunya tidak enak",RENDAH
LAINNYA,"lapangan voli tidak terawat, mhs gabisa olahraga gratis",RENDAH
FASILITAS,"wc gedung b lantai 1 jorok bgt, terpaksa ke gedung lain yang jauh",RENDAH
AKADEMIK,"nilai gabisa diakses di portal, mhs dirugikan",RENDAH
KEMAHASISWAAN,"pengurusan surat keterangan mhs aktif butuh bgt lama, bgt lama",RENDAH
LAINNYA,"keamanan area parkir cctv tidak berfungsi, mhs tidak merasa aman",RENDAH
JARINGAN_IT,"wifi gedung fisip sering disconnect, terpaksa pakai kuota sendiri",RENDAH
LAINNYA,"jalan di area parkir utama bergelombang, banjir waktu hujan",RENDAH
JARINGAN_IT,"jaringan di gedung b lantai 2 gabisa diandalkan, susah akses internet",RENDAH
KEMAHASISWAAN,"staff unit kemhsan julidnya keterlaluan, mhs jadi tidak nyaman",RENDAH
JARINGAN_IT,server spada sering down waktu masa uas,KRITIS
FASILITAS,jendela ruang kls gabisa di tutup keras takut nya jika di paksakan bisa pecah,RENDAH
KEUANGAN,"pembayaran biaya kkn harus datang langsung berkali-kali, mhs jadi bingung",SEDANG
AKADEMIK,"krs matkul yang tersedia tidak sesuai kurikulum, proses akademik jadi terlelet",TINGGI
FASILITAS,"kamar mandi fakultas teknik cuma pajangan, jadi malas kls apalagi kalau kebelet",RENDAH
FASILITAS,"pipa saluran ac di ruang kls lantai 2 bocor, kertas tugas basah semua",RENDAH
KEMAHASISWAAN,"sosialisasi kegiatan kemhsan hanya melalui grup tertentu, banyak yang terlewat informasinya",RENDAH
FASILITAS,"jendela ruang kls lantai 2 engselnya ancur, silau bgt saat kls",SEDANG
JARINGAN_IT,internet di gedung fisip sering putus padahal butuh buat kls online,RENDAH
LAINNYA,"gerbang gerbang 2 pintunya ancur, antrean masuk kampus panjang",SEDANG
FASILITAS,"tolong ac gedung mipa segera diperbaiki, netes airnya dan gerah minta ampun",RENDAH
KEMAHASISWAAN,"layanan unit kemhsan sering tutup, mhs jadi kesal",RENDAH
LAINNYA,"keamanan lingkungan sekitar kampus gaada satpam, sering ada kehilangan motor",KRITIS
KEUANGAN,"prosedur pengajuan keringanan ukt banyak persyaratan yang tidak masuk akal, menghambat proses akademik",TINGGI
JARINGAN_IT,wifi prodi kalau rame kadang susah tersambung ke hp,RENDAH
AKADEMIK,"ruang kls tidak kondusif, capek bgt dikelas",RENDAH
KEMAHASISWAAN,"kegiatan program mentoring informasinya tidak merata, mhs jadi kesal",RENDAH
AKADEMIK,"spada gabisa diakses, susah akses materi kls",RENDAH
JARINGAN_IT,koneksi di auditorium sering putus padahal butuh buat akses jurnal,RENDAH
LAINNYA,"kebersihan sekitar parkiran sampah bertebaran, tidak nyaman beraktivitas",RENDAH
LAINNYA,"lapangan voli ancur, mhs gabisa olahraga gratis",SEDANG
KEMAHASISWAAN,"program magang kampus merdeka kuota yang terlalu sedikit, mhs kurang diuntungkan",RENDAH
AKADEMIK,"informasi prosedur skripsi tidak sampai ke semua mhs, mhs dirugikan",TINGGI
LAINNYA,"keamanan area parkir cctv tidak berfungsi, sering kehilangan barang",RENDAH
JARINGAN_IT,"min, jaringan nya kurang stabil kadang lancar kadang tidak",RENDAH
LAINNYA,"gerbang gerbang 1 gaada sistem akses, tidak efisien",RENDAH
LAINNYA,"jalan di jalan masuk kampus gaada lampu penerang malam hari, mhs tidak nyaman",RENDAH
JARINGAN_IT,"bandwidth wifi kampus bgt terbatas, susah download materi kls",TINGGI
KEMAHASISWAAN,"kegiatan seminar mhs kurang dukungan kampus, mhs jadi kesal",RENDAH
KEMAHASISWAAN,"kegiatan lomba antar prodi tidak terorganisir dengan baik, proses administrasi terhambat",TINGGI
JARINGAN_IT,wifi kampus nge-lag terus apalagi kalau siang hari,RENDAH
JARINGAN_IT,"wifi gedung a lantai 3 kayak tidak dibayar, terpaksa pakai kuota sendiri",RENDAH
AKADEMIK,"spada sering down waktu masa krs, susah kumpul tugas",TINGGI
JARINGAN_IT,"sinyal di fakultas ekonomi hilang timbul, gabisa akses internet sama sekali",RENDAH
AKADEMIK,"website siakad lemot bgt, belajar jadi terganggu",SEDANG
AKADEMIK,"ruang kls terlalu sempit, capek bgt dikelas",RENDAH
AKADEMIK,web spada suka eror saat ingin mengumpulkan tugas,TINGGI
FASILITAS,"saklar di prodi informatika sering turun, jadi kls terganggu",SEDANG
AKADEMIK,"bahan ajar sudah outdated, belajarnya terganggu",RENDAH
KEMAHASISWAAN,"program magang kampus merdeka sosialisasinya kurang, mhs banyak yang tidak tahu",RENDAH
AKADEMIK,"krs gabisa tambah matkul, mhs jadi bingung",TINGGI
AKADEMIK,"spada nge-lag terus, susah akses materi kls",RENDAH
KEUANGAN,"transparansi distribusi beasiswa kurang, mhs tidak tahu siapa yang berhak",TINGGI
JARINGAN_IT,"internet di gedung b lantai 3 lemot parah, gabisa kumpul tugas online",SEDANG
JARINGAN_IT,"wifi prodi informatika bapuk ga stabil, tidak produktif di kampus",TINGGI
AKADEMIK,"sistem sistem krs ui-nya membingungkan, mhs rugi bgt",TINGGI
KEUANGAN,"prosedur pembayaran ukt bgt rumit, prosesnya bgt lama",TINGGI
AKADEMIK,"nilai ada yang salah input, mhs dirugikan",RENDAH
KEUANGAN,ukt prosedur keringanan susah tapi wifi gabisa diandalkan,TINGGI
FASILITAS,"remot ac lab komputer cuma 2 buat semua lantai, susah hidupinnya",RENDAH
KEMAHASISWAAN,"program mentoring akademik sosialisasinya kurang, mhs banyak yang tidak tahu",RENDAH
FASILITAS,"min, parkiran fakultas hukum banyak yang parkir sembarangan tolong diatur lebih baik",RENDAH
KEUANGAN,ukt sudah mahal tapi wifi gabisa diandalkan,TINGGI
JARINGAN_IT,"wifi prodi matematika gabisa dipakai, gabisa kumpul tugas online",SEDANG
LAINNYA,"kantin belakang gedung b jamnya terlalu singkat, terpaksa keluar kampus",RENDAH
FASILITAS,"banyak kursi di gedung a lantai 3 yang banyak yang hilang, capek bgt dikelas",RENDAH
LAINNYA,"jalan di dekat auditorium gaada lampu penerang malam hari, banjir waktu hujan",RENDAH
FASILITAS,"lampu di lab matematika putus, gabisa presentasi pakai proyektor",SEDANG
JARINGAN_IT,server sistem informasi kampus bapuk ga stabil waktu masa krs,TINGGI
LAINNYA,"area sekitar perpus panas dan tidak teduh, kurang nyaman buat mhs",RENDAH
FASILITAS,"tolong ac gedung d segera diperbaiki, mati total dan keringat terus padahal lagi kls",KRITIS
FASILITAS,"kursi di ruangan 1.2 banyak yang hilang, susah nulis waktu kls",RENDAH
AKADEMIK,"ruang kls proyektornya ancur, capek bgt dikelas",SEDANG
KEMAHASISWAAN,hak mhs dalam prosedur dokumen kurang disosialisasikan,RENDAH
LAINNYA,"lingkungan sekitar prodi akuntansi kurang terawat, panas bgt siang hari",RENDAH
FASILITAS,"ac di ruang kls lantai 2 udah lama nda diperbaiki, mati total",KRITIS
AKADEMIK,"jadwal jadwal kls pengganti tidak diinformasikan jelas, banyak mhs yang tidak tahu",RENDAH
AKADEMIK,kls online terganggu soalnya sistem krs sering down,TINGGI
KEMAHASISWAAN,"layanan sekretariat jarang beroperasi, banyak yang tidak terlayani",RENDAH
FASILITAS,"kursi di gedung d udah lama kayunya sudah lapuk, kapan diganti?",RENDAH
AKADEMIK,"jadwal kls sering berubah mendadak, banyak yang ketinggalan informasi",RENDAH
FASILITAS,"gaada lift/eskalator di prodi akuntansi, padahal bgt dibutuhkan",RENDAH
FASILITAS,"banyak kursi di gedung a lantai 1 yang sudah tidak layak pakai, mhs jadi malas masuk kls",RENDAH
AKADEMIK,"dosen metode mengajarnya membosankan, tugas jadi terlelet dikumpulkan",SEDANG
FASILITAS,"parkiran prodi informatika gada atapnya, kendaraan bisa jok panas bgt",SEDANG
JARINGAN_IT,spada sering eror saat masa uts/uas,KRITIS
AKADEMIK,"website web akademik tidak user friendly, belajar jadi terganggu",RENDAH
LAINNYA,"lingkungan sekitar fakultas ekonomi kurang terawat, tidak nyaman buat aktivitas luar",RENDAH
KEMAHASISWAAN,informasi mengenai kkn tematik itu kurang,SEDANG
KEMAHASISWAAN,"layanan hima pelayanannya kurang baik, mhs jadi kesal",RENDAH
FASILITAS,"plafon ruang kls lantai 2 bocor saat hujan, khawatir bisa kena mhs",RENDAH
JARINGAN_IT,"internet di fakultas ekonomi sering putus, gabisa kumpul tugas online",RENDAH
FASILITAS,toilet di fakultas teknik gabisa dipakai dan pintunya ancur,SEDANG
LAINNYA,"kantin belakang gedung b jamnya singkat, susah makan siang",RENDAH
KEMAHASISWAAN,"fasilitas sekretariat bem terlalu kecil, banyak yang tidak terlayani",RENDAH
LAINNYA,"gerbang gerbang 2 pintunya ancur, sering terlelet kls",SEDANG
JARINGAN_IT,"jaringan di lab kimia bapuk ga stabil, susah akses internet",RENDAH
LAINNYA,"kebersihan koridor gedung kumuh, tidak nyaman untuk beraktivitas",RENDAH
AKADEMIK,"sistem web akademik ui-nya membingungkan, nilai terancam",TINGGI
AKADEMIK,"dosen jarang masuk, tugas jadi terlelet dikumpulkan",SEDANG
JARINGAN_IT,"jangkauan wifi lab biologi tidak luas, gabisa kumpul tugas online",TINGGI
AKADEMIK,"ruang kls tidak sesuai kapasitas mhs, susah konsen belajar",RENDAH
LAINNYA,"lapangan basket gaada penerangan malam hari, gaada wadah kegiatan olahraga mhs",SEDANG
JARINGAN_IT,server portal akademik lelet bgt waktu masa uts,KRITIS
AKADEMIK,"dosen metode mengajarnya membosankan, nilai terancam",TINGGI
JARINGAN_IT,koneksi di gedung a lantai 1 sering putus padahal butuh buat akses jurnal,RENDAH
JARINGAN_IT,"sinyal di gedung a lantai 3 gaada sama sekali, harus keluar ruangan dulu",RENDAH
KEMAHASISWAAN,"kegiatan seminar mhs tidak terorganisir dengan baik, proses administrasi terhambat",TINGGI
JARINGAN_IT,"server siakad sering down pas masa krs, susah download materi",TINGGI
KEMAHASISWAAN,"program wirausaha mhs kuota yang terlalu sedikit, mhs kurang diuntungkan",RENDAH
FASILITAS,"gaada ruang istirahat di gedung fisip, padahal bgt dibutuhkan",RENDAH
KEUANGAN,beasiswa informasinya tidak merata dan informasinya tidak sampai ke semua mhs,TINGGI
KEMAHASISWAAN,"kegiatan kegiatan sosial kampus tidak terorganisir dengan baik, banyak yang tidak terlayani",TINGGI
KEMAHASISWAAN,"fasilitas ruang rapat mhs terlalu kecil, banyak yang tidak terlayani",RENDAH
FASILITAS,"parkiran gedung a lantai 1 gada atapnya, kendaraan bisa catnya jadi ancur",SEDANG
KEMAHASISWAAN,"program magang kampus merdeka sosialisasinya kurang, mhs kurang diuntungkan",RENDAH
KEMAHASISWAAN,"pengurusan surat izin kegiatan makan waktu berminggu-minggu, bgt tidak efisien",RENDAH
FASILITAS,"parkiran perpus pusat berantakan, kendaraan jadi susah keluar",RENDAH
LAINNYA,"lingkungan sekitar prodi matematika kurang terawat, panas bgt siang hari",SEDANG
KEMAHASISWAAN,"senioritas di unit kemhsan masih membuat tidak nyaman, mhs baru jadi tertekan",RENDAH
JARINGAN_IT,wifi di ruang seminar lemot parah apalagi semua mhs pakai,SEDANG
LAINNYA,"kebersihan taman kampus kumuh, baunya tidak enak",RENDAH
JARINGAN_IT,wifinya gabisa di gunakan sepertinya belum di bayar,RENDAH
FASILITAS,"banyak kursi di fakultas ekonomi yang banyak yang hilang, capek bgt dikelas",RENDAH
KEUANGAN,"dana kkn tidak cair tepat waktu, mhs yang kena dampaknya",RENDAH
KEMAHASISWAAN,"fasilitas sekretariat bem tidak layak, mhs jadi kesal",RENDAH
FASILITAS,"wc lab biologi airnya tidak mengalir, bgt mengganggu aktivitas",RENDAH
FASILITAS,"banyak kursi di lab biologi yang rodanya hilang, nilai bisa jelek soalnya tidak konsen",RENDAH
JARINGAN_IT,wifi di lab komputer gabisa konek apalagi banyak yang konek,RENDAH
LAINNYA,"atm/ bank kampus hanya satu dan sering antre, merepotkan saat butuh dana mendadak",SEDANG
KEMAHASISWAAN,"kegiatan seminar mhs tidak terorganisir, mhs jadi tidak antusias",TINGGI
LAINNYA,"atm dalam kampus sering kosong uangnya, terpaksa keluar kampus",RENDAH
FASILITAS,"jendela lab matematika gaada gordennya, angin kencang masuk",SEDANG
LAINNYA,"area area belajar outdoor gaada tempat duduk, tidak nyaman buat mhs",RENDAH
JARINGAN_IT,"sinyal di lab kimia bgt lemah, kls online jadi terganggu",RENDAH
JARINGAN_IT,"jangkauan wifi gedung b lantai 1 terbatas bgt, terpaksa pakai kuota sendiri",RENDAH
AKADEMIK,"informasi prosedur skripsi mendadak, stress bgt ngurusnya",TINGGI
FASILITAS,"min, wc di lab kimia kondisinya airnya tidak mengalir, tolong segera diperbaiki",RENDAH
FASILITAS,"wc lab kimia airnya tidak mengalir dari kemarin, harus nahan lama bgt",RENDAH
FASILITAS,"gedung a lantai 3 panas bgt soalnya panasnya parah, capek bgt dikelas",RENDAH
KEMAHASISWAAN,"layanan bagian kemhsan pelayanannya kurang baik, mhs jadi kesal",RENDAH
JARINGAN_IT,"internet di gedung rektorat lemot parah, kls online terganggu",SEDANG
KEMAHASISWAAN,"layanan hima sering tutup, mhs jadi kesal",RENDAH
FASILITAS,"ac di lab komputer mipa udah lama nda diperbaiki, tidak berfungsi",RENDAH
FASILITAS,"tolong ac prodi informatika segera diperbaiki, cuma pajangan dan ruangan jadi gerah bgt",SEDANG
JARINGAN_IT,"wifi ruang seminar sering disconnect, gabisa akses spada",RENDAH
FASILITAS,"min, wc di gedung fh kondisinya kotor parah, tolong segera diperbaiki",SEDANG
JARINGAN_IT,"sinyal di lab komputer gaada sama sekali, gabisa upload tugas",RENDAH
KEUANGAN,"prosedur pengajuan keringanan ukt banyak persyaratan yang tidak masuk akal, mhs yang urgent jadi kesusahan",TINGGI
JARINGAN_IT,"server spada bapuk ga stabil pas masa uas, terpaksa pakai kuota sendiri",KRITIS
JARINGAN_IT,"jaringan di gedung c gabisa diandalkan, susah akses internet",RENDAH
JARINGAN_IT,"jaringan di prodi matematika gabisa diandalkan, susah akses internet",SEDANG
JARINGAN_IT,"sinyal di gedung fh gabisa untuk data seluler, kls online jadi terganggu",RENDAH
FASILITAS,"fasilitas perpus pusat tidak memadai, padahal kita sudah bayar ukt",TINGGI
LAINNYA,gerbang pintu masuk utama gaada sistem akses sehingga antrean panjang,SEDANG
KEMAHASISWAAN,bem kurang aktif menyuarakan aspirasi mhs soal kegiatan kemhsan,RENDAH
AKADEMIK,"website siakad ui-nya outdated bgt, belajar jadi terganggu",RENDAH
KEMAHASISWAAN,"layanan bem sering tutup, proses administrasi terhambat",RENDAH
KEUANGAN,"dana kegiatan mhs jumlahnya tidak sesuai, mhs yang kena dampaknya",RENDAH
LAINNYA,"lingkungan sekitar gedung rektorat gersang gaada pohon teduh, panas bgt siang hari",RENDAH
KEUANGAN,beasiswa informasinya tidak merata dan hanya yang punya koneksi yang dapat,TINGGI
FASILITAS,"ac di gedung b lantai 1 panasnya parah, jadi keringat terus padahal lagi kls",RENDAH
KEMAHASISWAAN,"informasi kompetisi mhs mendadak, mhs banyak yang tidak tahu",RENDAH
KEMAHASISWAAN,"fasilitas ruang rapat mhs tidak layak, banyak yang tidak terlayani",RENDAH
JARINGAN_IT,"wifi gedung b lantai 3 nge-lag terus, terpaksa pakai kuota sendiri",RENDAH
JARINGAN_IT,"bandwidth wifi kampus kurang untuk semua mhs, kls online terganggu",RENDAH
JARINGAN_IT,"internet di fakultas ekonomi bapuk ga stabil, gabisa akses spada",RENDAH
KEUANGAN,"transparansi biaya resmi kampus bgt minim, mhs tidak tahu bagaimana seleksinya",RENDAH
LAINNYA,"lingkungan sekitar gedung b lantai 3 minim fasilitas publik, panas bgt siang hari",RENDAH
LAINNYA,"transportasi gaada shuttle bus kampus, mhs kesulitan mobilitas",RENDAH
JARINGAN_IT,"sinyal di lab komputer bgt lemah, kls online jadi terganggu",RENDAH
KEMAHASISWAAN,"senioritas di unit kemhsan masih tidak ditangani baik, mhs baru jadi tertekan",RENDAH
LAINNYA,"area koridor antar gedung panas tidak teduh, tidak nyaman buat mhs",RENDAH
KEMAHASISWAAN,"senioritas di himpunan sudah melewati batas, membuat mhs baru tertekan",RENDAH
KEMAHASISWAAN,"informasi lowongan magang tidak disosialisasikan dengan baik, mhs banyak yang tidak tahu",RENDAH
FASILITAS,"banyak kursi di fakultas ekonomi yang gaada mejanya, capek bgt dikelas",RENDAH
JARINGAN_IT,"bandwidth wifi kampus kurang untuk semua mhs, susah download materi kls",TINGGI
FASILITAS,"kamar mandi gedung c jorok bgt, bgt mengganggu aktivitas apalagi kalau kebelet",RENDAH
AKADEMIK,"nilai ada yang salah input, stress bgt ngurusnya",RENDAH
LAINNYA,"jalan di area antar gedung bergelombang, kendaraan jadi ancur",SEDANG
AKADEMIK,"website spada ui outdated bgt tidak user friendly, susah menavigasi dan membingungkan untuk memasuki kelas",SEDANG
JARINGAN_IT,koneksi di gedung rektorat gabisa diandalkan padahal butuh buat akses spada,RENDAH
FASILITAS,"banyak kursi di gedung c yang banyak yang hilang, susah konsen belajar",RENDAH
KEUANGAN,"informasi beasiswa susah diakses informasinya, prosesnya tidak adil",TINGGI
FASILITAS,"ac di ruang kls lantai 2 udah lama nda diperbaiki, cuma pajangan",RENDAH
JARINGAN_IT,"wifi lab biologi kayak tidak dibayar, tidak produktif di kampus",TINGGI
AKADEMIK,"jadwal kls gaada pemberitahuan resmi, stress bgt ngurusnya",RENDAH
FASILITAS,"lab komputer mipa jarang dibersihkan, fasilitasnya tidak memadai",RENDAH
LAINNYA,"lapangan voli ancur, gaada wadah kegiatan olahraga mhs",SEDANG
AKADEMIK,"website siakad sering down, mhs rugi bgt",TINGGI
JARINGAN_IT,"wifi fakultas teknik lemot parah, susah download materi kls",TINGGI
KEMAHASISWAAN,"kegiatan kegiatan ukm informasinya tidak merata, proses administrasi terhambat",RENDAH
JARINGAN_IT,"bandwidth wifi kampus tidak memadai, kls online terganggu",RENDAH
KEMAHASISWAAN,"informasi prosedur pengajuan surat tidak disebarkan merata, proses terhambat",RENDAH
KEUANGAN,"pengumuman pengumuman beasiswa hanya dari mulut ke mulut, mhs jadi bingung",TINGGI
AKADEMIK,"informasi jadwal seminar hanya dari mulut ke mulut, stress bgt ngurusnya",RENDAH
JARINGAN_IT,server portal akademik sering down waktu masa uts,KRITIS
FASILITAS,"fasilitas di lab sudah beberapa yang harus diganti, kursi sudah hilang beberapa rodanya, ac sudah tidak dingin.",RENDAH
JARINGAN_IT,upload tugas di spada gagal terus soalnya internet gedung b lantai 3 lemot parah,SEDANG
KEMAHASISWAAN,"minimnya minat berorganisasi mhs di era modern ini, yang memicu kurangnya mengalisis masalah internal maupun eksternal kampus, sehingga menimbulkan kejanggalan dan masalah yang bermacam-macam sering terjadi di lingkungan eksternal maupun internal kampus.",TINGGI
JARINGAN_IT,internet di gedung b lantai 3 bapuk ga stabil padahal butuh buat akses spada,RENDAH
AKADEMIK,"sistem web akademik ui-nya susah dinavigasi, tugas jadi terlelet dikumpulkan",SEDANG
KEMAHASISWAAN,"fasilitas sekretariat bem tidak terawat, pengurusan jadi bgt lama",RENDAH
KEMAHASISWAAN,"staff sekretariat julidnya parah, tidak enak kalau harus ke sana",RENDAH
JARINGAN_IT,server spada bapuk ga stabil waktu masa uts,KRITIS
LAINNYA,"kantin area food court pilihannya sedikit, susah makan siang",RENDAH
LAINNYA,"jalan di dekat auditorium ancur parah berlubang-lubang, bisa bikin kecelakaan",KRITIS
KEMAHASISWAAN,"staff unit kemhsan melayani dengan malas, tidak enak kalau harus ke sana",RENDAH
KEUANGAN,beasiswa distribusinya tidak merata dan informasinya tidak sampai ke semua mhs,TINGGI
JARINGAN_IT,"jangkauan wifi fakultas teknik tidak luas, gabisa akses spada",KRITIS
JARINGAN_IT,koneksi di lab biologi bapuk ga stabil padahal butuh buat download materi,TINGGI
KEMAHASISWAAN,"informasi kompetisi mhs tidak disebarkan merata, mhs jadi kesal",RENDAH
KEMAHASISWAAN,"layanan unit kemhsan responnya lelet, pengurusan jadi bgt lama",SEDANG
AKADEMIK,"spada lemot parah waktu deadline tugas, susah ikut kuis",KRITIS
LAINNYA,"kantin belakang gedung b pilihannya sedikit, antrean panjang",SEDANG
KEMAHASISWAAN,"kegiatan kegiatan ukm informasinya tidak merata, mhs jadi tidak antusias",RENDAH
LAINNYA,"kebersihan area kampus bgt kotor, baunya tidak enak",SEDANG
AKADEMIK,"website portal mhs gabisa diakses, tugas jadi terlelet dikumpulkan",SEDANG
KEUANGAN,"informasi beasiswa tidak transparan, prosesnya tidak adil",TINGGI
AKADEMIK,"nilai tidak sesuai ekspektasi tanpa penjelasan, proses akademik jadi terlelet",SEDANG
AKADEMIK,sistem krs sering timeout terutama jam kls,TINGGI
FASILITAS,"wc gedung b lantai 1 ancur total, terpaksa ke gedung lain yang jauh",TINGGI
JARINGAN_IT,koneksi di gedung a lantai 2 bapuk ga stabil padahal butuh buat download materi,TINGGI
FASILITAS,gaada horden jendela sehingga bisa menyilaukan mata saat proses kls berlangsung,RENDAH
JARINGAN_IT,server sistem informasi kampus bapuk ga stabil waktu masa uts,KRITIS
LAINNYA,sampah di koridor gedung menumpuk saat hari libur,RENDAH
KEMAHASISWAAN,"fasilitas ruang rapat mhs fasilitasnya minim, pengurusan jadi bgt lama",RENDAH
FASILITAS,"fasilitas perpus pusat tidak memadai, masa bayar ukt tapi fasilitas gini",TINGGI
JARINGAN_IT,"jangkauan wifi gedung fisip hanya di spot tertentu, gabisa kumpul tugas online",RENDAH
JARINGAN_IT,wifi kampus bapuk ga stabil apalagi kalau acara kampus,RENDAH
LAINNYA,"lingkungan sekitar fakultas ekonomi gersang gaada pohon teduh, gaada tempat untuk bersantai",RENDAH
JARINGAN_IT,"bandwidth wifi kampus bgt terbatas, kls online terganggu",RENDAH
FASILITAS,"fasilitas gedung c sudah bgt ketinggalan, kami sudah bayar ukt tepat waktu",TINGGI
AKADEMIK,"sistem web akademik terlalu ribet, mhs rugi bgt",RENDAH
KEMAHASISWAAN,"fasilitas lapangan olahraga terlalu kecil, banyak yang tidak terlayani",RENDAH
KEMAHASISWAAN,"sosialisasi prosedur dokumen bgt kurang, banyak yang ketinggalan",RENDAH
FASILITAS,"gaada kantin di gedung b lantai 1, padahal bgt dibutuhkan",RENDAH
FASILITAS,"kursi dan ac di ruangan kurang bagus, apalagi kursinya masih kursi lama dan sudah tidak layak di gunakan, ac nya jga udah gak optimal apalagi kalau siang hari",RENDAH
AKADEMIK,"sistem portal mhs susah dinavigasi, nilai terancam",TINGGI
AKADEMIK,"bimbingan skripsi prosedurnya ribet, proses wisuda jadi molor",TINGGI
FASILITAS,"lampu di ruangan 3.1 tidak berfungsi, gabisa presentasi pakai proyektor",RENDAH
AKADEMIK,"sistem siakad ui-nya susah dinavigasi, nilai terancam",TINGGI
FASILITAS,"ac prodi akuntansi cuma pajangan, nda menyala padahal ukt mahal tapi fasilitas tidak sesuai",TINGGI
JARINGAN_IT,"sinyal di lab biologi hilang timbul, kls online jadi terganggu",RENDAH
JARINGAN_IT,"bandwidth wifi kampus kurang untuk semua mhs, tidak cukup untuk semua mhs",RENDAH
AKADEMIK,"dosen jarang masuk, proses akademik terhambat",RENDAH
FASILITAS,"plafon lab botani bocor saat hujan, khawatir celaka kalau tiba-tiba jatuh",RENDAH
FASILITAS,"parkiran fakultas ekonomi banyak yang parkir sembarangan, sering ada yang ditabrak",RENDAH
JARINGAN_IT,"jangkauan wifi gedung fh tidak sampai semua ruangan, harus geser-geser cari sinyal",RENDAH
KEMAHASISWAAN,"sosialisasi program beasiswa hanya melalui grup tertentu, banyak yang terlewat informasinya",TINGGI
FASILITAS,"tolong ac gedung d segera diperbaiki, netes airnya dan gerah minta ampun",RENDAH
LAINNYA,"kantin dekat gedung fisip tidak higienis, mhs susah makan siang",RENDAH
FASILITAS,"fasilitas gedung fisip tidak memadai, padahal kita sudah bayar ukt",TINGGI
KEUANGAN,"informasi beasiswa hanya untuk yang punya koneksi, mhs kurang mampu jadi dirugikan",TINGGI
LAINNYA,"lingkungan sekitar gedung fh bising dari luar kampus, panas bgt siang hari",RENDAH
LAINNYA,"gerbang gerbang 2 gaada sistem akses, tidak efisien",RENDAH
JARINGAN_IT,"wifi gedung mipa kayak tidak dibayar, kls online terganggu",RENDAH
JARINGAN_IT,"jaringan di prodi informatika bgt buruk, susah akses internet",SEDANG
AKADEMIK,"ruang kls terlalu sempit, susah konsen belajar",RENDAH
FASILITAS,"kebersihan fakultas teknik jarang dibersihkan, tidak nyaman berada di sini",RENDAH
KEMAHASISWAAN,"kegiatan seminar mhs kurang dukungan kampus, mhs jadi tidak antusias",RENDAH
KEMAHASISWAAN,"layanan unit kemhsan tidak konsisten jam operasionalnya, pengurusan jadi bgt lama",RENDAH
KEUANGAN,"prosedur pembayaran ukt tidak transparan, prosesnya bgt lama",TINGGI
FASILITAS,"colokan di lab komputer mipa longgar, padahal butuh buat ngecas",RENDAH
KEMAHASISWAAN,"informasi prosedur pengajuan surat tidak merata, mhs banyak yang tidak tahu",RENDAH
JARINGAN_IT,"jaringan di gedung b lantai 1 bgt buruk, susah akses internet",RENDAH
JARINGAN_IT,"wifi gedung b lantai 3 sering disconnect, susah download materi",TINGGI
AKADEMIK,"website web akademik lemot bgt, mhs rugi bgt",SEDANG
FASILITAS,lahan parkir di fakultas ekonomi banyak yang parkir sembarangan jadi sering telat kls,RENDAH
FASILITAS,"wc lab biologi airnya tidak mengalir dari kemarin, tidak nyaman sama sekali",RENDAH
FASILITAS,"jendela ruang kls lantai 2 engselnya ancur, panas masuk ruangan",SEDANG
JARINGAN_IT,"sinyal di prodi informatika gaada sama sekali, gabisa upload tugas",SEDANG
FASILITAS,"lab matematika kondisinya fasilitasnya tidak memadai, mhs gabisa belajar maksimal",SEDANG
FASILITAS,"ac gedung b lantai 3 cuma pajangan, sudah ancur padahal kami sudah bayar ukt tepat waktu",TINGGI
JARINGAN_IT,"wifi lab biologi gabisa dipakai, tidak produktif di kampus",TINGGI
KEMAHASISWAAN,"pengurusan transkip nilai sementara harus bolak-balik, mhs jadi kesal",RENDAH
FASILITAS,"gedung rektorat panas bgt soalnya cuma pajangan, gabisa fokus",RENDAH
JARINGAN_IT,internet di ruang seminar sering putus padahal butuh buat kumpul tugas,RENDAH
JARINGAN_IT,upload tugas di spada gagal terus soalnya internet aula bapuk ga stabil,RENDAH
KEUANGAN,"pembayaran biaya wisuda terjadi kesalahan administrasi, mhs jadi bingung",TINGGI
FASILITAS,"fasilitas gedung d sudah bgt ketinggalan, ukt mahal tapi fasilitas tidak sesuai",TINGGI
JARINGAN_IT,koneksi di gedung rektorat lemot parah padahal butuh buat download materi,TINGGI
KEUANGAN,"seleksi beasiswa tidak transparan, mhs kurang mampu dirugikan",TINGGI
FASILITAS,"plafon ruang kls lantai 2 jelek parah, khawatir mhs tidak nyaman",RENDAH
FASILITAS,"plafon ruangan 1.1 bocor saat hujan, khawatir mhs tidak nyaman",RENDAH
JARINGAN_IT,"bandwidth wifi kampus bgt terbatas, gabisa kumpul tugas online",RENDAH
KEUANGAN,"pembayaran biaya kkn gabisa online, mhs jadi bingung",SEDANG
LAINNYA,"gaada wifi outdoor di area kampus, padahal bgt dibutuhkan",RENDAH
FASILITAS,"min, parkiran gedung fh banyak yang parkir sembarangan tolong diatur lebih baik",RENDAH
FASILITAS,"banyak kursi di gedung b lantai 2 yang gaada mejanya, gabisa fokus",RENDAH
LAINNYA,"kantin area food court kampus jamnya terlalu singkat, mhs susah makan siang",RENDAH
AKADEMIK,"krs gabisa diakses saat masa pengisian, banyak yang ketinggalan informasi",TINGGI
FASILITAS,"banyak kursi di lab komputer yang sudah tidak layak pakai, capek bgt dikelas",RENDAH
LAINNYA,"gerbang 2 gaada sistem akses, sering terlelet kls",SEDANG
LAINNYA,"lapangan basket gaada penerangan malam hari, lapangan gabisa dimanfaatkan optimal",SEDANG
KEMAHASISWAAN,"layanan bem sering tutup, pengurusan jadi bgt lama",RENDAH
FASILITAS,"lab kimia kondisinya berantakan, mhs gabisa belajar maksimal",RENDAH
LAINNYA,"lapangan badminton bayar 10 ribu padahal mhs uho, mhs gabisa olahraga gratis",RENDAH
KEUANGAN,"informasi beasiswa susah diakses informasinya, banyak mhs yang layak tidak dapat",TINGGI
FASILITAS,"wc prodi informatika airnya tidak mengalir, mhs jadi susah kalau kebelet",SEDANG
KEUANGAN,"prosedur administrasi keuangan tidak jelas alurnya, prosesnya bgt lama",RENDAH
JARINGAN_IT,"wifi gedung fh gabisa dipakai, terpaksa pakai kuota sendiri",RENDAH
FASILITAS,"ac di ruang kls lantai 2 udah lama nda diperbaiki, gak optimal",RENDAH
KEMAHASISWAAN,"staff bem melayani dengan malas-malasan, malas mengurus keperluan ke sana",RENDAH
KEMAHASISWAAN,"pengurusan dokumen beasiswa makan waktu lebih dari 2 minggu, bgt tidak efisien",TINGGI
AKADEMIK,"jadwal kls sering berubah mendadak, mhs dirugikan",RENDAH
FASILITAS,"fasilitas gedung fh sudah bgt ketinggalan, kami sudah bayar ukt tepat waktu",TINGGI
KEMAHASISWAAN,"layanan bem tidak konsisten jam operasionalnya, pengurusan jadi bgt lama",RENDAH
LAINNYA,"kantin area food court tidak higienis, susah makan siang",RENDAH
JARINGAN_IT,wifi kampus gabisa dipakai apalagi kalau siang hari,RENDAH
FASILITAS,"ac di prodi akuntansi panasnya parah, jadi kita kepanasan parah",RENDAH
FASILITAS,"wc fakultas hukum airnya tidak mengalir sudah lama bgt, jadi malas kls",RENDAH
KEUANGAN,"prosedur pembayaran wisuda tidak transparan, mhs yang urgent jadi kesusahan",TINGGI
AKADEMIK,"ruang kls terlalu sempit, nilai bisa jelek soalnya tidak konsen",RENDAH
JARINGAN_IT,wifi kampus kayak tidak dibayar apalagi kalau jam kls,RENDAH
AKADEMIK,"informasi jadwal seminar mendadak bgt, stress bgt ngurusnya",RENDAH
LAINNYA,"kebersihan sekitar parkiran sampah bertebaran, bisa jadi sumber penyakit",RENDAH
LAINNYA,"jalan di area antar gedung gaada penerangan malam, kendaraan jadi ancur",SEDANG
LAINNYA,"kebersihan koridor gedung sampah bertebaran, bisa jadi sumber penyakit",RENDAH
AKADEMIK,"materi kls susah dicari, mhs susah belajar mandiri",RENDAH
KEMAHASISWAAN,"fasilitas lapangan olahraga tidak memadai, banyak yang tidak terlayani",RENDAH
KEUANGAN,"pembayaran biaya kkn terjadi kesalahan administrasi, prosesnya jadi bgt lama",RENDAH
AKADEMIK,"nilai di portal gaada penjelasan, stress ngurusnya",RENDAH
JARINGAN_IT,"wifi gedung mipa lemot parah, terpaksa pakai kuota sendiri",SEDANG
KEMAHASISWAAN,"sosialisasi prosedur dokumen tidak merata, banyak yang ketinggalan",RENDAH
FASILITAS,"gaada lift/eskalator di gedung b lantai 2, padahal bgt dibutuhkan",RENDAH
JARINGAN_IT,"server portal akademik overload pas deadline tugas, kls online terganggu",KRITIS
AKADEMIK,"website siakad lemot bgt, tugas jadi terlelet dikumpulkan",SEDANG
FASILITAS,"ac cuma 1 untuk 2 lantai lantai, mhs tidak konsen belajar",RENDAH
LAINNYA,"jalan di dekat auditorium gaada penerangan malam, kendaraan jadi ancur",SEDANG
FASILITAS,"kamar mandi fakultas ekonomi ancur total, tidak nyaman sama sekali apalagi kalau kebelet",TINGGI
FASILITAS,"ac cuma cuma 1 untuk seluruh gedung lantai, keringat terus padahal lagi kls",RENDAH
AKADEMIK,"krs sering eror, banyak yang ketinggalan info",TINGGI
LAINNYA,sampah di area kantin menumpuk kalau gaada petugas,RENDAH
FASILITAS,lahan parkir di fakultas teknik gaada petugas jadi sering telat kls,RENDAH
JARINGAN_IT,"sinyal di prodi akuntansi hilang timbul, kls online jadi terganggu",RENDAH
JARINGAN_IT,"jaringan di gedung d bgt buruk, susah akses internet",RENDAH
LAINNYA,"keamanan area kampus malam gaada satpam, mhs tidak merasa aman",RENDAH
JARINGAN_IT,upload tugas di spada gagal terus soalnya internet gedung fh lemot parah,SEDANG
JARINGAN_IT,"sinyal di fakultas hukum gabisa untuk data seluler, gabisa upload tugas",RENDAH
JARINGAN_IT,zoom kls online sering lag soalnya wifi gedung c kurang untuk semua mhs,RENDAH
KEUANGAN,"informasi beasiswa hanya untuk yang punya koneksi, prosesnya tidak adil",TINGGI
FASILITAS,"ac di ruang kls lantai 2 udah lama nda diperbaiki, tidak berfungsi",RENDAH
JARINGAN_IT,"jangkauan wifi gedung a lantai 1 tidak sampai ke semua ruangan, terpaksa pakai kuota sendiri",RENDAH
AKADEMIK,"informasi prosedur skripsi mendadak bgt, mhs jadi bingung",TINGGI
KEUANGAN,"informasi beasiswa informasinya tidak transparan, mhs kurang mampu jadi dirugikan",TINGGI
LAINNYA,"kebersihan taman kampus gaada tempat sampah, baunya tidak enak",RENDAH
LAINNYA,"kantin dekat gedung fisip tidak higienis, antrean panjang",SEDANG
FASILITAS,"parkiran gedung b lantai 1 sempit bgt, kendaraan jadi susah keluar",RENDAH
JARINGAN_IT,"bandwidth wifi kampus tidak memadai, gabisa kumpul tugas online",RENDAH
FASILITAS,"lampu di lab matematika kedap-kedip terus, gabisa presentasi pakai proyektor",SEDANG
FASILITAS,"banyak kursi di gedung a lantai 1 yang kayunya sudah lapuk, capek bgt dikelas",RENDAH
JARINGAN_IT,koneksi di fakultas ekonomi sering putus padahal butuh buat video conference dengan dosen,RENDAH
KEUANGAN,"dana kegiatan mhs jumlahnya tidak sesuai, mhs dirugikan",RENDAH
KEUANGAN,"pengumuman perubahan biaya tidak sampai ke semua mhs, mhs jadi bingung",SEDANG
FASILITAS,"wc lab komputer ancur total, mhs jadi susah kalau kebelet",TINGGI
FASILITAS,"kebersihan gedung b lantai 3 gaada petugas kebersihan, bisa jadi sumber penyakit",RENDAH
JARINGAN_IT,"internet di fakultas hukum gabisa diandalkan, gabisa akses spada",RENDAH
JARINGAN_IT,server spada bapuk ga stabil waktu masa uas,KRITIS
JARINGAN_IT,"jangkauan wifi perpus pusat hanya di spot tertentu, kls online terganggu",RENDAH
AKADEMIK,"website portal mhs lemot bgt, nilai terancam",TINGGI
LAINNYA,"keamanan area parkir rawan tindak kriminal, tidak kondusif untuk kegiatan malam",KRITIS
FASILITAS,"ac di gedung rektorat netes airnya, jadi ruangan jadi gerah bgt",RENDAH
FASILITAS,"wc fakultas hukum airnya tidak mengalir sudah lama bgt, terpaksa ke gedung lain yang jauh",RENDAH
JARINGAN_IT,wifi kampus nge-lag terus apalagi kalau banyak yang konek,RENDAH
KEMAHASISWAAN,"program bimbingan karir prosedur pendaftarannya ribet, mhs kurang diuntungkan",RENDAH
LAINNYA,"jalan di area parkir utama ancur parah berlubang, banjir waktu hujan",SEDANG
JARINGAN_IT,"sinyal di fakultas teknik gabisa untuk data seluler, kls online jadi terganggu",RENDAH
LAINNYA,"area area belajar outdoor gaada tempat duduk, kurang nyaman buat mhs",RENDAH
KEUANGAN,"pengumuman perubahan biaya tidak diinformasikan jelas, mhs kaget",RENDAH
FASILITAS,"parkiran gedung fisip sempit bgt, sering telat kls gara-gara nyari tempat parkir",RENDAH
AKADEMIK,"spada gabisa diakses saat deadline tugas, belajar jadi terganggu",KRITIS
KEMAHASISWAAN,"fasilitas sekretariat bem tidak memadai, banyak yang tidak terlayani",RENDAH
FASILITAS,"plafon ruangan 3.2 bocor saat hujan, khawatir bisa kena mhs",RENDAH
JARINGAN_IT,spada down terus saat jam kls,TINGGI
FASILITAS,"ac prodi matematika cuma pajangan, netes airnya padahal ukt mahal tapi fasilitas tidak sesuai",TINGGI
JARINGAN_IT,"jangkauan wifi gedung a lantai 3 tidak luas, gabisa kumpul tugas online",TINGGI
KEMAHASISWAAN,"pengurusan surat keterangan mhs aktif butuh berhari-hari, bgt lama",RENDAH
FASILITAS,"kebersihan gedung mipa gaada petugas kebersihan, baunya tidak enak",RENDAH
JARINGAN_IT,"wifi gedung b lantai 2 lemot parah, susah download materi kls",TINGGI
LAINNYA,"jalan di area antar gedung gaada lampu penerang malam hari, banjir waktu hujan",RENDAH
AKADEMIK,"jadwal kls sering berubah mendadak, proses akademik jadi terlelet",SEDANG
LAINNYA,"area area belajar outdoor gaada fasilitas, tidak nyaman buat mhs",RENDAH
LAINNYA,"lingkungan sekitar gedung b lantai 3 kurang terawat, tidak mendukung kreativitas mhs",RENDAH
KEMAHASISWAAN,hak mhs dalam program beasiswa kurang disosialisasikan,TINGGI
AKADEMIK,"website portal mhs sering down, mhs rugi bgt",TINGGI
FASILITAS,"kursinya kan sekaligus ada mejanya, tetapi kebanyakan hanya kursinya saja tanpa meja",RENDAH
KEMAHASISWAAN,"pengurusan ktm butuh berminggu-minggu, bgt lama",RENDAH
KEUANGAN,"pengumuman perubahan biaya hanya dari mulut ke mulut, mhs jadi bingung",SEDANG
LAINNYA,"lingkungan sekitar gedung mipa minim fasilitas publik, tidak mendukung kreativitas mhs",RENDAH
KEUANGAN,"ukt prosedur keringanan susah, tapi fasilitasnya jauh dari layak",TINGGI
FASILITAS,"parkiran prodi akuntansi gada atapnya, kendaraan bisa lecet-lecet",RENDAH
LAINNYA,"keamanan area kampus malam gaada satpam, tidak kondusif malam hari",RENDAH
LAINNYA,gerbang gerbang 3 gaada satpam sehingga antrean panjang,SEDANG
FASILITAS,"kebersihan gedung a lantai 2 kotor bgt, bisa jadi sumber penyakit",SEDANG
LAINNYA,"lingkungan sekitar gedung fh gersang gaada pohon, tidak nyaman aktivitas luar",RENDAH
KEMAHASISWAAN,"layanan unit kemhsan jarang beroperasi, proses administrasi terhambat",RENDAH
AKADEMIK,"sistem siakad bgt tidak user-friendly, nilai terancam",TINGGI
JARINGAN_IT,"wifi gedung b lantai 2 bapuk ga stabil, susah download materi kls",TINGGI
AKADEMIK,portal mhs sering datanya hilang waktu saat uts/uas,KRITIS
FASILITAS,"jendela aula gedung c gaada gordennya, hujan masuk ke kelas",RENDAH
JARINGAN_IT,"jangkauan wifi auditorium terbatas bgt, susah download materi kls",TINGGI
LAINNYA,"jalan di area antar gedung ancur parah berlubang-lubang, banjir waktu hujan",SEDANG
FASILITAS,"banyak kursi di gedung c yang gaada mejanya, susah konsen belajar",RENDAH
FASILITAS,"wc prodi matematika airnya tidak mengalir dari kemarin, tidak nyaman sama sekali",SEDANG
JARINGAN_IT,server sistem informasi kampus sering down waktu masa uas,KRITIS
LAINNYA,"keamanan area parkir gaada satpam, tidak kondusif untuk kegiatan malam",RENDAH
JARINGAN_IT,zoom kls online sering lag soalnya wifi gedung c tidak memadai,RENDAH
FASILITAS,"tolong ac fakultas ekonomi segera diperbaiki, tidak berfungsi dan gerah minta ampun",RENDAH
KEUANGAN,"transparansi distribusi beasiswa bgt minim, mhs tidak tahu bagaimana seleksinya",TINGGI
AKADEMIK,"web akademik gabisa diakses saat saat uts, tugas jadi terlelet",KRITIS
JARINGAN_IT,"wifi fakultas hukum lemot parah, gabisa kumpul tugas online",SEDANG
FASILITAS,"gedung fh panas bgt soalnya gak optimal, belajarnya terganggu",RENDAH
LAINNYA,"gerbang 1 jarang dibuka, antrean masuk panjang",SEDANG
AKADEMIK,"ruang kls terlalu sempit, mhs jadi malas masuk kls",RENDAH
JARINGAN_IT,"wifi gedung b lantai 1 sering disconnect, terpaksa pakai kuota sendiri",RENDAH
FASILITAS,"musola di gedung b lantai 2 fasilitasnya minim, tolong diperhatikan",RENDAH
KEUANGAN,"pengumuman syarat keringanan ukt tidak diinformasikan dengan jelas, mhs yang urgent jadi kesusahan",TINGGI
FASILITAS,"ac di gedung b lantai 3 kelas 3.2 bocor parah jadinya banjir terus gerah bgt, ga konsen belajarnya",RENDAH
KEUANGAN,"dana penelitian mhs jumlahnya tidak sesuai, mhs dirugikan",RENDAH
LAINNYA,"jalan di belakang rektorat bergelombang, bisa bikin kecelakaan",KRITIS
AKADEMIK,"ruang kls proyektornya ancur, susah konsen belajar",SEDANG
JARINGAN_IT,"internet di gedung mipa bapuk ga stabil, gabisa akses spada",RENDAH
JARINGAN_IT,"wifi gedung b lantai 2 gabisa konek, gabisa kumpul tugas online",RENDAH
FASILITAS,"parkiran gedung fh banyak yang parkir sembarangan, sering telat kls gara-gara nyari tempat parkir",RENDAH
AKADEMIK,"informasi jadwal kls pengganti hanya dari mulut ke mulut, proses akademik jadi terlelet",SEDANG
JARINGAN_IT,"wifi gedung d bapuk ga stabil, terpaksa pakai kuota sendiri",RENDAH
LAINNYA,"keamanan lingkungan sekitar kampus cctv tidak berfungsi, sering kehilangan barang",RENDAH
JARINGAN_IT,"internet di lab komputer gabisa diandalkan, gabisa kumpul tugas online",RENDAH
KEMAHASISWAAN,"program pertukaran mhs kuota yang terlalu sedikit, mhs kurang diuntungkan",RENDAH
LAINNYA,"lapangan basket gaada penerangan malam hari, mhs gabisa olahraga gratis",SEDANG
LAINNYA,"keamanan lingkungan sekitar kampus kurang terjaga, sering kehilangan barang",RENDAH
JARINGAN_IT,koneksi di gedung c sering putus padahal butuh buat video conference dengan dosen,RENDAH
JARINGAN_IT,"wifi gedung b lantai 2 sering disconnect, gabisa akses spada",RENDAH
KEMAHASISWAAN,"kegiatan kegiatan ukm tidak terorganisir dengan baik, mhs jadi kesal",TINGGI
LAINNYA,"jalan di area parkir utama ancur parah berlubang-lubang, mhs tidak nyaman",SEDANG
KEMAHASISWAAN,"staff bagian kemhsan tidak membantu, tidak enak kalau harus ke sana",RENDAH
JARINGAN_IT,portal akademik timeout terus soalnya overload,RENDAH
JARINGAN_IT,koneksi di prodi informatika sering putus padahal butuh buat download materi,TINGGI
JARINGAN_IT,"wifi gedung b lantai 1 lemot parah, kls online terganggu",SEDANG
KEUANGAN,"ukt tidak sebanding fasilitas, tapi wifi-nya gabisa diandalkan",TINGGI
LAINNYA,"jalan di jalan masuk kampus ancur parah berlubang-lubang, berbahaya buat motor",SEDANG
LAINNYA,"kebersihan area kantin bgt kotor, mencerminkan citra kampus yang buruk",SEDANG
KEUANGAN,beasiswa prosesnya tidak jelas dan informasinya tidak sampai ke semua mhs,TINGGI
AKADEMIK,"informasi jadwal ujian mendadak bgt, stress bgt ngurusnya",TINGGI
JARINGAN_IT,"bandwidth wifi kampus tidak memadai, susah download materi kls",TINGGI
JARINGAN_IT,"jangkauan wifi fakultas teknik hanya di spot tertentu, gabisa kumpul tugas online",RENDAH
FASILITAS,"gaada papan pengumuman digital di auditorium, padahal bgt dibutuhkan",RENDAH
KEUANGAN,"pembayaran ukt gabisa online, prosesnya jadi bgt lama",TINGGI
JARINGAN_IT,"internet di gedung fh lemot parah, susah download materi kls",TINGGI
FASILITAS,"fasilitas gedung mipa tidak memadai, masa bayar ukt tapi fasilitas gini",TINGGI
FASILITAS,"ac gedung mipa cuma pajangan, kurang dingin padahal masa bayar ukt tapi fasilitas gini",TINGGI
KEUANGAN,ukt prosedur keringanan susah tapi wc-nya gabisa dipakai,TINGGI
KEUANGAN,"informasi beasiswa tidak disosialisasikan dengan baik, mhs kurang mampu jadi dirugikan",TINGGI
AKADEMIK,"informasi jadwal ujian mendadak, mhs dirugikan",TINGGI
JARINGAN_IT,server portal akademik gabisa diakses waktu masa krs,TINGGI
JARINGAN_IT,"server spada gabisa diakses pas jam kls, gabisa kumpul tugas online",RENDAH
AKADEMIK,"website portal mhs tidak user friendly, mhs rugi bgt",RENDAH
JARINGAN_IT,"koneksi internet gedung b lantai 3 lemot parah, gabisa akses spada",SEDANG
KEMAHASISWAAN,"senioritas di unit kemhsan membuat mhs baru tidak nyaman, membuat mhs baru tertekan",RENDAH
KEMAHASISWAAN,"layanan layanan administrasi pelayanannya kurang, pengurusan jadi lama",RENDAH
AKADEMIK,"ruang kls terlalu panas, susah konsen belajar",RENDAH
KEMAHASISWAAN,"info program beasiswa cuma nyebar di grup tertentu, yang lain tidak tahu",TINGGI
FASILITAS,"wc auditorium gabisa dipakai, mhs jadi susah kalau kebelet",RENDAH
JARINGAN_IT,"server sistem informasi kampus overload pas masa uts, gabisa akses spada",KRITIS
AKADEMIK,"spada nge-lag waktu saat uts, susah kumpul tugas",KRITIS
AKADEMIK,"ruang kls terlalu panas, capek bgt dikelas",RENDAH
FASILITAS,"gaada kantin di prodi matematika, padahal bgt dibutuhkan",SEDANG
KEMAHASISWAAN,"organisasi kegiatannya monoton, mhs jadi tidak berkembang",RENDAH
AKADEMIK,"spada nge-lag terus, susah ikut kuis",RENDAH
FASILITAS,"gedung a lantai 1 panas bgt soalnya mati total, belajarnya terganggu",KRITIS
KEMAHASISWAAN,"program bimbingan karir sosialisasinya kurang, mhs kurang diuntungkan",RENDAH
KEMAHASISWAAN,"layanan sekretariat sering tutup, pengurusan jadi lama",RENDAH
FASILITAS,"parkiran gedung fisip gada atapnya, kendaraan bisa jok panas bgt",RENDAH
FASILITAS,"kamar mandi gedung mipa airnya tidak mengalir, harus nahan lama bgt apalagi kalau kebelet",RENDAH
KEUANGAN,"prosedur administrasi keuangan bgt rumit dan berbelit, menghambat proses akademik",RENDAH
FASILITAS,"wc gedung a lantai 3 airnya tidak mengalir sudah berhari-hari, harus nahan lama bgt",RENDAH
FASILITAS,"plafon lab komputer mipa jelek parah, khawatir bisa kena mhs",RENDAH
JARINGAN_IT,"koneksi internet aula lemot parah, gabisa akses spada",SEDANG
JARINGAN_IT,internet di ruang seminar lemot parah padahal butuh buat akses jurnal,SEDANG
JARINGAN_IT,"wifi prodi matematika sering disconnect, terpaksa pakai kuota sendiri",SEDANG
KEUANGAN,"dana kkn prosesnya berbelit-belit, mhs dirugikan",RENDAH
JARINGAN_IT,"bandwidth wifi kampus tidak memadai, terpaksa pakai kuota sendiri",RENDAH
FASILITAS,"jendela lab matematika engselnya ancur, silau bgt saat kls",SEDANG
KEUANGAN,"dana penelitian mhs jumlahnya tidak sesuai, mhs yang kena dampaknya",RENDAH
FASILITAS,"parkiran prodi informatika gaada petugas, sering ada yang ditabrak",SEDANG
AKADEMIK,"revisi skripsi acc-nya lama, mhs dirugikan",TINGGI
KEUANGAN,"pengumuman perubahan biaya mendadak bgt, menghambat proses akademik",RENDAH
JARINGAN_IT,internet di gedung b lantai 2 sering putus padahal butuh buat kls online,RENDAH
KEMAHASISWAAN,gaada mentor atau pembimbing untuk mhs baru di prodi,RENDAH
FASILITAS,"tolong ac gedung rektorat segera diperbaiki, mati total dan ruangan jadi gerah bgt",KRITIS
AKADEMIK,"krs gabisa tambah matkul, mhs dirugikan",TINGGI
JARINGAN_IT,"internet di gedung d lemot parah, susah download materi kls",TINGGI
AKADEMIK,"informasi syarat wisuda tidak diinformasikan jelas, proses jadi terlelet",TINGGI
AKADEMIK,"sistem spada ui-nya bgt tidak user-friendly, tugas jadi terlelet dikumpulkan",SEDANG
JARINGAN_IT,"jangkauan wifi gedung b lantai 2 terbatas bgt, harus geser-geser cari sinyal",RENDAH
FASILITAS,"colokan di ruang kls lantai 2 longgar, padahal butuh buat ngecas",RENDAH
FASILITAS,"banyak kursi di lab komputer yang banyak yang hilang, belajarnya terganggu",RENDAH
FASILITAS,"ac gedung a lantai 1 cuma pajangan, panasnya parah padahal kami sudah bayar ukt tepat waktu",TINGGI
FASILITAS,"plafon lab botani sudah retak, khawatir celaka kalau tiba-tiba jatuh",RENDAH
AKADEMIK,"spada nge-lag waktu masa krs, susah kumpul tugas",TINGGI
FASILITAS,"min, wc di lab biologi kondisinya jorok bgt, tolong segera diperbaiki",RENDAH
JARINGAN_IT,"sinyal di fakultas hukum hilang timbul, harus keluar ruangan dulu",RENDAH
LAINNYA,"kebersihan sekitar parkiran gaada tempat sampah, tidak nyaman untuk beraktivitas",RENDAH
FASILITAS,"min, wc di fakultas teknik kondisinya airnya mati, tolong segera diperbaiki",SEDANG
AKADEMIK,"sistem portal mhs ui-nya terlalu ribet, nilai terancam",TINGGI
JARINGAN_IT,"bandwidth wifi kampus sering habis di jam sibuk, terpaksa pakai kuota sendiri",RENDAH
AKADEMIK,"revisi skripsi responnya lama bgt, mhs jadi bingung",TINGGI
KEMAHASISWAAN,"fasilitas ruang ukm tidak layak, mhs jadi kesal",RENDAH
AKADEMIK,"informasi informasi kkn hanya dari mulut ke mulut, mhs jadi bingung",SEDANG
JARINGAN_IT,"jaringan di fakultas teknik gabisa diandalkan, susah akses internet",RENDAH
KEMAHASISWAAN,"layanan unit kemhsan pelayanannya kurang baik, banyak yang tidak terlayani",RENDAH
LAINNYA,"kebersihan area kampus bgt kotor, tidak nyaman beraktivitas",SEDANG
AKADEMIK,"informasi informasi kkn mendadak bgt, mhs dirugikan",RENDAH
AKADEMIK,"dosen sering reschedule mendadak, tugas jadi terlelet",SEDANG
KEUANGAN,"pembayaran biaya kkn harus datang langsung berkali-kali, mhs yang urgent jadi kesusahan",RENDAH
AKADEMIK,"dosen tidak responsif di grup, nilai terancam",TINGGI
FASILITAS,"banyak kursi di gedung fisip yang mejanya patah, mhs jadi malas masuk kls",RENDAH
JARINGAN_IT,"spada sering eror tepat deadline pengumpulan tugas, panik bgt",KRITIS
JARINGAN_IT,wifi di gedung fh kayak tidak dibayar apalagi semua mhs pakai,RENDAH
LAINNYA,"gerbang gerbang 2 sering macet di satu pintu saja, tidak aman soalnya siapa saja bisa masuk",SEDANG
FASILITAS,"tangga fakultas teknik gaada pegangan, sering ada yang jatuh",RENDAH
LAINNYA,"lingkungan sekitar fakultas teknik minim fasilitas publik, gaada tempat untuk bersantai",RENDAH
FASILITAS,"lab biologi panas bgt soalnya kurang dingin, capek bgt dikelas",RENDAH
JARINGAN_IT,"internet di gedung a lantai 3 lemot parah, tidak produktif di kampus",TINGGI
AKADEMIK,"sistem portal mhs ui-nya bgt tidak user-friendly, tugas jadi terlelet dikumpulkan",SEDANG
LAINNYA,"keamanan area kampus malam hari cctv-nya tidak berfungsi, tidak kondusif untuk kegiatan malam",RENDAH
FASILITAS,"fasilitas fakultas hukum jauh dari kata layak, ukt mahal tapi fasilitas tidak sesuai",TINGGI
LAINNYA,"jalan di dekat auditorium licin waktu hujan, bisa bikin kecelakaan",KRITIS
LAINNYA,"keamanan gedung saat weekend cctv tidak berfungsi, mhs tidak merasa aman",RENDAH
LAINNYA,"gerbang gerbang 3 gaada sistem akses, antrean masuk kampus panjang",SEDANG
JARINGAN_IT,"internet di gedung a lantai 3 gabisa diandalkan, gabisa kumpul tugas online",RENDAH
FASILITAS,"min, parkiran perpus pusat gaada petugas tolong diatur lebih baik",RENDAH
AKADEMIK,kls online terganggu soalnya portal mhs lemot bgt,SEDANG
JARINGAN_IT,"spada gabisa diakses tepat jam kls, panik bgt",RENDAH
FASILITAS,"fakultas hukum panas bgt soalnya panasnya parah, susah konsen belajar",RENDAH
LAINNYA,gerbang 3 buat masuk & keluar jarang di buka,RENDAH
JARINGAN_IT,spada sering eror saat jam kls,TINGGI
KEMAHASISWAAN,"informasi lowongan magang tidak disebarkan merata, mhs jadi kesal",RENDAH
JARINGAN_IT,"wifi fakultas ekonomi lemot parah, tidak produktif di kampus",TINGGI
JARINGAN_IT,"sinyal seluler di aula bgt lemah, harus keluar dulu baru bisa internetan",RENDAH
FASILITAS,"colokan di lab komputer mipa tidak berfungsi, padahal butuh buat ngecas",RENDAH
JARINGAN_IT,internet di lab komputer gabisa diandalkan padahal butuh buat akses jurnal,RENDAH
LAINNYA,"lingkungan sekitar ruang seminar gersang gaada pohon, tidak nyaman aktivitas luar",RENDAH
JARINGAN_IT,"jangkauan wifi gedung rektorat tidak sampai ke semua ruangan, susah download materi kls",TINGGI
AKADEMIK,"revisi skripsi responnya lama bgt, banyak yang ketinggalan informasi",TINGGI
LAINNYA,sampah di area kampus menumpuk saat hari libur,RENDAH
LAINNYA,"kantin dekat gedung fisip tidak higienis, gaada pilihan sehat",RENDAH
LAINNYA,gerbang gerbang 1 gaada satpam sehingga antrean panjang,SEDANG
AKADEMIK,"nilai di portal ada yang salah input, mhs jadi bingung",SEDANG
AKADEMIK,"informasi syarat wisuda tidak sampai ke semua mhs, stress ngurusnya",TINGGI
LAINNYA,"kebersihan koridor gedung kumuh, mencerminkan citra kampus yang buruk",RENDAH
LAINNYA,"kantin belakang gedung b tempatnya sempit, antrean panjang",SEDANG
FASILITAS,"parkiran gedung b lantai 1 gada atapnya, kendaraan bisa catnya jadi ancur",SEDANG
LAINNYA,"kantin belakang gedung b jamnya singkat, gaada pilihan sehat",RENDAH
FASILITAS,lahan parkir di lab komputer banyak yang parkir sembarangan jadi sering telat kls,RENDAH
FASILITAS,"parkiran gedung a lantai 2 gada atapnya, kendaraan bisa kepanasan",RENDAH
FASILITAS,"tolong ac lab komputer segera diperbaiki, mati total dan gerah minta ampun",KRITIS
KEMAHASISWAAN,"informasi kegiatan kemhsan hanya di grup tertentu, mhs banyak yang tidak tahu",RENDAH
AKADEMIK,"spada gabisa diakses saat saat uas, proses akademik terhambat",KRITIS
AKADEMIK,"jadwal prosedur skripsi tidak sampai ke semua mhs, banyak mhs yang tidak tahu",TINGGI
FASILITAS,"fasilitas gedung a lantai 1 jauh dari kata layak, padahal kita sudah bayar ukt",TINGGI
AKADEMIK,"informasi informasi kkn hanya dari mulut ke mulut, mhs dirugikan",RENDAH
FASILITAS,"fasilitas gedung fisip sudah bgt ketinggalan, padahal kita sudah bayar ukt",TINGGI
FASILITAS,"kebersihan gedung fisip jarang dibersihkan, tidak nyaman berada di sini",RENDAH
LAINNYA,gerbang gerbang 1 pintunya ancur sehingga antrean panjang,SEDANG
LAINNYA,"area taman kampus panas tidak teduh, tidak nyaman buat mhs",RENDAH
KEUANGAN,"prosedur pengajuan keringanan ukt tidak jelas alurnya, menghambat proses akademik",TINGGI
FASILITAS,"wc gedung b banyak tidak berfungsi dengan baik, seperti pintu ancur dan air yang tidak mengalir",SEDANG
FASILITAS,"ac gedung fh cuma pajangan, berisik bgt padahal masa bayar ukt tapi fasilitas gini",TINGGI
LAINNYA,"lapangan futsal tidak terawat, lapangan gabisa dimanfaatkan optimal",TINGGI
KEMAHASISWAAN,"informasi program beasiswa mendadak, mhs banyak yang tidak tahu",TINGGI
FASILITAS,"pintu wc perpus pusat gabisa dikunci, bgt tidak nyaman",RENDAH
JARINGAN_IT,"internet di prodi informatika lemot parah, terpaksa pakai kuota sendiri",SEDANG
LAINNYA,"kantin dekat gedung fisip pilihannya sedikit, gaada pilihan sehat",RENDAH
JARINGAN_IT,"wifi gedung a lantai 1 kayak tidak dibayar, gabisa kumpul tugas online",RENDAH
LAINNYA,"gerbang 3 jarang dibuka, antrean masuk panjang",SEDANG
FASILITAS,"parkiran perpus pusat gada atapnya, kendaraan bisa jok panas bgt",RENDAH
AKADEMIK,"sistem siakad bgt tidak user-friendly, proses akademik terhambat",RENDAH
FASILITAS,"lab bahasa kondisinya fasilitasnya tidak memadai, praktikum jadi terganggu",RENDAH
KEUANGAN,"informasi beasiswa mendadak diumumkan, mhs kurang mampu dirugikan",TINGGI
AKADEMIK,siakad sering crash tiba-tiba waktu pengumuman nilai,RENDAH
KEMAHASISWAAN,"staff unit kemhsan melayani dengan malas-malasan, malas mengurus keperluan ke sana",RENDAH
JARINGAN_IT,"jaringan di gedung b lantai 3 sering putus-putus, susah akses internet",RENDAH
KEMAHASISWAAN,"sosialisasi prosedur pengajuan dokumen hanya melalui grup tertentu, banyak yang terlewat informasinya",RENDAH
KEMAHASISWAAN,"fasilitas ruang rapat mhs tidak layak, pengurusan jadi bgt lama",RENDAH
JARINGAN_IT,server spada lelet bgt waktu pengumuman nilai,SEDANG
KEMAHASISWAAN,"layanan bagian kemhsan jarang beroperasi, mhs jadi kesal",RENDAH
FASILITAS,lahan parkir di fakultas teknik tidak muat jadi sering telat kls,RENDAH
JARINGAN_IT,server siakad bapuk ga stabil waktu masa uas,KRITIS
LAINNYA,"taman kampus tidak terawat, gaada tempat bersantai",RENDAH
KEUANGAN,"prosedur pengajuan keringanan ukt tidak transparan, mhs jadi bingung",TINGGI
FASILITAS,"min, parkiran auditorium gaada petugas tolong diatur lebih baik",RENDAH
KEMAHASISWAAN,"staff bem tidak membantu, tidak enak kalau harus ke sana",RENDAH
JARINGAN_IT,wifi di gedung b lantai 3 lemot parah apalagi siang hari,SEDANG
FASILITAS,"musola di gedung a lantai 2 tempat wudhunya ancur, tolong diperhatikan",SEDANG
KEUANGAN,"pengumuman deadline pembayaran ukt hanya dari mulut ke mulut, mhs yang urgent jadi kesusahan",TINGGI
JARINGAN_IT,"jangkauan wifi gedung b lantai 1 hanya di spot tertentu, tidak produktif di kampus",TINGGI
JARINGAN_IT,"jaringan di fakultas teknik bapuk ga stabil, susah akses internet",RENDAH
JARINGAN_IT,server siakad sering down waktu masa uts,KRITIS
AKADEMIK,web akademik sering gabisa diakses waktu masa krs,TINGGI
KEMAHASISWAAN,"organisasi kurang dukungan dari kampus, potensi mhs tersia-sia",RENDAH
FASILITAS,"fasilitas gedung a lantai 1 sudah bgt ketinggalan, padahal kita sudah bayar ukt",TINGGI
LAINNYA,"pintu masuk utama gaada satpam, tidak efisien",RENDAH
LAINNYA,"lingkungan sekitar prodi akuntansi minim fasilitas publik, tidak nyaman buat aktivitas luar",RENDAH
FASILITAS,"wc gedung mipa airnya tidak mengalir dari kemarin, jadi malas kls",RENDAH
KEMAHASISWAAN,"staff layanan administrasi mhs kurang ramah, mhs jadi tidak nyaman",RENDAH
FASILITAS,"ac cuma cuma 1 untuk 2 lantai lantai, keringat terus padahal lagi kls",RENDAH
FASILITAS,lahan parkir di gedung rektorat tidak muat jadi sering telat kls,RENDAH
JARINGAN_IT,"jangkauan wifi gedung fisip hanya di spot tertentu, kls online terganggu",RENDAH
LAINNYA,"kebersihan area kantin kumuh, mencerminkan citra kampus yang buruk",RENDAH
LAINNYA,"jalan di belakang rektorat gaada lampu penerang malam hari, kendaraan jadi ancur",SEDANG
KEMAHASISWAAN,"pengurusan surat rekomendasi harus bolak-balik, pengurusan jadi lama",RENDAH
FASILITAS,"parkiran fakultas ekonomi banyak yang parkir sembarangan, kendaraan jadi susah keluar",RENDAH
KEUANGAN,"informasi beasiswa tidak transparan, hanya orang tertentu yang tahu",TINGGI
FASILITAS,"fasilitas gedung b lantai 1 sudah bgt ketinggalan, kami sudah bayar ukt tepat waktu",TINGGI
FASILITAS,"kursi di prodi akuntansi udah lama rodanya hilang, kapan diganti?",RENDAH
LAINNYA,"lapangan bola tidak terawat, lapangan gabisa dimanfaatkan optimal",RENDAH
KEUANGAN,"prosedur pembayaran ukt memakan waktu lama, mhs urgent kesusahan",TINGGI
AKADEMIK,"informasi informasi kkn tidak diinformasikan dengan jelas, banyak yang ketinggalan informasi",RENDAH
FASILITAS,"gaada papan pengumuman digital di gedung a lantai 1, padahal bgt dibutuhkan",RENDAH
KEMAHASISWAAN,"layanan bagian kemhsan sering tutup, mhs jadi kesal",RENDAH
FASILITAS,"min, parkiran gedung a lantai 1 tidak muat tolong diatur lebih baik",RENDAH
LAINNYA,gerbang pintu masuk utama jarang dibuka sehingga antrean panjang,SEDANG
FASILITAS,"parkiran gedung b lantai 3 gada atapnya, kendaraan bisa jok panas bgt",RENDAH
KEMAHASISWAAN,"organisasi tidak aktif, gaada wadah aspirasi mhs",RENDAH
JARINGAN_IT,"sinyal di gedung c gaada sama sekali, harus keluar ruangan dulu",RENDAH
AKADEMIK,"dosen menjual buku wajib ke mhs, mhs dirugikan",RENDAH
FASILITAS,"kursi di perpus pusat udah lama mejanya patah, kapan diganti?",RENDAH
FASILITAS,"perpus pusat panas bgt soalnya cuma pajangan, mhs jadi malas masuk kls",RENDAH
JARINGAN_IT,server siakad bapuk ga stabil waktu jam kls,RENDAH
LAINNYA,"area ruang tunggu gaada tempat duduk, kurang nyaman buat mhs",RENDAH
JARINGAN_IT,"spada down terus tepat saat banyak pengguna, panik bgt",TINGGI
FASILITAS,"kamar mandi auditorium jorok bgt, jadi malas kls apalagi kalau kebelet",RENDAH
FASILITAS,"banyak kursi di gedung fh yang rodanya hilang, gabisa fokus",RENDAH
FASILITAS,"kebersihan prodi informatika sampahnya menumpuk, tidak nyaman berada di sini",SEDANG
AKADEMIK,"spada eror terus waktu jam kls, susah download bahan ajar",TINGGI
JARINGAN_IT,"internet di fakultas ekonomi lemot parah, tidak produktif di kampus",TINGGI
AKADEMIK,"nilai belum keluar padahal sudah lama, mhs dirugikan",RENDAH
KEUANGAN,"pembayaran biaya kkn harus datang langsung berkali-kali, menghambat proses akademik",RENDAH
JARINGAN_IT,koneksi di gedung a lantai 3 sering putus padahal butuh buat kls online,RENDAH
LAINNYA,"jalan di belakang rektorat gaada lampu penerang malam hari, bisa bikin kecelakaan",KRITIS
FASILITAS,lahan parkir di lab komputer sempit bgt jadi sering telat kls,RENDAH
AKADEMIK,"ruang kls tidak kondusif, gabisa fokus",RENDAH
JARINGAN_IT,upload tugas di spada gagal terus soalnya internet lab komputer nge-lag,RENDAH
FASILITAS,"wc prodi akuntansi airnya tidak mengalir dari kemarin, bgt mengganggu aktivitas",RENDAH
JARINGAN_IT,"jaringan di gedung rektorat gabisa diandalkan, susah akses internet",RENDAH
FASILITAS,"kursi di fakultas teknik udah lama rodanya hilang, kapan diganti?",RENDAH
AKADEMIK,"ruang kls proyektornya ancur, mhs jadi malas",SEDANG
FASILITAS,"parkiran gedung a lantai 3 gada atapnya, kendaraan bisa kepanasan",RENDAH
LAINNYA,"gerbang gerbang 1 gaada satpam, tidak efisien",RENDAH
FASILITAS,"ac fakultas hukum cuma pajangan, gak optimal padahal padahal kita sudah bayar ukt",TINGGI
FASILITAS,"parkiran gedung b lantai 1 banyak yang parkir sembarangan, sering telat kls gara-gara nyari tempat parkir",RENDAH
KEMAHASISWAAN,"staff hima tidak membantu sama sekali, tidak sesuai standar pelayanan",RENDAH
AKADEMIK,"revisi skripsi prosedurnya ribet, proses akademik jadi terlelet",TINGGI
KEMAHASISWAAN,"informasi prosedur pengajuan surat hanya di grup tertentu, mhs banyak yang tidak tahu",RENDAH
FASILITAS,"kebersihan gedung b lantai 2 jarang dibersihkan, tidak nyaman berada di sini",RENDAH
FASILITAS,"gedung d panas bgt soalnya tidak berfungsi, nilai bisa jelek soalnya tidak konsen",RENDAH
AKADEMIK,web akademik sering crash tiba-tiba waktu saat jam sibuk,RENDAH
LAINNYA,"gerbang pintu masuk utama jarang dibuka, sering terlelet kls",SEDANG
AKADEMIK,"website portal mhs ui-nya outdated bgt, belajar jadi terganggu",RENDAH
JARINGAN_IT,"wifi gedung b lantai 2 sering disconnect, susah download materi",TINGGI
FASILITAS,"min, wc di gedung a lantai 2 kondisinya cuma pajangan, tolong segera diperbaiki",RENDAH
FASILITAS,"min, parkiran prodi informatika sempit bgt tolong diatur lebih baik",SEDANG
FASILITAS,"colokan di lab komputer mipa berbahaya, padahal butuh buat ngecas",RENDAH
AKADEMIK,"jadwal kls bentrok dengan mata kls lain, banyak yang ketinggalan informasi",RENDAH
JARINGAN_IT,"wifi perpus pusat lemot parah, gabisa akses spada",SEDANG
FASILITAS,kursinya kadang gaada mejanya min,RENDAH
FASILITAS,ac nya kurang dingin di gedung b lantai 3 ,RENDAH
JARINGAN_IT,etdah ini spada lemot parahh sa mau cari matkul dan kmpul tugas susahnya minta ampun dah ,SEDANG
FASILITAS,gedung b toiletnya kayak cuma pajangan,RENDAH
FASILITAS,gedung alibas bgt panas,RENDAH
KEMAHASISWAAN,senioritas diprodi masih bgt kental alangkah lebih baik edukasi untuk senioritas diadakan soalnya senioritas di kampus membuat beberapa mhs bisa tertekan ,RENDAH
FASILITAS,"min semua gedung punya wc bahkan tiap lantai.....,tapi cuma 1 wc yg bisa dipakai.....cuma wc di gedung a lantai 1 itupun cuma satu bilik yang bagus, bahkan kunci pintunya ancur, airnya kadang ngga nyala, lampunya redup. wc yang lain cuma pajangan karna airnya tidak mengalir pokoknya ancur gabisa digunakan, tidak layak pakai.....kan capek tuh kalo ada matkul dilantai 3 gedung b tapi kalo kebelet harus jauh jauh ke gedung a lantai 1 padahal setiap lantai ada wc tapi tidak bergunaðŸ˜‘. kursi tiap kelas juga kadang kurang, ada yg ancur, ac nya dibeberapa ruangan kadang tidak berfungsi dengan baik, terkadang kalo mau pakai lcd harus matikan ac duluðŸ˜­ sekianðŸ™ðŸ™",SEDANG
FASILITAS,ac di lab.matematika gedung a lantai 3 nda menyala,SEDANG
FASILITAS,perlengkapan di laboratorium khusus nya di laboratorium botani banyak yang kurang berfungsi dengan baik ,RENDAH
FASILITAS,ac nya kurang dingin,RENDAH
FASILITAS,wc gedung b gabisa dipakai,RENDAH
FASILITAS,""" ac di ruang kelas sering tidak berfungsi sehingga ruangan menjadi bgt panas sehingga kita merasa nda nyaman mohon untuk segera di perbaiki.""",RENDAH
FASILITAS,ruangan yang sempit,RENDAH
FASILITAS,kecil ruangan,RENDAH
FASILITAS,plafon di ruangan 1.2 gedung d sudah retak sehingga saya kurang konsen belajar soalnya khawatir plafonnya roboh ,RENDAH
FASILITAS,ac dalam ruangannya tolong di nyalakan karna seringkali ac nya tda menyala jadinya kepanasan ,RENDAH
KEMAHASISWAAN,"1. minimnya minat berorganisasi mhs di era modern ini, yang memicu kurangnya mengalisis masalah internal maupun eksternal kampus(mendiamkan masalah), sehingga menimbulkan kejanggalan dan masalah yang bermacam-macam sering terjadi di lingkungan eksternal maupun internal kampus.",TINGGI
FASILITAS,parkiran motor yang masih kurang teratur dan banyak parkir sembarangan. alhasil terlelet kalau ada kelas karna waktunya habis untuk cari parkir dulu. ,SEDANG
LAINNYA,web siaqad yang selalu setiap tahunnya eror bermasalah heran deh dan ada juga beberapa kelas fasilitas ac-nya tidak memadai apa lahi di ruangan lebih banyak mhs  hufff panasnya melarat sekali bahkan mau belajar pun tidak fokus ,TINGGI
FASILITAS,"min, ac nya kurang dingin min",RENDAH
FASILITAS,"ruangan di gedung b hampir setiap kelas selalu ada kursi yang tidak punya meja atau mejanya ancur. kalau hanya duduk mungkin bisa, tapi untuk mencatat saat pembelajaran sedanh berlangsung itu bgt menyulitkan.",SEDANG
FASILITAS,ac gedung a lantai tiga ruangan  matematika tolong di perbaiki ,SEDANG
