category,text,urgency
JARINGAN_IT,"wifi gedung b lantai 2 lemot parah, susah download materi kls",TINGGI
AKADEMIK,"siakad gabisa diakses saat pengumuman nilai, nilai terancam",TINGGI
FASILITAS,"min, gedung bersama di fisip udah ada kipasnya, tpi ga bisa ngilangin kegerahan kalau siang hari, soalnya kipasnya cuma 1. wi-fi? ga ada, jadi kalau nunggu dosen bosan bgt, gatau mau ngapain",RENDAH
KEUANGAN,"biaya seragam praktikum dibebankan ke mhs, seharusnya tidak",RENDAH
FASILITAS,"kebersihan gedung a lantai 2 sampahnya menumpuk, baunya tidak enak",RENDAH
KEUANGAN,"prosedur pengajuan keringanan ukt bgt rumit dan berbelit, menghambat proses akademik",TINGGI
KEUANGAN,"gaada info resmi tentang penggunaan dana ukt, mhs hanya dengar dari mulut ke mulut",TINGGI
FASILITAS,"ac gedung a lantai 1 cuma pajangan, panasnya parah padahal kami sudah bayar ukt tepat waktu",TINGGI
JARINGAN_IT,"jaringan di gedung d bgt buruk, susah akses internet",RENDAH
AKADEMIK,"revisi skripsi bimbingannya tidak terjadwal, proses akademik jadi terlelet",TINGGI
KEMAHASISWAAN,"sosialisasi kegiatan kemhsan bgt kurang, banyak yang terlewat informasinya",RENDAH
AKADEMIK,"informasi informasi kkn mendadak, proses akademik jadi terlelet",SEDANG
AKADEMIK,"dosen menjual buku wajib ke mhs, mhs dirugikan",RENDAH
KEMAHASISWAAN,"layanan unit kemhsan jarang beroperasi, proses administrasi terhambat",RENDAH
KEUANGAN,"dana praktikum tidak cair tepat waktu, mhs dirugikan",RENDAH
FASILITAS,"gaada ruang istirahat di gedung mipa, padahal bgt dibutuhkan",RENDAH
JARINGAN_IT,"jaringan di prodi matematika bapuk ga stabil, susah akses internet",SEDANG
FASILITAS,lahan parkir di fakultas ekonomi tidak muat jadi sering telat kls,RENDAH
FASILITAS,"tolong ac lab komputer segera diperbaiki, mati total dan kita kepanasan parah",KRITIS
JARINGAN_IT,server spada bapuk ga stabil waktu pengumuman nilai,RENDAH
JARINGAN_IT,"wifi prodi matematika gabisa dipakai, gabisa kumpul tugas online",SEDANG
FASILITAS,"kursinya kan sekaligus ada mejanya, tetapi kebanyakan hanya kursinya saja tanpa meja",RENDAH
LAINNYA,"lapangan futsal dikenakan biaya masuk yang tidak semestinya, lapangan gabisa dimanfaatkan optimal",TINGGI
LAINNYA,"jalan di area parkir utama gaada lampu penerang malam hari, berbahaya buat motor",RENDAH
AKADEMIK,"revisi skripsi responnya lama bgt, mhs dirugikan",TINGGI
LAINNYA,"kebersihan area kampus jarang dibersihkan, tidak nyaman beraktivitas",RENDAH
FASILITAS,"pintu wc prodi akuntansi gabisa dikunci, bgt tidak nyaman",RENDAH
KEMAHASISWAAN,"staff unit kemhsan melayani dengan malas-malasan, malas mengurus keperluan ke sana",RENDAH
JARINGAN_IT,"wifi ruang seminar sering disconnect, gabisa akses spada",RENDAH
LAINNYA,"transportasi gaada shuttle bus kampus, mhs kesulitan mobilitas",RENDAH
AKADEMIK,"website sistem krs ui-nya outdated bgt, nilai terancam",TINGGI
AKADEMIK,"informasi prosedur skripsi mendadak, proses akademik jadi terlelet",TINGGI
LAINNYA,"lingkungan sekitar gedung fh bising dari luar kampus, tidak mendukung kreativitas mhs",RENDAH
AKADEMIK,"ruang kls tidak kondusif, mhs jadi malas",RENDAH
FASILITAS,"kursi dan ac di ruangan kurang bagus, apalagi kursinya masih kursi lama dan sudah tidak layak di gunakan, ac nya jga udah gak optimal apalagi kalau siang hari",RENDAH
FASILITAS,"parkiran auditorium gada atapnya, kendaraan bisa catnya jadi ancur",SEDANG
KEUANGAN,biaya buku dosen seharusnya tidak dibebankan ke mhs,RENDAH
FASILITAS,"tolong ac fakultas teknik segera diperbaiki, nda menyala dan mhs tidak konsen belajar",RENDAH
AKADEMIK,"dosen pilih kasih dalam penilaian, mhs dirugikan",RENDAH
AKADEMIK,"nilai belum keluar padahal sudah lama, mhs dirugikan",RENDAH
FASILITAS,"banyak kursi di gedung a lantai 1 yang kayunya sudah lapuk, capek bgt dikelas",RENDAH
LAINNYA,"keamanan gedung saat weekend gaada satpam, mhs tidak merasa aman",RENDAH
KEMAHASISWAAN,"fasilitas ruang ukm tidak layak, mhs jadi kesal",RENDAH
FASILITAS,"jendela aula gedung c gaada gordennya, hujan masuk ke kelas",RENDAH
JARINGAN_IT,"jangkauan wifi prodi informatika tidak luas, gabisa kumpul tugas online",TINGGI
FASILITAS,"wc gedung d airnya tidak mengalir, mhs jadi susah kalau kebelet",RENDAH
FASILITAS,"plafon ruangan 3.2 bocor saat hujan, khawatir bisa kena mhs",RENDAH
KEUANGAN,"prosedur pengajuan keringanan ukt bgt rumit dan berbelit, mhs yang urgent jadi kesusahan",KRITIS
KEUANGAN,"pembayaran biaya wisuda terjadi kesalahan administrasi, mhs jadi bingung",TINGGI
FASILITAS,"fasilitas lab komputer sudah bgt ketinggalan, kami sudah bayar ukt tepat waktu",TINGGI
KEMAHASISWAAN,"pengurusan dokumen beasiswa makan waktu lebih dari 2 minggu, bgt tidak efisien",TINGGI
FASILITAS,"kamar mandi gedung mipa airnya tidak mengalir, harus nahan lama bgt apalagi kalau kebelet",RENDAH
AKADEMIK,sistem krs sering eror parah terutama jam kls,TINGGI
JARINGAN_IT,"jaringan di gedung mipa bgt buruk, susah akses internet",RENDAH
KEMAHASISWAAN,"info lowongan magang cuma nyebar di grup tertentu, yang lain tidak tahu",RENDAH
JARINGAN_IT,wifi kampus kayak tidak dibayar apalagi kalau semua mhs pakai,RENDAH
FASILITAS,"kebersihan gedung fh jarang dibersihkan, tidak nyaman berada di sini",RENDAH
JARINGAN_IT,"sinyal di auditorium bgt lemah, gabisa akses internet sama sekali",RENDAH
FASILITAS,"fakultas ekonomi panas bgt soalnya panasnya parah, gabisa fokus",RENDAH
JARINGAN_IT,wifi kampus lemot parah apalagi kalau acara kampus,SEDANG
FASILITAS,"colokan di lab komputer mipa longgar, padahal butuh buat ngecas",RENDAH
LAINNYA,gerbang pintu masuk utama jarang dibuka sehingga antrean panjang,SEDANG
LAINNYA,"penerangan jalan di dekat auditorium gaada, berbahaya malam hari",SEDANG
LAINNYA,"keamanan area kampus malam kurang terjaga, tidak kondusif malam hari",RENDAH
LAINNYA,"lingkungan sekitar prodi akuntansi minim fasilitas publik, tidak nyaman buat aktivitas luar",RENDAH
AKADEMIK,"informasi jadwal seminar mendadak bgt, stress bgt ngurusnya",RENDAH
AKADEMIK,"krs matkul yang tersedia tidak sesuai kurikulum, mhs dirugikan",TINGGI
AKADEMIK,"informasi informasi kkn tidak diinformasikan dengan jelas, banyak yang ketinggalan informasi",RENDAH
KEMAHASISWAAN,"layanan unit kemhsan pelayanannya kurang baik, banyak yang tidak terlayani",RENDAH
AKADEMIK,"jadwal kls sering berubah mendadak, proses akademik jadi terlelet",SEDANG
JARINGAN_IT,"jangkauan wifi gedung b lantai 3 tidak luas, gabisa kumpul tugas online",TINGGI
KEMAHASISWAAN,unit kemhsan tidak konsisten saat mhs butuh bantuan,RENDAH
KEMAHASISWAAN,"info kompetisi mhs cuma nyebar di grup tertentu, yang lain tidak tahu",RENDAH
KEUANGAN,"ukt prosedur keringanan susah, tapi wc-nya gabisa dipakai",TINGGI
LAINNYA,"kebersihan area kampus bgt kotor, baunya tidak enak",SEDANG
JARINGAN_IT,"internet di gedung a lantai 3 gabisa diandalkan, gabisa kumpul tugas online",RENDAH
KEUANGAN,"transparansi distribusi beasiswa kurang, mhs tidak tahu apa saja biaya yang resmi",TINGGI
JARINGAN_IT,zoom kls online sering lag soalnya wifi gedung c kurang untuk semua mhs,RENDAH
KEMAHASISWAAN,"informasi kegiatan kemhsan tidak merata, mhs banyak yang tidak tahu",RENDAH
JARINGAN_IT,koneksi di gedung a lantai 2 bapuk ga stabil padahal butuh buat download materi,TINGGI
FASILITAS,"pintu wc fakultas hukum gabisa dikunci, bgt tidak nyaman",RENDAH
KEMAHASISWAAN,"informasi prosedur pengajuan surat tidak disebarkan merata, banyak yang tidak terlayani",RENDAH
KEMAHASISWAAN,"kegiatan lomba antar prodi kurang dukungan kampus, pengurusan jadi bgt lama",RENDAH
LAINNYA,"lingkungan sekitar perpus pusat kurang terawat, tidak mendukung kreativitas mhs",RENDAH
JARINGAN_IT,"wifi gedung fisip sering disconnect, terpaksa pakai kuota sendiri",RENDAH
KEMAHASISWAAN,"staff hima tidak membantu sama sekali, tidak sesuai standar pelayanan",RENDAH
FASILITAS,"parkiran prodi akuntansi banyak yang parkir sembarangan, susah keluar masuk",RENDAH
JARINGAN_IT,"server spada overload pas jam kls, terpaksa pakai kuota sendiri",RENDAH
FASILITAS,"ac prodi akuntansi cuma pajangan, nda menyala padahal ukt mahal tapi fasilitas tidak sesuai",TINGGI
FASILITAS,"kebersihan gedung mipa gaada petugas kebersihan, baunya tidak enak",RENDAH
KEMAHASISWAAN,"pengurusan transkip nilai sementara butuh berhari-hari, bgt lama",RENDAH
FASILITAS,"ac fakultas hukum cuma pajangan, gak optimal padahal padahal kita sudah bayar ukt",TINGGI
FASILITAS,"ac prodi akuntansi cuma pajangan, gak optimal padahal masa bayar ukt tapi fasilitas gini",TINGGI
AKADEMIK,"informasi syarat wisuda tidak sampai ke semua mhs, stress ngurusnya",TINGGI
KEUANGAN,"prosedur pengembalian dana tidak transparan, menghambat proses akademik",RENDAH
AKADEMIK,"nilai tidak sesuai ekspektasi tanpa penjelasan, stress bgt ngurusnya",RENDAH
AKADEMIK,"jadwal prosedur skripsi tidak sampai ke semua mhs, banyak mhs yang tidak tahu",TINGGI
LAINNYA,"lapangan badminton ancur, mhs gabisa olahraga gratis",SEDANG
JARINGAN_IT,"jangkauan wifi fakultas ekonomi tidak luas, terpaksa pakai kuota sendiri",TINGGI
LAINNYA,"transportasi parkiran tidak memadai, mhs kesulitan mobilitas",RENDAH
JARINGAN_IT,"jaringan di fakultas teknik bapuk ga stabil, susah akses internet",RENDAH
JARINGAN_IT,"internet di gedung fh lemot parah, susah download materi kls",TINGGI
AKADEMIK,"spada gabisa diakses saat saat uas, nilai terancam",KRITIS
JARINGAN_IT,"jangkauan wifi auditorium terbatas bgt, susah download materi kls",TINGGI
KEUANGAN,"dana penelitian mhs jumlahnya tidak sesuai, mhs yang kena dampaknya",RENDAH
FASILITAS,"remot ac fakultas hukum cuma 1 untuk 3 lantai, susah hidupinnya",RENDAH
KEMAHASISWAAN,"fasilitas ruang ukm tidak memadai, banyak yang tidak terlayani",RENDAH
KEMAHASISWAAN,bem kurang aktif menyuarakan aspirasi mhs soal program beasiswa,TINGGI
AKADEMIK,"sistem sistem krs membingungkan, tugas jadi terlelet",TINGGI
FASILITAS,"colokan di lab komputer mipa berbahaya, padahal butuh buat ngecas",RENDAH
JARINGAN_IT,portal akademik timeout terus soalnya sering down,TINGGI
KEUANGAN,"prosedur pembayaran ukt tidak jelas alurnya, mhs jadi bingung",TINGGI
KEUANGAN,"lapangan bola yang sudah di percantik dikenakan pembayaran 10 ribu per sekali masuk walaupun itu mhs uho, seharusnya gratis",RENDAH
FASILITAS,"fasilitas gedung a lantai 2 tidak memadai, kami sudah bayar ukt tepat waktu",TINGGI
LAINNYA,"lapangan futsal tidak terawat, mhs gabisa olahraga gratis",TINGGI
FASILITAS,"gaada ruang istirahat di gedung fisip, padahal bgt dibutuhkan",RENDAH
AKADEMIK,"nilai tidak sesuai ekspektasi tanpa penjelasan, mhs dirugikan",RENDAH
FASILITAS,"lab matematika kondisinya tidak terawat, gabisa praktik dengan benar",SEDANG
FASILITAS,"saklar di gedung b lantai 2 sering turun, jadi kls terganggu",RENDAH
KEMAHASISWAAN,"kegiatan kegiatan ukm tidak terorganisir, mhs jadi tidak antusias",TINGGI
KEMAHASISWAAN,"sosialisasi hak dan kewajiban mhs hanya melalui grup tertentu, banyak yang terlewat informasinya",RENDAH
LAINNYA,"jalan di area parkir utama bergelombang, banjir waktu hujan",RENDAH
KEMAHASISWAAN,"senioritas di fakultas masih bgt kental, membuat mhs baru tertekan",RENDAH
FASILITAS,"fakultas hukum panas bgt soalnya panasnya parah, susah konsen belajar",RENDAH
FASILITAS,"ac gedung a lantai 1 cuma pajangan, gak optimal padahal ukt mahal tapi fasilitas tidak sesuai",TINGGI
FASILITAS,"gaada ruang istirahat di gedung b lantai 3, padahal bgt dibutuhkan",RENDAH
JARINGAN_IT,"bandwidth wifi kampus tidak memadai, gabisa akses spada",RENDAH
LAINNYA,"gerbang pintu masuk utama pintunya ancur, sering terlelet kls",SEDANG
FASILITAS,"min, wc di auditorium kondisinya cuma pajangan, tolong segera diperbaiki",RENDAH
JARINGAN_IT,"wifi gedung b lantai 2 sering disconnect, kls online terganggu",RENDAH
KEUANGAN,"ukt prosedur keringanan susah, tapi wifi-nya gabisa diandalkan",TINGGI
FASILITAS,"wc gedung b lantai 1 ancur total, terpaksa ke gedung lain yang jauh",TINGGI
LAINNYA,"gerbang gerbang 1 gaada sistem akses, tidak aman soalnya siapa saja bisa masuk",RENDAH
KEMAHASISWAAN,"sosialisasi kegiatan kemhsan hanya di grup tertentu, banyak yang ketinggalan",RENDAH
JARINGAN_IT,"server spada gabisa diakses pas masa uts, terpaksa pakai kuota sendiri",KRITIS
JARINGAN_IT,koneksi di perpus putus-putus saat masa uas,TINGGI
AKADEMIK,"informasi jadwal seminar hanya dari mulut ke mulut, stress bgt ngurusnya",RENDAH
JARINGAN_IT,"server sistem informasi kampus bapuk ga stabil pas deadline tugas, kls online terganggu",KRITIS
AKADEMIK,"website siakad sering down, belajar jadi terganggu",TINGGI
KEMAHASISWAAN,"pengurusan ktm makan waktu berhari-hari, bgt tidak efisien",RENDAH
FASILITAS,"remot ac prodi akuntansi cuma 2 buat semua lantai, susah hidupinnya",RENDAH
AKADEMIK,"website spada tidak user friendly, nilai terancam",TINGGI
LAINNYA,"kantin pusat tempatnya sempit dan panas, antriannya panjang bgt",RENDAH
LAINNYA,"kantin dekat gedung fisip harganya mahal, gaada pilihan sehat",RENDAH
KEUANGAN,"biaya parkir kampus dibebankan ke mhs, seharusnya tidak",RENDAH
JARINGAN_IT,"wifi gedung b lantai 2 bapuk ga stabil, susah download materi kls",TINGGI
KEUANGAN,"prosedur administrasi keuangan tidak jelas alurnya, prosesnya bgt lama",RENDAH
FASILITAS,"lampu di lab komputer mipa kedap-kedip terus, ruangan jadi gelap",RENDAH
FASILITAS,"fasilitas gedung mipa tidak memadai, masa bayar ukt tapi fasilitas gini",TINGGI
AKADEMIK,"gaada feedback nilai dari dosen, proses jadi terlelet",SEDANG
KEMAHASISWAAN,"informasi kompetisi mhs tidak disebarkan merata, pengurusan jadi lama",RENDAH
JARINGAN_IT,koneksi di gedung fh putus-putus saat masa uts,TINGGI
FASILITAS,"tolong ac gedung mipa segera diperbaiki, netes airnya dan badan rasanya mau pingsan",RENDAH
KEMAHASISWAAN,"minimnya minat berorganisasi mhs di era modern ini, yang memicu kurangnya mengalisis masalah internal maupun eksternal kampus, sehingga menimbulkan kejanggalan dan masalah yang bermacam-macam sering terjadi di lingkungan eksternal maupun internal kampus.",TINGGI
AKADEMIK,"krs gabisa tambah matkul, proses akademik jadi terlelet",TINGGI
LAINNYA,"lapangan bola gaada penerangan malam, gabisa dimanfaatkan optimal",SEDANG
KEMAHASISWAAN,"staff bem tidak responsif, pelayanan publik yang buruk",RENDAH
FASILITAS,"parkiran prodi matematika tidak teratur, sering ada yang ditabrak",SEDANG
LAINNYA,gerbang gerbang 3 gaada sistem akses sehingga antrean panjang,SEDANG
AKADEMIK,"spada nge-lag waktu masa krs, susah kumpul tugas",TINGGI
LAINNYA,"pintu masuk utama gaada satpam, tidak efisien",RENDAH
FASILITAS,lahan parkir di auditorium gaada petugas jadi sering telat kls,RENDAH
KEUANGAN,"ukt sudah mahal, tapi wc-nya gabisa dipakai",TINGGI
LAINNYA,tempat parkiran panas kendaraan bisa terjemur,RENDAH
JARINGAN_IT,server portal akademik gabisa diakses waktu masa krs,TINGGI
LAINNYA,"lapangan futsal dikenakan biaya masuk yang tidak semestinya, gaada wadah kegiatan olahraga mhs",TINGGI
LAINNYA,"jalan di dekat auditorium gaada penerangan malam, berbahaya buat motor",SEDANG
JARINGAN_IT,"jangkauan wifi gedung b lantai 1 terbatas bgt, terpaksa pakai kuota sendiri",RENDAH
LAINNYA,"atm dalam kampus hanya satu dan antrean panjang, terpaksa keluar kampus",SEDANG
LAINNYA,"jalan di belakang rektorat ancur parah berlubang, bisa bikin kecelakaan",KRITIS
FASILITAS,"gedung rektorat panas bgt soalnya bocor, susah konsen belajar",RENDAH
AKADEMIK,"spada nge-lag terus, susah akses materi kls",RENDAH
AKADEMIK,"gaada feedback nilai dari dosen, stress ngurusnya",RENDAH
FASILITAS,"kamar mandi gedung b lantai 1 airnya mati, terpaksa ke gedung lain yang jauh apalagi kalau kebelet",SEDANG
FASILITAS,"parkiran prodi informatika gada atapnya, kendaraan bisa lecet-lecet",SEDANG
AKADEMIK,"spada sering down waktu jam kls, susah akses materi",TINGGI
LAINNYA,"area koridor antar gedung gaada fasilitas pendukung, kurang nyaman buat mhs",RENDAH
FASILITAS,"kebersihan gedung a lantai 2 kotor bgt, bisa jadi sumber penyakit",SEDANG
AKADEMIK,"dosen tidak responsif di grup, proses akademik terhambat",RENDAH
LAINNYA,"lingkungan sekitar ruang seminar gersang gaada pohon, panas bgt siang hari",RENDAH
FASILITAS,"wc lab kimia airnya tidak mengalir dari kemarin, harus nahan lama bgt",RENDAH
LAINNYA,"transportasi gaada shuttle bus kampus, tidak ramah lingkungan",RENDAH
FASILITAS,lahan parkir di lab kimia gaada petugas jadi sering telat kls,RENDAH
KEMAHASISWAAN,"kegiatan program mentoring kurang dukungan kampus, proses administrasi terhambat",RENDAH
KEUANGAN,"transparansi biaya-biaya resmi kampus kurang, mhs tidak tahu bagaimana seleksinya",RENDAH
AKADEMIK,"krs sering eror, stress bgt ngurusnya",TINGGI
KEMAHASISWAAN,"informasi program beasiswa hanya di grup tertentu, mhs banyak yang tidak tahu",TINGGI
LAINNYA,"kantin belakang gedung b jamnya singkat, gaada pilihan sehat",RENDAH
AKADEMIK,"informasi jadwal seminar mendadak, mhs jadi bingung",SEDANG
JARINGAN_IT,"koneksi internet aula lemot parah, gabisa akses spada",SEDANG
AKADEMIK,kls online terganggu soalnya sistem krs sering eror,TINGGI
LAINNYA,"area ruang tunggu panas tidak teduh, tidak nyaman buat mhs",RENDAH
KEMAHASISWAAN,"informasi lowongan magang tidak disebarkan merata, proses terhambat",RENDAH
KEMAHASISWAAN,"staff layanan administrasi mhs tidak responsif, pelayanan publik yang buruk",RENDAH
FASILITAS,"ac cuma 1 untuk 2 lantai lantai, mhs tidak konsen belajar",RENDAH
AKADEMIK,"ruang kls terlalu sempit, gabisa fokus",RENDAH
JARINGAN_IT,"jangkauan wifi lab biologi terbatas bgt, kls online terganggu",RENDAH
KEUANGAN,"biaya buku dosen dibebankan ke mhs, seharusnya tidak",RENDAH
JARINGAN_IT,koneksi di fakultas ekonomi sering putus padahal butuh buat video conference dengan dosen,RENDAH
AKADEMIK,"informasi prosedur skripsi mendadak bgt, mhs jadi bingung",TINGGI
JARINGAN_IT,server sistem informasi kampus gabisa diakses waktu jam kls,RENDAH
AKADEMIK,"nilai ada yang salah input, mhs jadi bingung",SEDANG
KEMAHASISWAAN,bem kurang aktif menyuarakan aspirasi mhs soal kegiatan kemhsan,RENDAH
KEMAHASISWAAN,"kegiatan program mentoring tidak terorganisir, mhs jadi tidak antusias",TINGGI
FASILITAS,"banyak kursi di fakultas ekonomi yang gaada mejanya, capek bgt dikelas",RENDAH
FASILITAS,"min, parkiran gedung b lantai 2 banyak yang parkir sembarangan tolong diatur lebih baik",RENDAH
LAINNYA,"lingkungan sekitar prodi akuntansi kurang terawat, panas bgt siang hari",RENDAH
FASILITAS,"saklar di prodi informatika sering turun, jadi kls terganggu",SEDANG
JARINGAN_IT,"wifi gedung b lantai 3 sering disconnect, susah download materi",TINGGI
JARINGAN_IT,"wifi gedung b lantai 1 sering disconnect, tidak produktif di kampus",TINGGI
KEUANGAN,beasiswa distribusinya tidak merata dan banyak mhs yang berhak tapi tidak dapat,TINGGI
JARINGAN_IT,spada sering eror saat deadline pengumpulan tugas,KRITIS
KEMAHASISWAAN,"pengurusan surat keterangan aktif makan waktu berhari-hari, bgt tidak efisien",RENDAH
FASILITAS,"banyak kursi di gedung b lantai 2 yang goyang terus, capek bgt dikelas",RENDAH
JARINGAN_IT,koneksi di prodi informatika sering putus padahal butuh buat download materi,TINGGI
LAINNYA,"kebersihan koridor gedung kumuh, mencerminkan citra kampus yang buruk",RENDAH
AKADEMIK,web spada suka eror saat ingin mengumpulkan tugas,TINGGI
LAINNYA,"transportasi gaada jalur sepeda, sering terlelet",SEDANG
FASILITAS,"gaada ruang istirahat di lab kimia, padahal bgt dibutuhkan",RENDAH
FASILITAS,"kamar mandi lab biologi busuk, harus nahan lama bgt apalagi kalau kebelet",RENDAH
LAINNYA,"lapangan futsal gaada penerangan malam hari, gaada wadah kegiatan olahraga mhs",TINGGI
FASILITAS,"lab komputer mipa kondisinya pengap, gabisa praktik dengan benar",RENDAH
KEUANGAN,"transparansi distribusi beasiswa kurang, mhs tidak tahu bagaimana seleksinya",TINGGI
FASILITAS,"ac di prodi akuntansi panasnya parah, jadi kita kepanasan parah",RENDAH
FASILITAS,"tolong ac fakultas hukum segera diperbaiki, cuma pajangan dan gerah minta ampun",RENDAH
JARINGAN_IT,"wifi gedung b lantai 1 sering disconnect, terpaksa pakai kuota sendiri",RENDAH
AKADEMIK,"sistem siakad ui-nya susah dinavigasi, nilai terancam",TINGGI
AKADEMIK,kls online terganggu soalnya sistem krs sering down,TINGGI
LAINNYA,"lapangan badminton bayar 10 ribu padahal mhs uho, gabisa dimanfaatkan optimal",RENDAH
AKADEMIK,"spada nge-lag waktu saat uts, susah kumpul tugas",KRITIS
JARINGAN_IT,"jangkauan wifi fakultas teknik tidak sampai ke semua ruangan, susah download materi kls",TINGGI
AKADEMIK,web akademik sering gabisa diakses waktu pengumuman nilai,RENDAH
AKADEMIK,"revisi skripsi prosedurnya ribet, stress bgt ngurusnya",TINGGI
LAINNYA,"lapangan futsal sempit, lapangan gabisa dimanfaatkan optimal",TINGGI
AKADEMIK,web akademik sering eror parah waktu masa krs,TINGGI
AKADEMIK,"bahan ajar sudah outdated, nilai bisa jelek soalnya tidak konsen",RENDAH
LAINNYA,"kebersihan taman kampus gaada tempat sampah, baunya tidak enak",RENDAH
LAINNYA,"gerbang gerbang 1 sering macet di satu pintu saja, sering terlelet kls",SEDANG
LAINNYA,"pintu masuk utama gaada sistem akses, tidak aman",RENDAH
AKADEMIK,"ruang kls proyektornya ancur, nilai bisa jelek soalnya tidak konsen",SEDANG
AKADEMIK,"sistem portal mhs ui-nya bgt tidak user-friendly, proses akademik terhambat",RENDAH
LAINNYA,"gerbang 1 jarang dibuka, antrean masuk panjang",SEDANG
KEUANGAN,"informasi beasiswa tidak disosialisasikan baik, mhs layak tidak dapat",TINGGI
KEMAHASISWAAN,"pengurusan ktm butuh bgt lama, bgt lama",RENDAH
AKADEMIK,"krs gabisa diakses saat masa pengisian, proses akademik jadi terlelet",TINGGI
AKADEMIK,"informasi syarat wisuda tidak diinformasikan jelas, proses jadi terlelet",TINGGI
FASILITAS,"parkiran gedung a lantai 2 gada atapnya, kendaraan bisa kepanasan",RENDAH
LAINNYA,"gerbang pintu masuk utama jarang dibuka, sering terlelet kls",SEDANG
KEMAHASISWAAN,"fasilitas ruang rapat mhs tidak layak, banyak yang tidak terlayani",RENDAH
KEMAHASISWAAN,"staff bagian kemhsan melayani dengan malas-malasan, mhs jadi tidak nyaman",RENDAH
JARINGAN_IT,"jangkauan wifi gedung fisip hanya di spot tertentu, kls online terganggu",RENDAH
JARINGAN_IT,"koneksi internet gedung c gabisa diandalkan, gabisa akses spada",RENDAH
LAINNYA,"gerbang gerbang 2 sering macet di satu pintu saja, tidak aman soalnya siapa saja bisa masuk",SEDANG
KEMAHASISWAAN,informasi mengenai kkn tematik itu kurang,SEDANG
AKADEMIK,"ruang kls terlalu sempit, nilai bisa jelek soalnya tidak konsen",RENDAH
JARINGAN_IT,koneksi di lab komputer lemot parah padahal butuh buat download materi,TINGGI
AKADEMIK,"dosen tidak responsif di grup, belajar jadi terganggu",RENDAH
KEMAHASISWAAN,"kegiatan lomba antar prodi kurang dukungan kampus, banyak yang tidak terlayani",RENDAH
AKADEMIK,"materi kls sudah outdated, mhs susah belajar mandiri",RENDAH
FASILITAS,"kebersihan gedung a lantai 2 gaada petugas kebersihan, bisa jadi sumber penyakit",RENDAH
FASILITAS,"ac di gedung fh berisik bgt, jadi mhs tidak konsen belajar",RENDAH
AKADEMIK,"nilai gabisa diakses di portal, stress bgt ngurusnya",RENDAH
FASILITAS,ruangan ruang kls lantai 2 gelap soalnya sering turun saklarnya,RENDAH
FASILITAS,ac nya kurang dingin,RENDAH
AKADEMIK,"website spada ui outdated bgt tidak user friendly, susah menavigasi dan membingungkan untuk memasuki kelas",SEDANG
LAINNYA,sampah di area kantin menumpuk beberapa hari,RENDAH
KEMAHASISWAAN,"layanan hima sering tutup, proses administrasi terhambat",RENDAH
KEUANGAN,beasiswa prosesnya tidak jelas dan hanya yang punya koneksi yang dapat,TINGGI
FASILITAS,"banyak kursi di gedung a lantai 1 yang rodanya hilang, gabisa fokus",RENDAH
AKADEMIK,"ruang kls tidak sesuai kapasitas mhs, mhs jadi malas masuk kls",RENDAH
AKADEMIK,"sistem portal mhs ui-nya susah dinavigasi, nilai terancam",TINGGI
JARINGAN_IT,spada down terus saat masa uts/uas,KRITIS
LAINNYA,"jalan di belakang rektorat bergelombang, bisa bikin kecelakaan",KRITIS
AKADEMIK,"ruang kls tidak sesuai kapasitas mhs, belajarnya terganggu",RENDAH
LAINNYA,"kebersihan area kampus gaada tempat sampah, tidak nyaman untuk beraktivitas",RENDAH
KEMAHASISWAAN,gaada mentor atau pembimbing untuk mhs baru di himpunan,RENDAH
AKADEMIK,"spada gabisa diakses saat masa krs, belajar jadi terganggu",TINGGI
AKADEMIK,"sistem siakad ui-nya membingungkan, tugas jadi terlelet dikumpulkan",SEDANG
KEUANGAN,"ukt prosedur keringanan susah, tapi fasilitasnya jauh dari layak",TINGGI
FASILITAS,"min, wc di lab biologi kondisinya jorok bgt, tolong segera diperbaiki",RENDAH
JARINGAN_IT,"jaringan di gedung fisip gabisa diandalkan, susah akses internet",RENDAH
FASILITAS,"parkiran gedung b lantai 3 gada atapnya, kendaraan bisa catnya jadi ancur",SEDANG
KEMAHASISWAAN,"senioritas di organisasi kampus sudah melewati batas, membuat mhs baru tertekan",RENDAH
KEMAHASISWAAN,"layanan layanan administrasi jarang beroperasi, pengurusan jadi lama",RENDAH
KEMAHASISWAAN,"layanan layanan administrasi mhs sering tutup, pengurusan jadi bgt lama",RENDAH
KEMAHASISWAAN,"kegiatan kegiatan sosial kampus tidak terorganisir dengan baik, banyak yang tidak terlayani",TINGGI
JARINGAN_IT,"jaringan di lab biologi sering putus-putus, susah akses internet",RENDAH
LAINNYA,"kebersihan sekitar parkiran kumuh, tidak nyaman untuk beraktivitas",RENDAH
LAINNYA,"area koridor antar gedung kotor dan tidak terawat, kurang nyaman buat mhs",SEDANG
KEMAHASISWAAN,"program pertukaran mhs tidak merata distribusinya, mhs kurang diuntungkan",RENDAH
FASILITAS,"kamar mandi gedung c jorok bgt, bgt mengganggu aktivitas apalagi kalau kebelet",RENDAH
JARINGAN_IT,wifi kampus gabisa konek apalagi kalau semua mhs pakai,RENDAH
JARINGAN_IT,server siakad sering down waktu masa uts,KRITIS
KEUANGAN,ada pungutan di luar ketentuan yang memberatkan mhs,RENDAH
FASILITAS,"min, wc di fakultas teknik kondisinya airnya mati, tolong segera diperbaiki",SEDANG
AKADEMIK,"informasi prosedur skripsi tidak sampai ke semua mhs, mhs dirugikan",TINGGI
KEMAHASISWAAN,"fasilitas ruang rapat mhs tidak memadai, proses administrasi terhambat",RENDAH
LAINNYA,"kebersihan area kantin kumuh, bisa jadi sumber penyakit",RENDAH
FASILITAS,"kursi di ruangan 1.2 banyak yang hilang, susah nulis waktu kls",RENDAH
JARINGAN_IT,"bandwidth wifi kampus tidak memadai, terpaksa pakai kuota sendiri",RENDAH
JARINGAN_IT,"internet di fakultas ekonomi sering putus, gabisa kumpul tugas online",RENDAH
FASILITAS,"kursi di perpus pusat udah lama mejanya patah, kapan diganti?",RENDAH
KEMAHASISWAAN,"fasilitas sekretariat bem tidak terawat, pengurusan jadi bgt lama",RENDAH
LAINNYA,"kantin pusat harganya mahal, terpaksa keluar kampus",RENDAH
JARINGAN_IT,"sinyal di lab komputer bgt lemah, kls online jadi terganggu",RENDAH
FASILITAS,"ac gedung mipa cuma pajangan, kurang dingin padahal masa bayar ukt tapi fasilitas gini",TINGGI
FASILITAS,"pipa saluran ac di ruangan 1.1 bocor, colokan jadi bahaya kena air",RENDAH
LAINNYA,"jalan di dekat auditorium ancur parah berlubang-lubang, bisa bikin kecelakaan",KRITIS
KEUANGAN,ada biaya tambahan yang tidak resmi yang tidak semestinya,RENDAH
FASILITAS,kursinya kadang gaada mejanya min,RENDAH
JARINGAN_IT,wifi di gedung b lantai 3 sering disconnect apalagi siang hari,RENDAH
FASILITAS,ac gedung a lantai tiga ruangan matematika tolong di perbaiki,SEDANG
KEUANGAN,"pengumuman syarat keringanan ukt tidak sampai ke semua mhs, mhs kaget",TINGGI
LAINNYA,"lapangan voli gaada penerangan malam, gabisa dimanfaatkan optimal",SEDANG
LAINNYA,"lingkungan sekitar gedung fh bising dari luar kampus, panas bgt siang hari",RENDAH
KEMAHASISWAAN,"sosialisasi program beasiswa tidak merata, banyak yang ketinggalan",TINGGI
FASILITAS,"remot ac di gedung b hanya ada 2, seharusnya di perbanyak lagi minimal 2 remote dalam 1 lantai, akhirnya jika remotnya di lantai 1 ac untuk lantai 3 tidak hidup",RENDAH
AKADEMIK,"spada lemot parah, susah ikut kuis",SEDANG
FASILITAS,"kursi di gedung a lantai 1 udah lama kayunya sudah lapuk, kapan diganti?",RENDAH
JARINGAN_IT,"jangkauan wifi gedung fh hanya di spot tertentu, kls online terganggu",RENDAH
FASILITAS,"plafon lab botani bocor saat hujan, khawatir celaka kalau tiba-tiba jatuh",RENDAH
FASILITAS,"colokan di ruangan 3.2 tidak berfungsi, padahal butuh buat ngecas",RENDAH
FASILITAS,"tolong ac gedung fisip segera diperbaiki, cuma pajangan dan susah fokus",RENDAH
KEMAHASISWAAN,"sosialisasi kegiatan kemhsan gaada pengumuman resmi, banyak yang terlewat informasinya",RENDAH
KEUANGAN,"transparansi penggunaan dana ukt kurang, mhs tidak tahu kemana uangnya pergi",TINGGI
JARINGAN_IT,spada sering eror saat masa uts/uas,KRITIS
FASILITAS,ruang kls lantai 2 kursinya gaada mejanya dan acnya juga mati,SEDANG
AKADEMIK,"jadwal kls gaada pemberitahuan resmi, stress bgt ngurusnya",RENDAH
JARINGAN_IT,"sinyal seluler di aula bgt lemah, harus keluar dulu baru bisa internetan",RENDAH
JARINGAN_IT,"spada lemot bgt tepat jam kls, panik bgt",SEDANG
LAINNYA,"kantin belakang gedung b pilihannya sedikit, antrean panjang",SEDANG
LAINNYA,"lingkungan sekitar gedung fh kurang terawat, tidak nyaman aktivitas luar",RENDAH
AKADEMIK,"krs gabisa diakses saat masa pengisian, mhs dirugikan",TINGGI
KEUANGAN,"keringanan ukt susah diajukan, prosedurnya bgt rumit",TINGGI
KEMAHASISWAAN,"senioritas di unit kemhsan masih melewati batas, mhs baru jadi tertekan",RENDAH
FASILITAS,"fasilitas perpus pusat tidak memadai, padahal kita sudah bayar ukt",TINGGI
KEUANGAN,"pembayaran biaya kkn harus datang langsung berkali-kali, mhs yang urgent jadi kesusahan",RENDAH
KEMAHASISWAAN,"kegiatan lomba antar prodi waktunya tidak pas, mhs jadi tidak antusias",RENDAH
JARINGAN_IT,"internet di gedung d lemot parah, susah download materi kls",TINGGI
LAINNYA,"lingkungan sekitar prodi matematika minim fasilitas publik, panas bgt siang hari",SEDANG
KEUANGAN,"prosedur pembayaran wisuda tidak jelas alurnya, mhs jadi bingung",TINGGI
AKADEMIK,"ada dosen yang pilih kasih dalam penilaian, itu tidak profesional",RENDAH
LAINNYA,"keamanan gedung saat weekend cctv tidak berfungsi, tidak kondusif malam hari",RENDAH
KEMAHASISWAAN,"program wirausaha mhs prosedur pendaftarannya ribet, mhs kurang diuntungkan",RENDAH
FASILITAS,"fasilitas gedung mipa sudah bgt ketinggalan, kami sudah bayar ukt tepat waktu",TINGGI
JARINGAN_IT,"jangkauan wifi gedung fisip tidak luas, tidak produktif di kampus",TINGGI
AKADEMIK,"jadwal syarat wisuda tidak sampai ke semua mhs, banyak mhs yang tidak tahu",TINGGI
KEUANGAN,"dana penelitian mhs prosesnya berbelit-belit, mhs dirugikan",RENDAH
KEUANGAN,"keringanan ukt susah diajukan, prosedurnya tidak jelas alurnya",TINGGI
FASILITAS,"pintu wc perpus pusat gabisa dikunci, bgt tidak nyaman",RENDAH
KEMAHASISWAAN,unit kemhsan sering tutup saat mhs butuh bantuan,RENDAH
JARINGAN_IT,"jangkauan wifi gedung a lantai 1 tidak sampai ke semua ruangan, terpaksa pakai kuota sendiri",RENDAH
FASILITAS,"wc fakultas teknik jorok bgt, mhs jadi susah kalau kebelet",RENDAH
FASILITAS,"fasilitas gedung fisip sudah bgt ketinggalan, padahal kita sudah bayar ukt",TINGGI
LAINNYA,"lingkungan sekitar fakultas teknik minim fasilitas publik, gaada tempat untuk bersantai",RENDAH
AKADEMIK,"informasi syarat wisuda hanya dari mulut ke mulut, proses jadi terlelet",TINGGI
KEUANGAN,"ukt naik setiap tahun, tapi ac-nya ancur semua",TINGGI
AKADEMIK,"informasi informasi kkn hanya dari mulut ke mulut, mhs dirugikan",RENDAH
FASILITAS,lahan parkir di gedung d sempit bgt jadi sering telat kls,RENDAH
KEMAHASISWAAN,"fasilitas lapangan olahraga tidak memadai, banyak yang tidak terlayani",RENDAH
KEMAHASISWAAN,"program mentoring akademik prosedur pendaftarannya ribet, mhs kurang diuntungkan",RENDAH
LAINNYA,"kantin belakang gedung b jamnya terlalu singkat, terpaksa keluar kampus",RENDAH
KEMAHASISWAAN,"organisasi kampus gaada regenerasi baik, gaada wadah aspirasi mhs",RENDAH
LAINNYA,"lingkungan sekitar gedung b lantai 3 kurang terawat, tidak mendukung kreativitas mhs",RENDAH
FASILITAS,"banyak kursi di gedung a lantai 3 yang mejanya patah, nilai bisa jelek soalnya tidak konsen",RENDAH
FASILITAS,"itu hee sudah bagus maunya ada tempat duduk di lantai atas sama lantai bawah, cuma kurang colokan beh, maunya bgus sekali kalau colokan nya ada",RENDAH
KEUANGAN,"pengumuman deadline pembayaran ukt tidak sampai ke semua mhs, prosesnya jadi bgt lama",TINGGI
FASILITAS,ruangan yang sempit,RENDAH
FASILITAS,"gaada tempat duduk di lab biologi, padahal bgt dibutuhkan",RENDAH
AKADEMIK,kls online terganggu soalnya portal mhs lemot bgt,SEDANG
KEMAHASISWAAN,"program pertukaran mhs prosedur pendaftarannya ribet, mhs kurang diuntungkan",RENDAH
KEUANGAN,"ukt naik setiap tahun, tapi wc-nya gabisa dipakai",TINGGI
AKADEMIK,"sistem spada ui-nya bgt tidak user-friendly, tugas jadi terlelet dikumpulkan",SEDANG
FASILITAS,"parkiran prodi informatika gada atapnya, kendaraan bisa jok panas bgt",SEDANG
KEMAHASISWAAN,"fasilitas ruang rapat mhs terlalu kecil, banyak yang tidak terlayani",RENDAH
KEMAHASISWAAN,"staff bagian kemhsan melayani dengan malas, tidak enak kalau harus ke sana",RENDAH
FASILITAS,"lampu di ruang kelas b2 tidak berfungsi, gabisa presentasi pakai proyektor",RENDAH
JARINGAN_IT,"wifi gedung b lantai 2 sering disconnect, gabisa akses spada",RENDAH
LAINNYA,"jalan di belakang rektorat bergelombang, banjir waktu hujan",RENDAH
JARINGAN_IT,server sistem informasi kampus bapuk ga stabil waktu masa krs,TINGGI
KEUANGAN,"pengumuman perubahan biaya mendadak bgt, prosesnya jadi bgt lama",RENDAH
JARINGAN_IT,wifi kampus kayak tidak dibayar apalagi kalau jam kls,RENDAH
AKADEMIK,"krs sering eror, banyak yang ketinggalan info",TINGGI
FASILITAS,"banyak kursi di gedung fh yang mejanya patah, mhs jadi malas masuk kls",RENDAH
KEMAHASISWAAN,"fasilitas sekretariat bem terlalu kecil, banyak yang tidak terlayani",RENDAH
AKADEMIK,"revisi skripsi bimbingannya tidak terjadwal, mhs dirugikan",TINGGI
JARINGAN_IT,"sinyal di gedung b lantai 1 gaada sama sekali, gabisa akses internet sama sekali",RENDAH
KEMAHASISWAAN,"informasi program beasiswa tidak disebarkan merata, mhs jadi kesal",TINGGI
JARINGAN_IT,"area gedung prodi akuntansi gabisa menggunakan data seluler, harus terhubung oleh wifi yang ada baru bisa mrnggunakan. tetapi jangkauannya tidak luas, dan masih nge-lag",TINGGI
JARINGAN_IT,"jangkauan wifi gedung b lantai 3 hanya di spot tertentu, terpaksa pakai kuota sendiri",RENDAH
AKADEMIK,"bahan ajar tidak diberikan oleh dosen, gabisa fokus",RENDAH
JARINGAN_IT,"jangkauan wifi lab biologi terbatas bgt, gabisa akses spada",RENDAH
JARINGAN_IT,"wifi gedung a lantai 3 bapuk ga stabil, susah download materi kls",TINGGI
FASILITAS,lahan parkir di gedung a lantai 3 berantakan jadi sering telat kls,RENDAH
JARINGAN_IT,koneksi di gedung fh putus-putus saat masa uas,TINGGI
KEMAHASISWAAN,"layanan unit kemhsan responnya lelet, pengurusan jadi lama",SEDANG
FASILITAS,"banyak kursi di gedung rektorat yang ancur, capek bgt dikelas",SEDANG
AKADEMIK,"sistem portal mhs ui-nya terlalu ribet, proses akademik terhambat",RENDAH
FASILITAS,ac di lab.matematika gedung a lantai 3 nda menyala,SEDANG
FASILITAS,"banyak kursi di gedung fisip yang mejanya patah, mhs jadi malas masuk kls",RENDAH
JARINGAN_IT,"jaringan di gedung a lantai 2 bgt buruk, susah akses internet",RENDAH
FASILITAS,"wc gedung b lantai 3 airnya tidak mengalir, mhs jadi susah kalau kebelet",RENDAH
AKADEMIK,"siakad gabisa diakses saat jam kls, mhs rugi bgt",RENDAH
AKADEMIK,"ada dosen yang menjual buku wajib beli ke mhs, itu tidak profesional",RENDAH
JARINGAN_IT,koneksi di gedung a lantai 3 sering putus padahal butuh buat kls online,RENDAH
AKADEMIK,"nilai di portal gaada penjelasan, mhs jadi bingung",SEDANG
JARINGAN_IT,"sinyal di gedung b lantai 1 gaada sama sekali, harus keluar ruangan dulu",RENDAH
JARINGAN_IT,zoom kls online sering lag soalnya wifi gedung b lantai 1 bgt terbatas,RENDAH
JARINGAN_IT,"gaada wifi sama sekali di lab komputer, terpaksa pakai kuota sendiri",RENDAH
KEMAHASISWAAN,"senioritas di unit kemhsan masih bgt kental, membuat mhs baru tertekan",RENDAH
JARINGAN_IT,"sinyal di fakultas teknik gabisa untuk data seluler, kls online jadi terganggu",RENDAH
LAINNYA,"keamanan gedung saat weekend kurang terjaga, tidak kondusif untuk kegiatan malam",RENDAH
KEUANGAN,"transparansi biaya-biaya resmi kampus kurang, mhs tidak tahu siapa yang berhak",RENDAH
AKADEMIK,"sistem sistem krs ui-nya outdated, belajar jadi terganggu",TINGGI
FASILITAS,"fasilitas lab kimia tidak memadai, padahal kita sudah bayar ukt",TINGGI
FASILITAS,ac dalam ruangannya tolong di nyalakan karna seringkali ac nya tda menyala jadinya kepanasan,RENDAH
KEMAHASISWAAN,"program bimbingan karir kuota yang terlalu sedikit, mhs kurang diuntungkan",RENDAH
KEMAHASISWAAN,senioritas diprodi masih bgt kental alangkah lebih baik edukasi untuk senioritas diadakan soalnya senioritas di kampus membuat beberapa mhs bisa tertekan,RENDAH
JARINGAN_IT,"bandwidth wifi kampus kurang untuk semua mhs, terpaksa pakai kuota sendiri",RENDAH
AKADEMIK,"jadwal kls sering berubah mendadak, mhs dirugikan",RENDAH
JARINGAN_IT,wifi di gedung b lantai 1 kayak tidak dibayar apalagi siang hari,RENDAH
AKADEMIK,"sistem sistem krs terlalu ribet, tugas jadi terlelet",TINGGI
FASILITAS,"ac di ruang kls lantai 2 udah lama nda diperbaiki, mati total",KRITIS
JARINGAN_IT,internet di ruang seminar lemot parah padahal butuh buat akses jurnal,SEDANG
LAINNYA,sampah di area kantin menumpuk kalau gaada petugas,RENDAH
LAINNYA,"kantin belakang gedung b tidak higienis, susah makan siang",RENDAH
LAINNYA,"area koridor antar gedung gaada tempat duduk, tidak nyaman buat mhs",RENDAH
KEUANGAN,"pembayaran biaya kkn gabisa online, mhs jadi bingung",SEDANG
FASILITAS,"banyak kursi di fakultas hukum yang gaada mejanya, mhs jadi malas masuk kls",RENDAH
AKADEMIK,sistem krs sering timeout terutama jam kls,TINGGI
KEUANGAN,"transparansi penggunaan dana ukt bgt minim, mhs tidak tahu siapa yang berhak",TINGGI
AKADEMIK,siakad sering eror parah waktu masa krs,TINGGI
KEMAHASISWAAN,"informasi kompetisi mhs mendadak, mhs banyak yang tidak tahu",RENDAH
LAINNYA,"keamanan lingkungan sekitar kampus gaada satpam, sering ada kehilangan motor",KRITIS
FASILITAS,lab komputer mipa kursinya kayunya sudah lapuk dan lampunya remang,RENDAH
LAINNYA,"keamanan area parkir kurang terjaga, tidak kondusif untuk kegiatan malam",RENDAH
FASILITAS,plafon di ruangan 1.2 gedung d sudah retak sehingga saya kurang konsen belajar soalnya khawatir plafonnya roboh,RENDAH
FASILITAS,"kebersihan gedung b lantai 2 jarang dibersihkan, bisa jadi sumber penyakit",RENDAH
KEMAHASISWAAN,"pengurusan dokumen beasiswa harus bolak-balik, mhs jadi kesal",TINGGI
JARINGAN_IT,"bandwidth wifi kampus kurang untuk semua mhs, gabisa kumpul tugas online",RENDAH
KEMAHASISWAAN,"kegiatan seminar mhs informasinya tidak merata, proses administrasi terhambat",RENDAH
FASILITAS,"ac di gedung b lantai 3 kelas 3.2 bocor parah jadinya banjir terus gerah bgt, ga konsen belajarnya",RENDAH
KEUANGAN,"dana kegiatan mhs tidak transparan penggunaannya, mhs dirugikan",RENDAH
LAINNYA,"lingkungan sekitar prodi matematika kurang terawat, panas bgt siang hari",SEDANG
KEMAHASISWAAN,"program magang kampus merdeka tidak merata distribusinya, mhs kurang diuntungkan",RENDAH
FASILITAS,"ac auditorium cuma pajangan, cuma pajangan padahal ukt mahal tapi fasilitas tidak sesuai",TINGGI
FASILITAS,"wc prodi matematika gabisa dipakai, harus nahan lama bgt",SEDANG
KEUANGAN,"pengumuman pengumuman beasiswa tidak diinformasikan jelas, mhs kaget",TINGGI
KEUANGAN,"prosedur pengajuan keringanan ukt tidak transparan, prosesnya bgt lama",TINGGI
AKADEMIK,"informasi prosedur skripsi mendadak, mhs dirugikan",TINGGI
JARINGAN_IT,"jangkauan wifi gedung b lantai 1 tidak luas, harus geser-geser cari sinyal",TINGGI
AKADEMIK,"spada sering down waktu masa krs, susah kumpul tugas",TINGGI
AKADEMIK,"spada sering down waktu masa krs, susah akses materi",TINGGI
AKADEMIK,"revisi skripsi prosedurnya ribet, proses akademik jadi terlelet",TINGGI
FASILITAS,"gedung b lantai 3 panas bgt soalnya netes airnya, capek bgt dikelas",RENDAH
FASILITAS,"ac di gedung rektorat netes airnya, jadi ruangan jadi gerah bgt",RENDAH
LAINNYA,"keamanan area kampus malam gaada satpam, tidak kondusif malam hari",RENDAH
LAINNYA,"gerbang 2 gaada sistem akses, sering terlelet kls",SEDANG
AKADEMIK,"spada gabisa diakses saat saat uts, proses akademik terhambat",KRITIS
LAINNYA,gerbang pintu masuk utama gaada sistem akses sehingga antrean panjang,SEDANG
FASILITAS,"banyak kursi di gedung a lantai 3 yang banyak yang hilang, capek bgt dikelas",RENDAH
KEMAHASISWAAN,"pengurusan surat keterangan aktif harus bolak-balik, banyak yang tidak terlayani",RENDAH
KEMAHASISWAAN,"fasilitas ruang rapat mhs tidak layak, proses administrasi terhambat",RENDAH
JARINGAN_IT,server portal akademik sering down waktu jam kls,TINGGI
AKADEMIK,"jadwal jadwal ujian hanya dari mulut ke mulut, banyak mhs yang tidak tahu",TINGGI
LAINNYA,"lingkungan sekitar fakultas hukum gersang gaada pohon teduh, tidak nyaman buat aktivitas luar",RENDAH
KEMAHASISWAAN,"pengurusan surat rekomendasi harus bolak-balik, pengurusan jadi lama",RENDAH
LAINNYA,gerbang gerbang 2 gaada satpam sehingga antrean panjang,SEDANG
KEMAHASISWAAN,"staff hima julidnya keterlaluan, tidak sesuai standar pelayanan",RENDAH
FASILITAS,"gaada kantin di gedung b lantai 1, padahal bgt dibutuhkan",RENDAH
JARINGAN_IT,"server portal akademik sering down pas masa krs, terpaksa pakai kuota sendiri",TINGGI
JARINGAN_IT,"internet di fakultas ekonomi lemot parah, tidak produktif di kampus",TINGGI
KEUANGAN,"transparansi anggaran kegiatan mhs bgt minim, mhs tidak tahu bagaimana seleksinya",RENDAH
AKADEMIK,"ruang kls proyektornya ancur, susah konsen belajar",SEDANG
KEMAHASISWAAN,"organisasi tidak aktif, potensi mhs tersia-sia",RENDAH
KEMAHASISWAAN,"layanan hima sering tutup, pengurusan jadi bgt lama",RENDAH
FASILITAS,"banyak kursi di gedung c yang banyak yang hilang, susah konsen belajar",RENDAH
FASILITAS,"wc gedung b lantai 3 tidak terawat, bgt mengganggu aktivitas",RENDAH
AKADEMIK,"website portal mhs gabisa diakses, tugas jadi terlelet dikumpulkan",SEDANG
KEMAHASISWAAN,"kegiatan kegiatan sosial kampus waktunya tidak pas, proses administrasi terhambat",RENDAH
JARINGAN_IT,"sinyal di fakultas hukum hilang timbul, harus keluar ruangan dulu",RENDAH
KEUANGAN,"dana kegiatan mhs tidak cair tepat waktu, mhs dirugikan",RENDAH
FASILITAS,"kursi di auditorium udah lama sudah tidak layak pakai, kapan diganti?",RENDAH
FASILITAS,"banyak kursi di prodi akuntansi yang mejanya patah, nilai bisa jelek soalnya tidak konsen",RENDAH
JARINGAN_IT,"gaada wifi sama sekali di gedung b lantai 2, kls online terganggu",RENDAH
KEMAHASISWAAN,hak mhs dalam prosedur dokumen kurang disosialisasikan,RENDAH
AKADEMIK,"website siakad ui-nya outdated bgt, belajar jadi terganggu",RENDAH
AKADEMIK,"krs sering eror, mhs dirugikan",TINGGI
KEMAHASISWAAN,"organisasi gaada regenerasi yang baik, potensi mhs tersia-sia",RENDAH
LAINNYA,"kebersihan taman kampus kumuh, baunya tidak enak",RENDAH
JARINGAN_IT,"wifi gedung b lantai 2 gabisa konek, gabisa kumpul tugas online",RENDAH
JARINGAN_IT,"sinyal di gedung a lantai 3 hilang timbul, gabisa akses internet sama sekali",RENDAH
JARINGAN_IT,spada gabisa diakses saat saat banyak pengguna,RENDAH
AKADEMIK,"sistem siakad bgt tidak user-friendly, nilai terancam",TINGGI
JARINGAN_IT,server siakad sering down waktu deadline tugas,KRITIS
LAINNYA,"lapangan badminton bayar 10 ribu padahal mhs uho, mhs gabisa olahraga gratis",RENDAH
FASILITAS,"parkiran gedung fisip sempit bgt, sering telat kls gara-gara nyari tempat parkir",RENDAH
LAINNYA,"area taman kampus panas tidak teduh, tidak nyaman buat mhs",RENDAH
KEUANGAN,"seleksi beasiswa tidak transparan, mhs layak tidak dapat",TINGGI
JARINGAN_IT,"internet di fakultas hukum lemot parah, terpaksa pakai kuota sendiri",SEDANG
FASILITAS,"ruangan di gedung b hampir setiap kelas selalu ada kursi yang tidak punya meja atau mejanya ancur. kalau hanya duduk mungkin bisa, tapi untuk mencatat saat pembelajaran sedang berlangsung itu bgt menyulitkan.",SEDANG
KEUANGAN,"transparansi biaya resmi kampus bgt minim, mhs tidak tahu bagaimana seleksinya",RENDAH
LAINNYA,"keamanan lingkungan sekitar kampus sering ada kehilangan barang, orang luar bebas masuk",RENDAH
FASILITAS,"colokan di ruang kls lantai 2 longgar, padahal butuh buat ngecas",RENDAH
FASILITAS,"fasilitas gedung c sudah bgt ketinggalan, kami sudah bayar ukt tepat waktu",TINGGI
AKADEMIK,"jadwal jadwal kls pengganti mendadak bgt, banyak mhs yang tidak tahu",RENDAH
JARINGAN_IT,wifi prodi kalau rame kadang susah tersambung ke hp,RENDAH
JARINGAN_IT,spada sering eror saat saat banyak pengguna,TINGGI
KEMAHASISWAAN,"informasi prosedur pengajuan surat hanya di grup tertentu, mhs banyak yang tidak tahu",RENDAH
LAINNYA,"gerbang gerbang 2 pintunya ancur, sering terlelet kls",SEDANG
KEUANGAN,"informasi beasiswa hanya untuk yang punya koneksi, prosesnya tidak adil",TINGGI
JARINGAN_IT,spada lemot bgt saat saat banyak pengguna,SEDANG
KEUANGAN,"beasiswa informasinya tidak merata, banyak yang berhak tapi tidak dapat",TINGGI
JARINGAN_IT,server spada bapuk ga stabil waktu masa uas,KRITIS
KEMAHASISWAAN,"fasilitas lapangan olahraga fasilitasnya minim, mhs jadi kesal",RENDAH
AKADEMIK,"krs gabisa tambah matkul, stress ngurusnya",TINGGI
LAINNYA,"area ruang tunggu panas dan tidak teduh, kurang nyaman buat mhs",RENDAH
LAINNYA,"kantin dekat gedung fisip jamnya terlalu singkat, mhs susah makan siang",RENDAH
FASILITAS,"lab matematika kondisinya pengap, mhs gabisa belajar maksimal",SEDANG
FASILITAS,"wc gedung b tidak terurus, kotor, dan keran wastafel tidak berfungsi. selain itu kursi perklsan juga banyak yang ancur dan gabisa digunakan.",SEDANG
JARINGAN_IT,internet di lab komputer gabisa diandalkan padahal butuh buat akses jurnal,RENDAH
AKADEMIK,"spada nge-lag waktu saat uas, susah download bahan ajar",KRITIS
AKADEMIK,"sistem portal mhs susah dinavigasi, nilai terancam",TINGGI
FASILITAS,"plafon lab matematika bocor saat hujan, khawatir mhs tidak nyaman",SEDANG
JARINGAN_IT,"jaringan di gedung d sering putus-putus, susah akses internet",RENDAH
FASILITAS,"toilet di gedung b lantai 3 airnya mati total. selain itu, ac di kelas lantai yang sama juga sering kurang dingin kalau siang, jadi mhs kurang konsen belajar soalnya gerah",KRITIS
KEMAHASISWAAN,"informasi kompetisi mhs tidak disebarkan merata, mhs jadi kesal",RENDAH
KEUANGAN,biaya wisuda terlalu mahal dan prosedurnya memakan waktu lama,TINGGI
JARINGAN_IT,"spada down terus tepat saat banyak pengguna, panik bgt",TINGGI
JARINGAN_IT,"sinyal di gedung fh gabisa untuk data seluler, kls online jadi terganggu",RENDAH
JARINGAN_IT,koneksi di gedung a lantai 3 gabisa diandalkan padahal butuh buat kumpul tugas,RENDAH
LAINNYA,"pintu masuk utama pintunya ancur, sering terlelet kls",SEDANG
AKADEMIK,"nilai tidak sesuai ekspektasi tanpa penjelasan, proses akademik jadi terlelet",SEDANG
AKADEMIK,"sistem web akademik ui-nya membingungkan, nilai terancam",TINGGI
KEUANGAN,"pengumuman syarat keringanan ukt tidak diinformasikan dengan jelas, prosesnya jadi bgt lama",TINGGI
AKADEMIK,"website portal mhs ui-nya outdated bgt, belajar jadi terganggu",RENDAH
JARINGAN_IT,zoom kls online sering lag soalnya wifi gedung a lantai 2 kurang untuk semua mhs,RENDAH
AKADEMIK,"bahan ajar tidak lengkap, nilai bisa jelek soalnya tidak konsen",RENDAH
KEMAHASISWAAN,"staff bagian kemhsan tidak membantu, tidak enak kalau harus ke sana",RENDAH
LAINNYA,"lingkungan sekitar fakultas ekonomi kurang terawat, tidak nyaman buat aktivitas luar",RENDAH
FASILITAS,"fasilitas gedung b lantai 1 sudah bgt ketinggalan, kami sudah bayar ukt tepat waktu",TINGGI
KEMAHASISWAAN,"informasi program pertukaran pelajar mendadak, mhs banyak yang tidak tahu",RENDAH
AKADEMIK,"ruang kls terlalu sempit, capek bgt dikelas",RENDAH
LAINNYA,"area taman kampus kotor dan tidak terawat, kurang nyaman buat mhs",SEDANG
FASILITAS,"banyak kursi di gedung d yang mejanya patah, mhs jadi malas masuk kls",RENDAH
KEUANGAN,beasiswa seleksinya tidak transparan dan banyak mhs yang berhak tapi tidak dapat,TINGGI
KEUANGAN,"pembayaran biaya praktikum gabisa online, menghambat proses akademik",RENDAH
KEMAHASISWAAN,"layanan hima pelayanannya kurang baik, mhs jadi kesal",RENDAH
FASILITAS,perlengkapan di laboratorium khusus nya di laboratorium botani banyak yang kurang berfungsi dengan baik,RENDAH
JARINGAN_IT,wifi kampus gabisa dipakai apalagi kalau semua mhs pakai,RENDAH
KEMAHASISWAAN,"fasilitas sekretariat bem tidak layak, mhs jadi kesal",RENDAH
JARINGAN_IT,"spada sering eror tepat deadline pengumpulan tugas, panik bgt",KRITIS
FASILITAS,"pipa saluran ac di ruang kls lantai 2 bocor, lantai jadi basah",RENDAH
LAINNYA,"transportasi akses transportasi umum susah, tidak ramah lingkungan",RENDAH
KEMAHASISWAAN,"fasilitas ruang rapat mhs terlalu kecil, proses administrasi terhambat",RENDAH
JARINGAN_IT,upload tugas di spada gagal terus soalnya internet gedung fisip nge-lag,RENDAH
FASILITAS,"lampu di lab komputer mipa sering turun saklarnya, ruangan jadi gelap",RENDAH
AKADEMIK,"informasi prosedur skripsi mendadak bgt, stress bgt ngurusnya",TINGGI
AKADEMIK,"sistem portal mhs ui-nya bgt tidak user-friendly, tugas jadi terlelet dikumpulkan",SEDANG
KEUANGAN,"seleksi beasiswa tidak transparan, prosesnya tidak adil",TINGGI
LAINNYA,sampah di area kampus menumpuk saat hari libur,RENDAH
FASILITAS,lahan parkir di gedung a lantai 1 banyak yang parkir sembarangan jadi sering telat kls,RENDAH
KEMAHASISWAAN,"fasilitas sekretariat bem fasilitasnya minim, pengurusan jadi bgt lama",RENDAH
JARINGAN_IT,"wifi gedung mipa kayak tidak dibayar, kls online terganggu",RENDAH
KEUANGAN,"transparansi biaya resmi kampus bgt minim, mhs tidak tahu kemana uangnya pergi",RENDAH
AKADEMIK,"nilai gabisa diakses di portal, mhs jadi bingung",SEDANG
JARINGAN_IT,wifi kampus lemot parah apalagi kalau banyak yang konek,SEDANG
JARINGAN_IT,wifi kampus gabisa konek apalagi kalau acara kampus,RENDAH
KEMAHASISWAAN,"staff hima tidak responsif, malas mengurus keperluan ke sana",RENDAH
KEMAHASISWAAN,"senioritas di unit kemhsan sudah melewati batas, membuat mhs baru tertekan",RENDAH
JARINGAN_IT,"internet di prodi matematika gabisa diandalkan, gabisa akses spada",SEDANG
KEMAHASISWAAN,"program pertukaran mhs kuota yang terlalu sedikit, mhs kurang diuntungkan",RENDAH
LAINNYA,"kantin area food court kampus tempatnya sempit dan panas, mhs susah makan siang",RENDAH
LAINNYA,"gerbang gerbang 1 pintunya ancur, antrean masuk kampus panjang",SEDANG
KEUANGAN,"pengumuman pengumuman beasiswa tidak diinformasikan dengan jelas, mhs jadi bingung",TINGGI
JARINGAN_IT,spada lemot bgt saat deadline pengumpulan tugas,KRITIS
JARINGAN_IT,"wifi perpus pusat lemot parah, gabisa akses spada",SEDANG
AKADEMIK,"jadwal prosedur skripsi hanya dari mulut ke mulut, banyak mhs yang tidak tahu",TINGGI
AKADEMIK,"sistem spada membingungkan, nilai terancam",TINGGI
AKADEMIK,"informasi jadwal ujian mendadak, stress bgt ngurusnya",TINGGI
AKADEMIK,"bahan ajar sudah outdated, capek bgt dikelas",RENDAH
KEMAHASISWAAN,"organisasi kegiatannya monoton, potensi mhs tersia-sia",RENDAH
FASILITAS,"fasilitas auditorium sudah bgt ketinggalan, padahal kita sudah bayar ukt",TINGGI
AKADEMIK,"krs matkul yang tersedia tidak sesuai kurikulum, mhs jadi bingung",TINGGI
LAINNYA,"kantin pusat jamnya singkat, terpaksa keluar kampus",RENDAH
FASILITAS,"tangga fakultas teknik gaada pegangan, sering ada yang jatuh",RENDAH
JARINGAN_IT,"wifi gedung b lantai 1 lemot parah, kls online terganggu",SEDANG
JARINGAN_IT,"jangkauan wifi gedung rektorat tidak sampai ke semua ruangan, susah download materi kls",TINGGI
LAINNYA,"keamanan gedung saat weekend cctv tidak berfungsi, mhs tidak merasa aman",RENDAH
AKADEMIK,"web akademik gabisa diakses saat saat uts, tugas jadi terlelet",KRITIS
JARINGAN_IT,wifi di lab komputer gabisa konek apalagi banyak yang konek,RENDAH
KEMAHASISWAAN,"pengurusan ktm harus bolak-balik, mhs jadi kesal",RENDAH
AKADEMIK,"jadwal kls gaada pemberitahuan resmi, banyak yang ketinggalan informasi",RENDAH
JARINGAN_IT,"jaringan di gedung c gabisa diandalkan, susah akses internet",RENDAH
AKADEMIK,"ruang kls terlalu panas, susah konsen belajar",RENDAH
FASILITAS,"gaada tempat duduk di prodi matematika, padahal bgt dibutuhkan",SEDANG
FASILITAS,"fasilitas perpus pusat tidak memadai, masa bayar ukt tapi fasilitas gini",TINGGI
FASILITAS,"kursi di gedung b lantai 3 udah lama mejanya patah, kapan diganti?",RENDAH
LAINNYA,"kantin area food court harganya mahal, susah makan siang",RENDAH
AKADEMIK,portal mhs sering datanya hilang waktu saat uts/uas,KRITIS
KEMAHASISWAAN,"pengurusan surat keterangan lulus butuh berhari-hari, bgt lama",RENDAH
JARINGAN_IT,"jaringan di gedung b lantai 3 sering putus-putus, susah akses internet",RENDAH
FASILITAS,"ac di prodi akuntansi berisik bgt, jadi mhs tidak konsen belajar",RENDAH
JARINGAN_IT,"wifi gedung fh gabisa dipakai, terpaksa pakai kuota sendiri",RENDAH
FASILITAS,"plafon ruangan 1.1 jelek parah, khawatir mhs tidak nyaman",RENDAH
JARINGAN_IT,wifi kampus nge-lag terus apalagi kalau siang hari,RENDAH
KEMAHASISWAAN,"informasi prosedur pengajuan surat tidak disosialisasikan dengan baik, mhs banyak yang tidak tahu",RENDAH
KEUANGAN,"dana penelitian mhs tidak cair tepat waktu, mhs dirugikan",RENDAH
JARINGAN_IT,"spada gabisa diakses tepat jam kls, panik bgt",RENDAH
AKADEMIK,"bahan ajar tidak diberikan oleh dosen, susah konsen belajar",RENDAH
LAINNYA,"gerbang gerbang 2 gaada sistem akses, tidak efisien",RENDAH
KEUANGAN,"prosedur administrasi keuangan bgt rumit dan berbelit, menghambat proses akademik",RENDAH
JARINGAN_IT,spada uho ngelag dan sistemnya terlalu ribet padahal hanya mengumpulkan tugas,RENDAH
LAINNYA,"jalan di dekat auditorium gaada penerangan malam, kendaraan jadi ancur",SEDANG
JARINGAN_IT,"jangkauan wifi lab biologi tidak luas, gabisa kumpul tugas online",TINGGI
FASILITAS,"parkiran gedung a lantai 1 gada atapnya, kendaraan bisa catnya jadi ancur",SEDANG
JARINGAN_IT,"jangkauan wifi gedung fisip hanya di spot tertentu, gabisa kumpul tugas online",RENDAH
AKADEMIK,"website siakad sering down, mhs rugi bgt",TINGGI
LAINNYA,"lapangan futsal gaada penerangan malam, gabisa dimanfaatkan optimal",TINGGI
AKADEMIK,"sistem krs gabisa diakses saat pengumuman nilai, mhs rugi bgt",TINGGI
JARINGAN_IT,"wifi gedung a lantai 1 kayak tidak dibayar, gabisa kumpul tugas online",RENDAH
JARINGAN_IT,"jaringan di fakultas teknik bgt buruk, susah akses internet",RENDAH
KEMAHASISWAAN,"staff layanan administrasi mhs tidak responsif, tidak sesuai standar pelayanan",RENDAH
LAINNYA,"lingkungan sekitar gedung b lantai 2 minim fasilitas publik, tidak nyaman aktivitas luar",RENDAH
KEUANGAN,"prosedur administrasi keuangan bgt rumit, menghambat akademik",RENDAH
LAINNYA,"kebersihan sekitar parkiran gaada tempat sampah, tidak nyaman untuk beraktivitas",RENDAH
FASILITAS,"ac cuma cuma 1 untuk seluruh gedung lantai, keringat terus padahal lagi kls",RENDAH
AKADEMIK,"ruang kls terlalu sempit, mhs jadi malas masuk kls",RENDAH
LAINNYA,gerbang gerbang 3 gaada satpam sehingga antrean panjang,SEDANG
AKADEMIK,"spada loadingnya lama bgt, susah akses materi kls",RENDAH
KEUANGAN,"dana kkn prosesnya berbelit-belit, mhs dirugikan",RENDAH
FASILITAS,"min, wc di gedung fh kondisinya kotor parah, tolong segera diperbaiki",SEDANG
FASILITAS,"wc lab biologi airnya tidak mengalir dari kemarin, tidak nyaman sama sekali",RENDAH
AKADEMIK,"krs sering eror, proses jadi terlelet",TINGGI
AKADEMIK,"bimbingan skripsi prosedurnya ribet, proses wisuda jadi molor",TINGGI
FASILITAS,"pipa saluran ac di ruang kls lantai 2 bocor, kertas tugas basah semua",RENDAH
AKADEMIK,"sistem siakad bgt tidak user-friendly, proses akademik terhambat",RENDAH
KEUANGAN,ada biaya tidak jelas untuk kegiatan tertentu yang tidak semestinya,RENDAH
KEMAHASISWAAN,"info program beasiswa cuma nyebar di grup tertentu, yang lain tidak tahu",TINGGI
KEMAHASISWAAN,"kegiatan lomba antar prodi informasinya tidak merata, pengurusan jadi bgt lama",RENDAH
KEUANGAN,"pengumuman syarat keringanan ukt tidak diinformasikan dengan jelas, mhs yang urgent jadi kesusahan",TINGGI
FASILITAS,"ac cuma cuma 1 untuk 2 lantai lantai, keringat terus padahal lagi kls",RENDAH
FASILITAS,"fasilitas gedung fisip tidak memadai, padahal kita sudah bayar ukt",TINGGI
FASILITAS,"wc gedung mipa airnya tidak mengalir dari kemarin, mhs jadi susah kalau kebelet",RENDAH
AKADEMIK,"dosen tidak tepat waktu, tugas jadi terlelet",SEDANG
AKADEMIK,"dosen jarang masuk, belajar jadi terganggu",RENDAH
KEMAHASISWAAN,"program mentoring akademik tidak merata distribusinya, mhs kurang diuntungkan",RENDAH
KEMAHASISWAAN,"pengurusan ktm butuh berminggu-minggu, bgt lama",RENDAH
JARINGAN_IT,"gaada wifi sama sekali di perpus, gabisa akses spada",RENDAH
JARINGAN_IT,"bandwidth wifi kampus habis di jam sibuk, tidak cukup untuk semua mhs",RENDAH
FASILITAS,"ac di lab komputer mipa udah lama nda diperbaiki, tidak berfungsi",RENDAH
JARINGAN_IT,server sistem informasi kampus sering down waktu masa uas,KRITIS
LAINNYA,"kantin area food court kampus jamnya terlalu singkat, mhs susah makan siang",RENDAH
JARINGAN_IT,koneksi di lab komputer putus-putus saat masa uas,TINGGI
FASILITAS,lab matematika kursinya goyang terus dan papan tulisnya gabisa dibaca,SEDANG
KEMAHASISWAAN,"kegiatan program mentoring kurang dukungan kampus, mhs jadi kesal",RENDAH
FASILITAS,"gedung a lantai 1 panas bgt soalnya mati total, belajarnya terganggu",KRITIS
LAINNYA,"area area belajar outdoor kotor dan tidak terawat, kurang nyaman buat mhs",SEDANG
FASILITAS,"banyak kursi di gedung b lantai 2 yang gaada mejanya, gabisa fokus",RENDAH
KEUANGAN,beasiswa informasinya tidak merata dan hanya yang punya koneksi yang dapat,TINGGI
FASILITAS,"tolong ac gedung d segera diperbaiki, kurang dingin dan badan rasanya mau pingsan",RENDAH
AKADEMIK,"dosen tidak tepat waktu, belajar jadi terganggu",RENDAH
FASILITAS,"kebersihan lab biologi kotor bgt, tidak nyaman berada di sini",SEDANG
KEMAHASISWAAN,"layanan bem tidak konsisten jam operasionalnya, pengurusan jadi bgt lama",RENDAH
JARINGAN_IT,"sinyal di lab kimia gabisa untuk data seluler, kls online jadi terganggu",RENDAH
KEMAHASISWAAN,"pengurusan dokumen beasiswa butuh seminggu lebih, bgt lama",TINGGI
JARINGAN_IT,"wifi prodi informatika bapuk ga stabil, tidak produktif di kampus",TINGGI
KEUANGAN,"informasi beasiswa mendadak diumumkan, banyak mhs yang layak tidak dapat",TINGGI
JARINGAN_IT,upload tugas di spada gagal terus soalnya internet lab komputer nge-lag,RENDAH
JARINGAN_IT,internet di gedung c bapuk ga stabil padahal butuh buat kls online,RENDAH
KEUANGAN,"penggunaan dana kkn tidak transparan, mhs tidak tahu kemana uangnya",RENDAH
JARINGAN_IT,"jangkauan wifi fakultas teknik tidak luas, gabisa akses spada",KRITIS
LAINNYA,"jalan di area antar gedung bergelombang, kendaraan jadi ancur",SEDANG
FASILITAS,gedung alibas bgt panas,RENDAH
LAINNYA,"kantin belakang gedung b tidak higienis, mhs susah makan siang",RENDAH
AKADEMIK,"informasi jadwal ujian mendadak, banyak yang ketinggalan informasi",TINGGI
LAINNYA,"jalan di area antar gedung sempit, banjir waktu hujan",RENDAH
AKADEMIK,"spada lemot parah, susah lihat nilai",SEDANG
FASILITAS,"lab komputer panas bgt soalnya cuma pajangan, belajarnya terganggu",RENDAH
LAINNYA,gerbang gerbang 1 gaada sistem akses sehingga antrean panjang,SEDANG
AKADEMIK,"ruang kls terlalu sempit, susah konsen belajar",RENDAH
LAINNYA,jalan di uho dekat auditorium baru jelek berlubang,RENDAH
JARINGAN_IT,server spada gabisa diakses waktu masa uts,KRITIS
AKADEMIK,"informasi jadwal ujian hanya dari mulut ke mulut, banyak yang ketinggalan informasi",TINGGI
FASILITAS,"ac di ruang kls lantai 2 udah lama nda diperbaiki, cuma pajangan",RENDAH
JARINGAN_IT,"wifi gedung b lantai 3 bapuk ga stabil, terpaksa pakai kuota sendiri",RENDAH
KEMAHASISWAAN,"sosialisasi program beasiswa hanya melalui grup tertentu, banyak yang terlewat informasinya",TINGGI
KEMAHASISWAAN,"fasilitas sekretariat bem tidak layak, pengurusan jadi bgt lama",RENDAH
KEUANGAN,ukt tidak sebanding fasilitas tapi fasilitasnya jauh dari layak,TINGGI
JARINGAN_IT,upload tugas di spada gagal terus soalnya internet aula lemot parah,SEDANG
FASILITAS,"tolong ac gedung b lantai 2 segera diperbaiki, kurang dingin dan kita kepanasan parah",RENDAH
FASILITAS,"jendela ruang kls lantai 2 engselnya ancur, panas masuk ruangan",SEDANG
FASILITAS,aula gedung c kursinya sudah tidak layak pakai dan proyektornya ancur,SEDANG
FASILITAS,"fasilitas di lab sudah beberapa yang harus diganti, kursi sudah hilang beberapa rodanya, ac sudah tidak dingin.",RENDAH
AKADEMIK,"ruang kls tidak kondusif, capek bgt dikelas",RENDAH
JARINGAN_IT,"bandwidth wifi kampus tidak memadai, susah download materi kls",TINGGI
LAINNYA,"jalan di area antar gedung ancur parah berlubang-lubang, banjir waktu hujan",SEDANG
FASILITAS,"kebersihan gedung fisip jarang dibersihkan, tidak nyaman berada di sini",RENDAH
KEUANGAN,"pengumuman pengumuman beasiswa mendadak bgt, mhs kaget",TINGGI
LAINNYA,"keamanan gedung saat weekend gaada satpam, sering ada kehilangan motor",KRITIS
FASILITAS,"lab komputer mipa jarang dibersihkan, fasilitasnya tidak memadai",RENDAH
FASILITAS,ac di ruang kelas sering tidak berfungsi sehingga ruangan menjadi bgt panas sehingga kita merasa nda nyaman mohon untuk segera di perbaiki.,RENDAH
JARINGAN_IT,"jangkauan wifi prodi matematika tidak sampai ke semua ruangan, kls online terganggu",SEDANG
JARINGAN_IT,server spada sering down waktu masa uas,KRITIS
KEMAHASISWAAN,"kegiatan ospek informasinya tidak merata, mhs jadi tidak antusias",RENDAH
FASILITAS,lahan parkir di gedung b lantai 2 sempit bgt jadi sering telat kls,RENDAH
KEMAHASISWAAN,"senioritas di prodi masih bgt kental, membuat mhs baru tertekan",RENDAH
LAINNYA,"lapangan basket dikenakan biaya masuk yang tidak semestinya, gaada wadah kegiatan olahraga mhs",RENDAH
KEUANGAN,"pembayaran biaya kkn harus datang langsung berkali-kali, mhs jadi bingung",SEDANG
LAINNYA,"jalan di area parkir utama licin waktu hujan, kendaraan jadi ancur",SEDANG
AKADEMIK,"bahan ajar harus beli sendiri, mhs jadi malas masuk kls",RENDAH
JARINGAN_IT,"jaringan di lab biologi lemot parah, susah akses internet",SEDANG
KEUANGAN,biaya parkir di area kampus seharusnya tidak dibebankan ke mhs,RENDAH
KEMAHASISWAAN,"kegiatan seminar mhs waktunya tidak pas, proses administrasi terhambat",RENDAH
KEUANGAN,"dosen mewajibkan beli buku tertentu, kalau tidak beli nilai bisa jelek",RENDAH
KEMAHASISWAAN,"senioritas di unit kemhsan masih tidak ditangani baik, mhs baru jadi tertekan",RENDAH
KEMAHASISWAAN,"senioritas di organisasi kampus membuat mhs baru tidak nyaman, membuat mhs baru tertekan",RENDAH
FASILITAS,"parkiran fakultas ekonomi banyak yang parkir sembarangan, sering ada yang ditabrak",RENDAH
KEUANGAN,"prosedur pembayaran wisuda tidak transparan, mhs yang urgent jadi kesusahan",TINGGI
LAINNYA,"kantin dekat gedung fisip tempatnya sempit dan panas, mhs susah makan siang",RENDAH
FASILITAS,"ac di gedung c berisik bgt, jadi mhs tidak konsen belajar",RENDAH
AKADEMIK,"informasi informasi kkn mendadak bgt, mhs dirugikan",RENDAH
FASILITAS,"plafon ruangan 1.2 sudah retak, khawatir mhs tidak nyaman",RENDAH
JARINGAN_IT,internet di gedung fisip sering putus padahal butuh buat kls online,RENDAH
KEMAHASISWAAN,"sosialisasi prosedur dokumen bgt kurang, banyak yang ketinggalan",RENDAH
AKADEMIK,sistem krs sering timeout terutama saat uas,KRITIS
FASILITAS,"fasilitas gedung fh sudah bgt ketinggalan, kami sudah bayar ukt tepat waktu",TINGGI
FASILITAS,"lampu di ruangan 3.1 tidak berfungsi, gabisa presentasi pakai proyektor",RENDAH
FASILITAS,"gaada lift/eskalator di gedung b lantai 2, padahal bgt dibutuhkan",RENDAH
KEUANGAN,"pembayaran ukt prosedurnya rumit, mhs jadi bingung",TINGGI
LAINNYA,"taman kampus tidak terawat, gaada tempat bersantai",RENDAH
FASILITAS,"plafon ruang seminar jelek parah, khawatir mhs tidak nyaman",RENDAH
FASILITAS,"min, parkiran gedung b lantai 1 tidak teratur tolong diatur lebih baik",RENDAH
JARINGAN_IT,"jaringan di fakultas teknik gabisa diandalkan, susah akses internet",RENDAH
FASILITAS,toilet di gedung b lantai 2 airnya tidak mengalir dan airnya gaada,RENDAH
FASILITAS,"gedung a lantai 1 panas bgt soalnya kurang dingin, mhs jadi malas masuk kls",RENDAH
FASILITAS,"plafon lab komputer mipa jelek parah, khawatir bisa kena mhs",RENDAH
AKADEMIK,"website web akademik tidak user friendly, belajar jadi terganggu",RENDAH
LAINNYA,"lapangan bola gaada penerangan malam hari, gaada wadah kegiatan olahraga mhs",SEDANG
JARINGAN_IT,"jangkauan wifi gedung c hanya di spot tertentu, tidak produktif di kampus",TINGGI
JARINGAN_IT,wifi kampus bapuk ga stabil apalagi kalau siang hari,RENDAH
AKADEMIK,"website web akademik lemot bgt, mhs rugi bgt",SEDANG
FASILITAS,"kursi di gedung d udah lama kayunya sudah lapuk, kapan diganti?",RENDAH
JARINGAN_IT,"jaringan di gedung b lantai 2 sering putus-putus, susah akses internet",RENDAH
FASILITAS,"plafon ruang kls lantai 2 bocor saat hujan, khawatir bisa kena mhs",RENDAH
AKADEMIK,"sistem sistem krs ui-nya susah dinavigasi, proses akademik terhambat",TINGGI
KEMAHASISWAAN,"informasi program beasiswa tidak disebarkan merata, pengurusan jadi lama",TINGGI
KEUANGAN,"prosedur administrasi keuangan tidak transparan, mhs urgent kesusahan",RENDAH
KEUANGAN,"pembayaran ukt harus datang langsung berkali-kali, mhs jadi bingung",TINGGI
KEMAHASISWAAN,"layanan bem sering tutup, proses administrasi terhambat",RENDAH
FASILITAS,"gedung rektorat panas bgt soalnya cuma pajangan, gabisa fokus",RENDAH
FASILITAS,"kebersihan fakultas ekonomi sampahnya menumpuk, baunya tidak enak",RENDAH
KEUANGAN,"transparansi anggaran kegiatan mhs bgt minim, mhs tidak tahu siapa yang berhak",RENDAH
FASILITAS,"min, wc di gedung a lantai 2 kondisinya airnya tidak mengalir, tolong segera diperbaiki",RENDAH
KEMAHASISWAAN,"sosialisasi hak dan kewajiban mhs gaada pengumuman resmi, banyak yang ketinggalan",RENDAH
KEMAHASISWAAN,"fasilitas lapangan olahraga terlalu kecil, mhs jadi kesal",RENDAH
FASILITAS,lahan parkir di gedung c tidak teratur jadi sering telat kls,RENDAH
LAINNYA,"keamanan lingkungan sekitar kampus kurang terjaga, sering kehilangan barang",RENDAH
AKADEMIK,"ruang kls tidak kondusif, susah konsen belajar",RENDAH
LAINNYA,"kebersihan taman kampus jarang dibersihkan, baunya tidak enak",RENDAH
LAINNYA,"jalan di area antar gedung gaada lampu penerang malam hari, banjir waktu hujan",RENDAH
KEMAHASISWAAN,"pengurusan surat keterangan mhs aktif butuh bgt lama, bgt lama",RENDAH
FASILITAS,"wc perpus pusat airnya tidak mengalir sudah seminggu lebih, terpaksa ke gedung lain yang jauh",RENDAH
KEUANGAN,"pengumuman syarat keringanan ukt hanya dari mulut ke mulut, mhs kaget",TINGGI
KEMAHASISWAAN,"kegiatan program mentoring waktunya tidak pas, mhs jadi tidak antusias",RENDAH
JARINGAN_IT,wifi di gedung b lantai 3 lemot parah apalagi siang hari,SEDANG
KEMAHASISWAAN,"pengurusan surat keterangan lulus butuh lebih dari 2 minggu, bgt lama",RENDAH
AKADEMIK,"bahan ajar tidak lengkap, gabisa fokus",RENDAH
KEUANGAN,"informasi beasiswa tidak transparan, prosesnya tidak adil",TINGGI
JARINGAN_IT,"wifi fakultas ekonomi lemot parah, susah download materi kls",TINGGI
KEUANGAN,"dana penelitian mhs tidak transparan penggunaannya, mhs dirugikan",RENDAH
FASILITAS,lahan parkir di gedung a lantai 2 berantakan jadi sering telat kls,RENDAH
FASILITAS,"musola di fakultas teknik tempat wudhunya ancur, tolong diperhatikan",SEDANG
JARINGAN_IT,"internet di prodi akuntansi sering putus, gabisa kumpul tugas online",RENDAH
KEUANGAN,"dana kkn tidak cair tepat waktu, mhs dirugikan",RENDAH
AKADEMIK,"informasi syarat wisuda hanya dari mulut ke mulut, proses akademik jadi terlelet",TINGGI
AKADEMIK,"bahan ajar tidak diberikan oleh dosen, mhs jadi malas masuk kls",RENDAH
JARINGAN_IT,"jaringan di gedung a lantai 1 sering putus-putus, susah akses internet",RENDAH
JARINGAN_IT,internet di perpus sering putus padahal butuh buat download materi,TINGGI
LAINNYA,"atm/ bank kampus hanya satu dan sering antre, merepotkan saat butuh dana mendadak",SEDANG
LAINNYA,"kebersihan area kampus bgt kotor, tidak nyaman beraktivitas",SEDANG
KEUANGAN,"dana kegiatan mhs jumlahnya tidak sesuai, mhs dirugikan",RENDAH
FASILITAS,"banyak kursi di lab komputer yang banyak yang hilang, belajarnya terganggu",RENDAH
AKADEMIK,"website siakad ui-nya outdated bgt, nilai terancam",TINGGI
AKADEMIK,"dosen tidak memberikan feedback nilai, tugas jadi terlelet dikumpulkan",SEDANG
AKADEMIK,"spada sering down, susah kumpul tugas",TINGGI
AKADEMIK,"jadwal kls bentrok dengan mata kls lain, mhs dirugikan",RENDAH
JARINGAN_IT,koneksi di gedung a lantai 1 bapuk ga stabil padahal butuh buat akses spada,RENDAH
KEUANGAN,"pengumuman perubahan biaya mendadak bgt, menghambat proses akademik",RENDAH
JARINGAN_IT,"bandwidth wifi kampus sering habis di jam sibuk, susah download materi kls",TINGGI
KEUANGAN,"pengumuman deadline pembayaran ukt tidak diinformasikan dengan jelas, mhs yang urgent jadi kesusahan",TINGGI
KEUANGAN,"prosedur pengajuan keringanan ukt tidak transparan, mhs jadi bingung",TINGGI
KEMAHASISWAAN,"informasi kompetisi mhs tidak disosialisasikan dengan baik, mhs banyak yang tidak tahu",RENDAH
KEMAHASISWAAN,"sosialisasi hak dan kewajiban mhs tidak merata, banyak yang ketinggalan",RENDAH
JARINGAN_IT,"sinyal di gedung c gaada sama sekali, harus keluar ruangan dulu",RENDAH
JARINGAN_IT,"bandwidth wifi kampus bgt terbatas, gabisa kumpul tugas online",RENDAH
AKADEMIK,"spada lemot parah waktu deadline tugas, susah ikut kuis",KRITIS
KEUANGAN,ada dosen yang menjual buku wajib dibeli yang tidak semestinya,RENDAH
LAINNYA,"kebersihan area kantin bgt kotor, mencerminkan citra kampus yang buruk",SEDANG
LAINNYA,"lapangan basket dikenakan biaya masuk yang tidak semestinya, lapangan gabisa dimanfaatkan optimal",RENDAH
JARINGAN_IT,upload tugas di spada gagal terus soalnya internet gedung b lantai 3 lemot parah,SEDANG
JARINGAN_IT,"jaringan di lab kimia bapuk ga stabil, susah akses internet",RENDAH
FASILITAS,"wc gedung d airnya tidak mengalir sudah seminggu lebih, harus nahan lama bgt",RENDAH
KEUANGAN,"ukt prosedur keringanan susah, tapi ac-nya ancur semua",TINGGI
KEMAHASISWAAN,"kegiatan kegiatan ukm tidak terorganisir dengan baik, mhs jadi kesal",TINGGI
LAINNYA,"gerbang gerbang 2 pintunya ancur, antrean masuk kampus panjang",SEDANG
KEUANGAN,"prosedur pengajuan keringanan ukt tidak jelas alurnya, mhs jadi bingung",TINGGI
KEMAHASISWAAN,"pengurusan surat rekomendasi butuh seminggu lebih, bgt lama",RENDAH
KEMAHASISWAAN,"senioritas di unit kemhsan membuat mhs baru tidak nyaman, membuat mhs baru tertekan",RENDAH
LAINNYA,"area koridor antar gedung gaada tempat duduk, kurang nyaman buat mhs",RENDAH
KEMAHASISWAAN,"program bimbingan karir prosedur pendaftarannya ribet, mhs kurang diuntungkan",RENDAH
FASILITAS,"kamar mandi fakultas teknik cuma pajangan, jadi malas kls apalagi kalau kebelet",RENDAH
KEUANGAN,"beasiswa distribusinya tidak merata, banyak yang berhak tapi tidak dapat",TINGGI
FASILITAS,"gaada lift/eskalator di prodi akuntansi, padahal bgt dibutuhkan",RENDAH
FASILITAS,"min, wc di prodi matematika kondisinya jorok bgt, tolong segera diperbaiki",SEDANG
LAINNYA,"gerbang 3 jarang dibuka, antrean masuk panjang",SEDANG
KEMAHASISWAAN,"program pertukaran mhs sosialisasinya kurang, mhs banyak yang tidak tahu",RENDAH
KEMAHASISWAAN,"program wirausaha mhs kuota yang terlalu sedikit, mhs kurang diuntungkan",RENDAH
FASILITAS,"kursi di gedung mipa udah lama sudah tidak layak pakai, kapan diganti?",RENDAH
LAINNYA,"jalan di belakang rektorat sempit bgt, kendaraan jadi ancur",SEDANG
JARINGAN_IT,"internet di prodi informatika lemot parah, terpaksa pakai kuota sendiri",SEDANG
FASILITAS,"gaada kantin di prodi matematika, padahal bgt dibutuhkan",SEDANG
KEUANGAN,"informasi beasiswa mendadak diumumkan, mhs kurang mampu dirugikan",TINGGI
AKADEMIK,"sistem web akademik ui-nya susah dinavigasi, tugas jadi terlelet dikumpulkan",SEDANG
AKADEMIK,web akademik sering datanya hilang waktu saat uts/uas,KRITIS
AKADEMIK,"dosen sering reschedule mendadak, nilai terancam",TINGGI
FASILITAS,"gaada ruang tunggu di gedung a lantai 2, padahal bgt dibutuhkan",RENDAH
JARINGAN_IT,koneksi di gedung rektorat lemot parah padahal butuh buat download materi,TINGGI
FASILITAS,"parkiran prodi matematika gada atapnya, kendaraan bisa catnya jadi ancur",SEDANG
KEUANGAN,"prosedur pengajuan keringanan ukt bgt rumit, menghambat akademik",TINGGI
KEUANGAN,"seleksi beasiswa tidak transparan, mhs kurang mampu dirugikan",TINGGI
JARINGAN_IT,"sinyal di perpus pusat gaada sama sekali, gabisa upload tugas",RENDAH
JARINGAN_IT,spada gabisa diakses saat deadline pengumpulan tugas,KRITIS
FASILITAS,"tangga gedung rektorat beberapa anak tangganya ancur, sering ada yang jatuh",SEDANG
KEUANGAN,"transparansi biaya-biaya resmi kampus kurang, mhs tidak tahu apa saja biaya yang resmi",RENDAH
JARINGAN_IT,"jaringan di gedung b lantai 1 bgt buruk, susah akses internet",RENDAH
LAINNYA,"keamanan area parkir gaada satpam, tidak kondusif untuk kegiatan malam",RENDAH
FASILITAS,"banyak kursi di gedung fisip yang sudah tidak layak pakai, gabisa fokus",RENDAH
AKADEMIK,"ruang kls proyektornya ancur, capek bgt dikelas",SEDANG
FASILITAS,"remot ac lab komputer cuma 2 buat semua lantai, susah hidupinnya",RENDAH
JARINGAN_IT,spada sering eror saat jam kls,TINGGI
JARINGAN_IT,koneksi di gedung c sering putus padahal butuh buat akses jurnal,RENDAH
JARINGAN_IT,koneksi di prodi informatika bapuk ga stabil padahal butuh buat akses spada,SEDANG
KEUANGAN,biaya penggunaan lapangan olahraga seharusnya tidak dibebankan ke mhs,RENDAH
KEUANGAN,ukt naik setiap tahun tapi wifi gabisa diandalkan,TINGGI
KEMAHASISWAAN,"fasilitas lapangan olahraga tidak layak, banyak yang tidak terlayani",RENDAH
AKADEMIK,"ruang kls tidak sesuai kapasitas mhs, gabisa fokus",RENDAH
FASILITAS,"jendela aula gedung c gaada gordennya, silau bgt saat kls",RENDAH
KEMAHASISWAAN,"staff bem tidak membantu, tidak enak kalau harus ke sana",RENDAH
LAINNYA,"keamanan area kampus malam hari cctv-nya tidak berfungsi, tidak kondusif untuk kegiatan malam",RENDAH
JARINGAN_IT,"jangkauan wifi perpus pusat hanya di spot tertentu, kls online terganggu",RENDAH
JARINGAN_IT,"internet di lab komputer gabisa diandalkan, gabisa kumpul tugas online",RENDAH
JARINGAN_IT,"bandwidth wifi kampus bgt terbatas, tidak cukup untuk semua mhs",RENDAH
LAINNYA,"jalan di area parkir utama bergelombang, bisa bikin kecelakaan",KRITIS
AKADEMIK,spada sering crash tiba-tiba waktu saat jam sibuk,RENDAH
KEMAHASISWAAN,"pengurusan ktm butuh seminggu lebih, bgt lama",RENDAH
LAINNYA,"lapangan futsal tidak terawat, gaada wadah kegiatan olahraga mhs",TINGGI
FASILITAS,"ac gedung fh cuma pajangan, berisik bgt padahal masa bayar ukt tapi fasilitas gini",TINGGI
AKADEMIK,"website spada sering eror, belajar jadi terganggu",TINGGI
LAINNYA,"kantin belakang gedung b tempatnya sempit, antrean panjang",SEDANG
KEMAHASISWAAN,"fasilitas ruang ukm tidak memadai, mhs jadi kesal",RENDAH
AKADEMIK,"nilai ada yang salah input, mhs dirugikan",RENDAH
JARINGAN_IT,server portal akademik sering down waktu masa uts,KRITIS
FASILITAS,"remot ac gedung b lantai 1 cuma 1 untuk 3 lantai, susah hidupinnya",RENDAH
FASILITAS,"min, wc di auditorium kondisinya tidak terawat, tolong segera diperbaiki",RENDAH
KEMAHASISWAAN,"fasilitas ruang rapat mhs fasilitasnya minim, pengurusan jadi bgt lama",RENDAH
JARINGAN_IT,upload tugas di spada gagal terus soalnya internet gedung fh lemot parah,SEDANG
FASILITAS,ac dalam ruangannya tolong di nyalakan karna seringkali ac nya tda menyala jadinya kepanasan,RENDAH
JARINGAN_IT,"jaringan di fakultas ekonomi bapuk ga stabil, susah akses internet",RENDAH
JARINGAN_IT,koneksi di gedung rektorat sering putus padahal butuh buat akses spada,RENDAH
FASILITAS,"min, parkiran perpus pusat gaada petugas tolong diatur lebih baik",RENDAH
JARINGAN_IT,"jangkauan wifi gedung fh tidak luas, harus geser-geser cari sinyal",TINGGI
JARINGAN_IT,"sinyal di prodi informatika gaada sama sekali, gabisa upload tugas",SEDANG
FASILITAS,"tolong ac gedung mipa segera diperbaiki, netes airnya dan gerah minta ampun",RENDAH
AKADEMIK,"sistem portal mhs ui-nya terlalu ribet, nilai terancam",TINGGI
KEUANGAN,"transparansi anggaran kegiatan mhs kurang, mhs tidak tahu bagaimana seleksinya",RENDAH
KEUANGAN,"gaada info resmi tentang distribusi beasiswa, mhs hanya dengar dari mulut ke mulut",TINGGI
AKADEMIK,"website siakad lemot bgt, tugas jadi terlelet dikumpulkan",SEDANG
LAINNYA,"area ruang tunggu kotor dan tidak terawat, kurang nyaman buat mhs",SEDANG
FASILITAS,"musola di perpus pusat tidak terawat, tolong diperhatikan",RENDAH
LAINNYA,"lingkungan sekitar gedung c gersang gaada pohon, panas bgt siang hari",RENDAH
AKADEMIK,"spada lemot parah, susah download bahan ajar",TINGGI
AKADEMIK,siakad sering crash tiba-tiba waktu masa krs,TINGGI
FASILITAS,"plafon ruangan 1.1 bocor saat hujan, khawatir mhs tidak nyaman",RENDAH
FASILITAS,"tolong ac lab komputer segera diperbaiki, mati total dan gerah minta ampun",KRITIS
AKADEMIK,"informasi jadwal seminar hanya dari mulut ke mulut, mhs dirugikan",RENDAH
KEMAHASISWAAN,"pengurusan surat izin kegiatan makan waktu lebih dari 2 minggu, bgt tidak efisien",RENDAH
JARINGAN_IT,server spada lelet bgt waktu jam kls,SEDANG
JARINGAN_IT,"wifi perpus pusat bapuk ga stabil, terpaksa pakai kuota sendiri",RENDAH
FASILITAS,ruangan 2.3 kursinya mejanya patah dan papan tulisnya gabisa dibaca,RENDAH
JARINGAN_IT,"sinyal seluler di perpus bgt lemah, harus keluar dulu baru bisa internetan",RENDAH
LAINNYA,"keamanan area parkir kurang terjaga, orang luar bebas masuk",RENDAH
JARINGAN_IT,spada down terus saat saat banyak pengguna,TINGGI
KEMAHASISWAAN,"organisasi tidak aktif, gaada wadah aspirasi mhs",RENDAH
KEUANGAN,"penggunaan dana praktikum tidak transparan, mhs tidak tahu kemana uangnya",RENDAH
KEMAHASISWAAN,"kegiatan kegiatan sosial kampus waktunya tidak pas, banyak yang tidak terlayani",RENDAH
FASILITAS,"wc gedung b lantai 1 jorok bgt, terpaksa ke gedung lain yang jauh",RENDAH
KEUANGAN,"pembayaran ukt terjadi kesalahan administrasi, prosesnya jadi bgt lama",TINGGI
AKADEMIK,"dosen jarang masuk, tugas jadi terlelet dikumpulkan",SEDANG
KEUANGAN,"prosedur pengajuan keringanan ukt banyak persyaratan yang tidak masuk akal, mhs yang urgent jadi kesusahan",TINGGI
FASILITAS,"tangga gedung fisip gaada pegangan, bahaya kalau terpeleset",RENDAH
KEUANGAN,"informasi beasiswa tidak disosialisasikan dengan baik, mhs kurang mampu jadi dirugikan",TINGGI
KEMAHASISWAAN,"pengurusan transkip nilai sementara harus bolak-balik, mhs jadi kesal",RENDAH
JARINGAN_IT,"jangkauan wifi gedung a lantai 3 hanya di spot tertentu, susah download materi kls",TINGGI
FASILITAS,"banyak kursi di lab kimia yang gaada mejanya, belajarnya terganggu",RENDAH
FASILITAS,"colokan di lab komputer mipa tidak berfungsi, padahal butuh buat ngecas",RENDAH
KEUANGAN,"prosedur administrasi keuangan memakan waktu lama, mhs yang urgent jadi kesusahan",RENDAH
JARINGAN_IT,"wifi gedung b lantai 3 nge-lag terus, terpaksa pakai kuota sendiri",RENDAH
LAINNYA,"lapangan badminton tidak terawat, mhs gabisa olahraga gratis",RENDAH
KEMAHASISWAAN,"senioritas di himpunan tidak ditangani dengan baik, membuat mhs baru tertekan",RENDAH
FASILITAS,"min, wc di gedung a lantai 2 kondisinya cuma pajangan, tolong segera diperbaiki",RENDAH
KEMAHASISWAAN,"pengurusan dokumen beasiswa makan waktu berminggu-minggu, bgt tidak efisien",TINGGI
AKADEMIK,"sistem spada outdated bgt, mhs rugi bgt",RENDAH
LAINNYA,sampah di koridor gedung menumpuk kalau gaada petugas,RENDAH
AKADEMIK,"informasi informasi kkn tidak diinformasikan dengan jelas, mhs jadi bingung",SEDANG
KEMAHASISWAAN,"pengurusan surat izin kegiatan butuh lebih dari 2 minggu, bgt lama",RENDAH
KEMAHASISWAAN,"program magang kampus merdeka sosialisasinya kurang, mhs banyak yang tidak tahu",RENDAH
AKADEMIK,web akademik sering gabisa diakses waktu saat uts/uas,KRITIS
JARINGAN_IT,wifi kampus nge-lag terus apalagi kalau banyak yang konek,RENDAH
AKADEMIK,"jadwal kls bentrok dengan mata kls lain, proses akademik jadi terlelet",SEDANG
KEMAHASISWAAN,"kegiatan ospek informasinya tidak merata, mhs jadi kesal",RENDAH
KEUANGAN,"pengumuman pengumuman beasiswa tidak sampai ke semua mhs, mhs kaget",TINGGI
FASILITAS,"min, parkiran auditorium gaada petugas tolong diatur lebih baik",RENDAH
FASILITAS,toilet di fakultas teknik gabisa dipakai dan pintunya ancur,SEDANG
AKADEMIK,"dosen sering reschedule mendadak, proses akademik terhambat",RENDAH
JARINGAN_IT,spada lemot bgt saat pagi hari,SEDANG
AKADEMIK,"informasi prosedur skripsi tidak diinformasikan dengan jelas, proses akademik jadi terlelet",TINGGI
KEMAHASISWAAN,"senioritas di organisasi kampus tidak ditangani dengan baik, membuat mhs baru tertekan",RENDAH
KEUANGAN,"transparansi penggunaan dana ukt kurang, mhs tidak tahu siapa yang berhak",TINGGI
KEMAHASISWAAN,"staff layanan administrasi mhs tidak responsif, mhs jadi tidak nyaman",RENDAH
FASILITAS,plafon di ruangan 1.2 gedung d sudah retak sehingga saya kurang konsen belajar soalnya khawatir plafonnya roboh,RENDAH
KEUANGAN,"informasi beasiswa tidak disosialisasikan dengan baik, hanya orang tertentu yang tahu",TINGGI
FASILITAS,"wc fakultas hukum airnya tidak mengalir sudah lama bgt, jadi malas kls",RENDAH
KEUANGAN,ada dosen menjual buku wajib beli yang memberatkan mhs,RENDAH
KEUANGAN,"informasi beasiswa mendadak diumumkan, hanya orang tertentu yang tahu",TINGGI
AKADEMIK,"spada lemot parah waktu saat uts, susah kumpul tugas",KRITIS
JARINGAN_IT,"bandwidth wifi kampus sering habis di jam sibuk, tidak produktif di kampus",TINGGI
JARINGAN_IT,"server siakad sering down pas masa krs, susah download materi",TINGGI
AKADEMIK,"informasi prosedur skripsi mendadak, stress bgt ngurusnya",TINGGI
AKADEMIK,"ruang kls tidak kondusif, gabisa fokus",RENDAH
FASILITAS,"parkiran gedung a lantai 3 gada atapnya, kendaraan bisa kepanasan",RENDAH
KEUANGAN,"penggunaan dana kegiatan mhs tidak transparan, mhs tidak tahu kemana uangnya",RENDAH
FASILITAS,"wc auditorium gabisa dipakai, mhs jadi susah kalau kebelet",RENDAH
KEUANGAN,"gaada info resmi tentang biaya resmi kampus, mhs hanya dengar dari mulut ke mulut",RENDAH
FASILITAS,"banyak kursi di gedung a lantai 1 yang ancur, mhs jadi malas masuk kls",SEDANG
FASILITAS,lahan parkir di lab komputer sempit bgt jadi sering telat kls,RENDAH
JARINGAN_IT,"internet di fakultas hukum gabisa diandalkan, gabisa akses spada",RENDAH
JARINGAN_IT,"jangkauan wifi gedung d hanya di spot tertentu, kls online terganggu",RENDAH
AKADEMIK,"materi kls tidak diberikan dosen, mhs susah belajar mandiri",RENDAH
KEUANGAN,ada pungutan di luar ketentuan yang tidak semestinya,RENDAH
KEMAHASISWAAN,"staff unit kemhsan melayani dengan malas, tidak enak kalau harus ke sana",RENDAH
LAINNYA,"lingkungan sekitar gedung fh gersang gaada pohon, tidak nyaman aktivitas luar",RENDAH
KEUANGAN,"ukt naik setiap tahun, tapi fasilitasnya jauh dari layak",TINGGI
KEMAHASISWAAN,"senioritas di himpunan membuat mhs baru tidak nyaman, membuat mhs baru tertekan",RENDAH
JARINGAN_IT,"wifi gedung a lantai 3 gabisa dipakai, tidak produktif di kampus",TINGGI
FASILITAS,"colokan di ruang kls lantai 2 tidak berfungsi, padahal butuh buat ngecas",RENDAH
KEUANGAN,"dana kkn jumlahnya tidak sesuai, mhs yang kena dampaknya",RENDAH
KEUANGAN,beasiswa informasinya tidak merata dan informasinya tidak sampai ke semua mhs,TINGGI
LAINNYA,"gaada jalur sepeda di area kampus, padahal bgt dibutuhkan",RENDAH
KEMAHASISWAAN,hak mhs dalam program beasiswa kurang disosialisasikan,TINGGI
LAINNYA,"gerbang 1 gaada sistem akses, tidak aman",RENDAH
KEMAHASISWAAN,"sosialisasi prosedur dokumen tidak merata, banyak yang ketinggalan",RENDAH
KEUANGAN,beasiswa distribusinya tidak merata dan informasinya tidak sampai ke semua mhs,TINGGI
AKADEMIK,"website portal mhs ui-nya outdated bgt, mhs rugi bgt",RENDAH
FASILITAS,"min, wc di lab kimia kondisinya airnya tidak mengalir, tolong segera diperbaiki",RENDAH
KEMAHASISWAAN,"senioritas di unit kemhsan masih membuat tidak nyaman, mhs baru jadi tertekan",RENDAH
AKADEMIK,"dosen metode mengajarnya membosankan, proses akademik terhambat",RENDAH
AKADEMIK,"jadwal jadwal kls pengganti tidak diinformasikan jelas, banyak mhs yang tidak tahu",RENDAH
JARINGAN_IT,"jangkauan wifi gedung a lantai 1 tidak luas, susah download materi kls",TINGGI
FASILITAS,"pintu wc gedung rektorat gabisa dikunci, bgt tidak nyaman",RENDAH
JARINGAN_IT,wifi di ruang seminar lemot parah apalagi semua mhs pakai,SEDANG
JARINGAN_IT,"sinyal di gedung fisip gaada sama sekali, harus keluar ruangan dulu",RENDAH
AKADEMIK,"spada gabisa diakses, susah akses forum diskusi",RENDAH
KEUANGAN,"pembayaran biaya kkn terjadi kesalahan administrasi, mhs yang urgent jadi kesusahan",RENDAH
FASILITAS,"saklar di gedung a lantai 3 sering turun, jadi kls terganggu",RENDAH
KEUANGAN,"seleksi beasiswa tidak transparan, hanya orang tertentu yang tahu",TINGGI
LAINNYA,"kebersihan koridor gedung jarang dibersihkan, baunya tidak enak",RENDAH
FASILITAS,"fasilitas prodi informatika tidak memadai, masa bayar ukt tapi fasilitas gini",TINGGI
AKADEMIK,"dosen tidak beri feedback nilai, proses akademik terhambat",RENDAH
FASILITAS,"parkiran gedung a lantai 2 gada atapnya, kendaraan bisa catnya jadi ancur",SEDANG
KEUANGAN,"pengumuman deadline pembayaran ukt mendadak bgt, mhs kaget",KRITIS
KEUANGAN,"pembayaran biaya kkn terjadi kesalahan administrasi, prosesnya jadi bgt lama",RENDAH
KEMAHASISWAAN,"organisasi gaada regenerasi yang baik, mhs jadi tidak berkembang",RENDAH
KEMAHASISWAAN,"1. minimnya minat berorganisasi mhs di era modern ini, yang memicu kurangnya mengalisis masalah internal maupun eksternal kampus(mendiamkan masalah), sehingga menimbulkan kejanggalan dan masalah yang bermacam-macam sering terjadi di lingkungan eksternal maupun internal kampus.",TINGGI
LAINNYA,"atm/ bank kampus hanya satu dan sering antre, mhs harus keluar kampus untuk ke atm",SEDANG
FASILITAS,"musola di gedung a lantai 2 tempat wudhunya ancur, tolong diperhatikan",SEDANG
LAINNYA,"keamanan area parkir rawan tindak kriminal, tidak kondusif untuk kegiatan malam",KRITIS
FASILITAS,"ac di ruang kls lantai 2 udah lama nda diperbaiki, tidak berfungsi",RENDAH
AKADEMIK,"informasi jadwal ujian mendadak, mhs dirugikan",TINGGI
JARINGAN_IT,wifi kampus sering disconnect apalagi kalau banyak yang konek,RENDAH
KEUANGAN,"transparansi distribusi beasiswa bgt minim, mhs tidak tahu bagaimana seleksinya",TINGGI
JARINGAN_IT,"wifi gedung a lantai 2 sering disconnect, susah download materi kls",TINGGI
AKADEMIK,web akademik sering crash tiba-tiba waktu saat jam sibuk,RENDAH
KEMAHASISWAAN,"layanan bagian kemhsan jarang beroperasi, mhs jadi kesal",RENDAH
KEMAHASISWAAN,"fasilitas ruang rapat mhs tidak layak, pengurusan jadi bgt lama",RENDAH
FASILITAS,"plafon ruang kelas b2 bocor saat hujan, khawatir celaka kalau tiba-tiba jatuh",RENDAH
KEUANGAN,"informasi beasiswa tidak transparan, mhs layak tidak dapat",TINGGI
JARINGAN_IT,"jangkauan wifi gedung mipa tidak sampai ke semua ruangan, kls online terganggu",RENDAH
LAINNYA,sampah di sekitar parkiran menumpuk beberapa hari,RENDAH
KEMAHASISWAAN,"pengurusan surat keterangan aktif makan waktu lebih dari 2 minggu, bgt tidak efisien",RENDAH
FASILITAS,"wc fakultas hukum airnya tidak mengalir sudah lama bgt, terpaksa ke gedung lain yang jauh",RENDAH
LAINNYA,"kebersihan koridor gedung sampah bertebaran, bisa jadi sumber penyakit",RENDAH
LAINNYA,"gaada atm di area kampus, padahal bgt dibutuhkan",RENDAH
JARINGAN_IT,"internet di gedung a lantai 3 lemot parah, tidak produktif di kampus",TINGGI
LAINNYA,"keamanan lingkungan sekitar kampus cctv-nya tidak berfungsi, sering ada kehilangan motor",KRITIS
JARINGAN_IT,"wifi gedung a lantai 1 gabisa dipakai, susah download materi kls",TINGGI
FASILITAS,"tolong ac gedung b lantai 3 segera diperbaiki, cuma pajangan dan mhs tidak konsen belajar",RENDAH
JARINGAN_IT,"jangkauan wifi lab komputer tidak luas, harus geser-geser cari sinyal",TINGGI
JARINGAN_IT,"jangkauan wifi gedung fisip tidak sampai ke semua ruangan, gabisa akses spada",RENDAH
KEUANGAN,"dana kkn jumlahnya tidak sesuai, mhs dirugikan",RENDAH
JARINGAN_IT,"wifi gedung b lantai 2 sering disconnect, susah download materi",TINGGI
FASILITAS,"gedung fh panas bgt soalnya cuma pajangan, capek bgt dikelas",RENDAH
FASILITAS,"kebersihan gedung fisip gaada petugas kebersihan, bisa jadi sumber penyakit",RENDAH
LAINNYA,"gerbang 2 pintunya ancur, sering terlelet kls",SEDANG
JARINGAN_IT,server siakad bapuk ga stabil waktu masa uas,KRITIS
KEMAHASISWAAN,"fasilitas ruang ukm terlalu kecil, proses administrasi terhambat",RENDAH
AKADEMIK,"sistem sistem krs ui-nya membingungkan, mhs rugi bgt",TINGGI
JARINGAN_IT,upload tugas di spada gagal terus soalnya internet gedung fisip gabisa konek,RENDAH
JARINGAN_IT,koneksi di gedung a lantai 1 sering putus padahal butuh buat akses jurnal,RENDAH
FASILITAS,"ac prodi matematika cuma pajangan, netes airnya padahal ukt mahal tapi fasilitas tidak sesuai",TINGGI
LAINNYA,"lapangan basket gaada penerangan malam, gabisa dimanfaatkan optimal",SEDANG
FASILITAS,"tolong ac fakultas teknik segera diperbaiki, nda menyala dan belajarnya tidak nyaman",RENDAH
KEMAHASISWAAN,"sosialisasi kegiatan kemhsan hanya melalui grup tertentu, banyak yang terlewat informasinya",RENDAH
AKADEMIK,"gaada feedback nilai dari dosen, mhs jadi bingung",SEDANG
KEUANGAN,"masih terdapat pungli, seperti dosen menjual buku, yang tidak beli buku nilainya jelek",RENDAH
FASILITAS,parkiran motor yang masih kurang teratur dan banyak parkir sembarangan. alhasil terlelet kalau ada kelas karna waktunya habis untuk cari parkir dulu.,SEDANG
FASILITAS,"tolong ac prodi informatika segera diperbaiki, gak optimal dan mhs tidak konsen belajar",SEDANG
KEUANGAN,ukt sudah mahal tapi ac-nya ancur semua,TINGGI
LAINNYA,"jalan di belakang rektorat licin waktu hujan, berbahaya buat motor",RENDAH
JARINGAN_IT,"sinyal di fakultas hukum gabisa untuk data seluler, gabisa upload tugas",RENDAH
FASILITAS,"ac di gedung b lantai 3 tidak berfungsi, jadi gerah minta ampun",RENDAH
FASILITAS,"pipa saluran ac di lab matematika bocor, kertas tugas basah semua",SEDANG
LAINNYA,"gerbang gerbang 3 gaada sistem akses, antrean masuk kampus panjang",SEDANG
KEMAHASISWAAN,"staff layanan administrasi mhs kurang ramah, mhs jadi tidak nyaman",RENDAH
JARINGAN_IT,"jangkauan wifi gedung fh tidak sampai semua ruangan, harus geser-geser cari sinyal",RENDAH
LAINNYA,"transportasi gaada shuttle bus kampus, biaya transportasi jadi membebani",RENDAH
KEMAHASISWAAN,"informasi program pertukaran pelajar hanya di grup tertentu, mhs banyak yang tidak tahu",RENDAH
AKADEMIK,"dosen metode mengajarnya membosankan, nilai terancam",TINGGI
JARINGAN_IT,"jangkauan wifi lab biologi hanya di spot tertentu, tidak produktif di kampus",TINGGI
LAINNYA,"kebersihan koridor gedung jarang dibersihkan, bisa jadi sumber penyakit",RENDAH
FASILITAS,"pipa saluran ac di lab komputer mipa bocor, colokan jadi bahaya kena air",RENDAH
JARINGAN_IT,"wifi fakultas teknik lemot parah, susah download materi kls",TINGGI
LAINNYA,"lingkungan sekitar gedung b lantai 2 minim fasilitas publik, gaada tempat bersantai",RENDAH
LAINNYA,"lapangan bola tidak terawat, mhs gabisa olahraga gratis",RENDAH
KEMAHASISWAAN,"senioritas di lingkungan kampus tidak ditangani dengan baik, membuat mhs baru tertekan",RENDAH
LAINNYA,"jalan di belakang rektorat gaada lampu penerang malam hari, bisa bikin kecelakaan",KRITIS
FASILITAS,"lampu di lab matematika putus, gabisa presentasi pakai proyektor",SEDANG
KEUANGAN,ukt prosedur keringanan susah tapi wifi gabisa diandalkan,TINGGI
AKADEMIK,"informasi jadwal ujian tidak sampai ke semua mhs, mhs jadi bingung",TINGGI
FASILITAS,"parkiran gedung d gada atapnya, kendaraan bisa catnya jadi ancur",SEDANG
JARINGAN_IT,"wifi prodi akuntansi lemot parah, kls online terganggu",SEDANG
KEUANGAN,"informasi beasiswa hanya untuk yang punya koneksi, mhs kurang mampu jadi dirugikan",TINGGI
JARINGAN_IT,"bandwidth wifi kampus sering habis di jam sibuk, gabisa akses spada",RENDAH
FASILITAS,"wc gedung a lantai 3 airnya tidak mengalir sudah berhari-hari, harus nahan lama bgt",RENDAH
AKADEMIK,"spada sering down, susah akses forum diskusi",TINGGI
LAINNYA,"transportasi akses transportasi umum susah, biaya transportasi jadi membebani",RENDAH
LAINNYA,gerbang gerbang 2 jarang dibuka sehingga antrean panjang,SEDANG
AKADEMIK,"krs gabisa tambah matkul, banyak yang ketinggalan info",TINGGI
JARINGAN_IT,"server sistem informasi kampus bapuk ga stabil pas masa uts, kls online terganggu",KRITIS
AKADEMIK,"bimbingan skripsi bimbingan tidak terjadwal, proses wisuda jadi molor",TINGGI
AKADEMIK,"informasi jadwal ujian mendadak bgt, stress bgt ngurusnya",TINGGI
LAINNYA,"keamanan lingkungan sekitar kampus cctv tidak berfungsi, sering kehilangan barang",RENDAH
LAINNYA,"keamanan area parkir gaada satpam, mhs tidak merasa aman",RENDAH
LAINNYA,"keamanan area kampus malam hari sering ada kehilangan barang, sering ada kehilangan motor",KRITIS
LAINNYA,"kantin dekat gedung fisip jamnya terlalu singkat, antriannya panjang bgt",RENDAH
JARINGAN_IT,"sinyal di prodi informatika gabisa untuk data seluler, kls online jadi terganggu",SEDANG
JARINGAN_IT,wifinya gabisa di gunakan sepertinya belum di bayar,RENDAH
KEUANGAN,beasiswa prosesnya tidak jelas dan informasinya tidak sampai ke semua mhs,TINGGI
FASILITAS,lahan parkir di lab komputer banyak yang parkir sembarangan jadi sering telat kls,RENDAH
JARINGAN_IT,koneksi di auditorium bapuk ga stabil padahal butuh buat video conference dengan dosen,RENDAH
AKADEMIK,sistem krs sering eror parah waktu saat jam sibuk,TINGGI
LAINNYA,"lingkungan sekitar ruang seminar gersang gaada pohon, tidak nyaman aktivitas luar",RENDAH
LAINNYA,"atm/ bank kampus sering kosong uangnya, mhs harus keluar kampus untuk ke atm",RENDAH
KEUANGAN,"pembayaran biaya kkn harus datang langsung berkali-kali, menghambat proses akademik",RENDAH
KEMAHASISWAAN,"layanan unit kemhsan responnya lelet, mhs jadi kesal",SEDANG
JARINGAN_IT,server portal akademik sering down waktu deadline tugas,KRITIS
LAINNYA,"lingkungan sekitar gedung a lantai 1 kurang terawat, gaada tempat untuk bersantai",RENDAH
FASILITAS,"banyak kursi di gedung c yang gaada mejanya, susah konsen belajar",RENDAH
FASILITAS,"gedung fh panas bgt soalnya gak optimal, belajarnya terganggu",RENDAH
JARINGAN_IT,"jaringan di gedung rektorat gabisa diandalkan, susah akses internet",RENDAH
KEMAHASISWAAN,"fasilitas lapangan olahraga terlalu kecil, pengurusan jadi bgt lama",RENDAH
LAINNYA,"kantin dekat gedung fisip tempatnya sempit, susah makan siang",RENDAH
LAINNYA,"lapangan voli ancur, mhs gabisa olahraga gratis",SEDANG
FASILITAS,"parkiran gedung fh banyak yang parkir sembarangan, sering telat kls gara-gara nyari tempat parkir",RENDAH
JARINGAN_IT,upload tugas di spada gagal terus soalnya internet perpus lemot parah,SEDANG
KEMAHASISWAAN,"layanan unit kemhsan sering tutup, pengurusan jadi bgt lama",RENDAH
FASILITAS,"plafon ruangan 2.3 sudah retak, khawatir celaka kalau tiba-tiba jatuh",RENDAH
FASILITAS,"fasilitas prodi matematika sudah bgt ketinggalan, kami sudah bayar ukt tepat waktu",TINGGI
JARINGAN_IT,"sinyal di lab biologi gaada sama sekali, kls online jadi terganggu",RENDAH
LAINNYA,"lingkungan sekitar gedung b lantai 3 kurang terawat, tidak nyaman buat aktivitas luar",RENDAH
JARINGAN_IT,server sistem informasi kampus lelet bgt waktu masa uts,KRITIS
KEMAHASISWAAN,"informasi program beasiswa tidak disebarkan merata, proses terhambat",TINGGI
FASILITAS,"parkiran gedung b lantai 3 gada atapnya, kendaraan bisa jok panas bgt",RENDAH
LAINNYA,gerbang gerbang 1 pintunya ancur sehingga antrean panjang,SEDANG
LAINNYA,"jalan di dekat auditorium gaada lampu penerang malam hari, banjir waktu hujan",RENDAH
JARINGAN_IT,"bandwidth wifi kampus kurang untuk semua mhs, kls online terganggu",RENDAH
JARINGAN_IT,server spada sering down waktu masa uts,KRITIS
JARINGAN_IT,"sinyal di gedung b lantai 3 bgt lemah, harus keluar ruangan dulu",RENDAH
FASILITAS,"ac di ruang kls lantai 2 udah lama nda diperbaiki, gak optimal",RENDAH
LAINNYA,"taman kampus tidak terawat, tidak nyaman aktivitas luar",RENDAH
JARINGAN_IT,upload tugas di spada gagal terus soalnya internet gedung fh nge-lag,RENDAH
LAINNYA,"pintu masuk utama pintunya ancur, tidak aman",SEDANG
KEMAHASISWAAN,"kegiatan seminar mhs tidak terorganisir, mhs jadi tidak antusias",TINGGI
KEMAHASISWAAN,"organisasi kurang dukungan dari kampus, potensi mhs tersia-sia",RENDAH
AKADEMIK,"ada dosen yang memberi nilai buruk kalau tidak beli bukunya, itu tidak profesional",RENDAH
KEMAHASISWAAN,"layanan bagian kemhsan responnya lelet, banyak yang tidak terlayani",SEDANG
KEUANGAN,"pengumuman pengumuman beasiswa hanya dari mulut ke mulut, mhs yang urgent jadi kesusahan",TINGGI
FASILITAS,"min, parkiran gedung a lantai 2 gaada petugas tolong diatur lebih baik",RENDAH
JARINGAN_IT,"hotspot kampus kayak tidak dibayar, terpaksa habiskan kuota sendiri",RENDAH
AKADEMIK,"website sistem krs sering eror, nilai terancam",TINGGI
KEMAHASISWAAN,"pengurusan surat rekomendasi makan waktu berhari-hari, bgt tidak efisien",RENDAH
KEUANGAN,"prosedur pengajuan keringanan ukt tidak jelas alurnya, menghambat proses akademik",TINGGI
JARINGAN_IT,"internet di gedung mipa bapuk ga stabil, gabisa akses spada",RENDAH
LAINNYA,"lingkungan sekitar aula kurang terawat, gaada tempat bersantai",RENDAH
JARINGAN_IT,"sinyal di prodi akuntansi hilang timbul, kls online jadi terganggu",RENDAH
JARINGAN_IT,server spada lelet bgt waktu masa uas,KRITIS
FASILITAS,"lab komputer mipa kondisinya fasilitasnya tidak memadai, hasil praktikum tidak valid",RENDAH
KEMAHASISWAAN,"sosialisasi prosedur dokumen hanya di grup tertentu, banyak yang ketinggalan",RENDAH
AKADEMIK,"krs sering eror, proses akademik jadi terlelet",TINGGI
FASILITAS,"gaada atm di prodi informatika, padahal bgt dibutuhkan",SEDANG
KEMAHASISWAAN,"informasi lowongan magang mendadak, mhs banyak yang tidak tahu",RENDAH
JARINGAN_IT,"bandwidth wifi kampus tidak memadai, gabisa kumpul tugas online",RENDAH
LAINNYA,"lingkungan sekitar gedung c kurang terawat, tidak mendukung kreativitas mhs",RENDAH
KEUANGAN,"transparansi penggunaan dana ukt kurang, mhs tidak tahu bagaimana seleksinya",TINGGI
LAINNYA,"lapangan basket gaada penerangan malam hari, gaada wadah kegiatan olahraga mhs",SEDANG
JARINGAN_IT,"jangkauan wifi gedung d tidak sampai ke semua ruangan, terpaksa pakai kuota sendiri",RENDAH
LAINNYA,"kebersihan area kantin bgt kotor, citra kampus buruk",SEDANG
AKADEMIK,"informasi jadwal seminar mendadak, proses akademik jadi terlelet",SEDANG
KEMAHASISWAAN,"pengurusan transkip nilai sementara butuh lebih dari 2 minggu, bgt lama",RENDAH
FASILITAS,"kamar mandi gedung b lantai 2 ancur total, tidak nyaman sama sekali apalagi kalau kebelet",TINGGI
LAINNYA,"jalan di belakang rektorat ancur parah berlubang, banjir waktu hujan",SEDANG
LAINNYA,sampah di area kantin menumpuk saat hari libur,RENDAH
KEMAHASISWAAN,"layanan bagian kemhsan pelayanannya kurang baik, mhs jadi kesal",RENDAH
LAINNYA,"jalan di belakang rektorat sempit bgt, bisa bikin kecelakaan",KRITIS
LAINNYA,"lapangan voli ancur, gaada wadah kegiatan olahraga mhs",SEDANG
LAINNYA,"lapangan futsal ancur, lapangan gabisa dimanfaatkan optimal",TINGGI
KEUANGAN,"pengumuman perubahan biaya tidak diinformasikan dengan jelas, mhs yang urgent jadi kesusahan",RENDAH
FASILITAS,"kursi di gedung a lantai 3 udah lama rodanya hilang, kapan diganti?",RENDAH
AKADEMIK,"bahan ajar tidak diberikan oleh dosen, capek bgt dikelas",RENDAH
JARINGAN_IT,wifi di gedung fh sering disconnect apalagi semua mhs pakai,RENDAH
LAINNYA,"lingkungan sekitar gedung b lantai 3 gersang gaada pohon, tidak nyaman aktivitas luar",RENDAH
LAINNYA,"keamanan gedung saat weekend cctv-nya tidak berfungsi, tidak kondusif untuk kegiatan malam",RENDAH
JARINGAN_IT,wifi kampus gabisa dipakai apalagi kalau banyak yang konek,RENDAH
LAINNYA,"jalan di dekat auditorium sempit, kendaraan jadi ancur",SEDANG
KEUANGAN,"pengumuman deadline pembayaran ukt hanya dari mulut ke mulut, mhs yang urgent jadi kesusahan",TINGGI
JARINGAN_IT,koneksi di auditorium sering putus padahal butuh buat akses jurnal,RENDAH
LAINNYA,"lingkungan sekitar prodi matematika kurang terawat, tidak nyaman buat aktivitas luar",SEDANG
FASILITAS,"lab kimia panas bgt soalnya netes airnya, mhs jadi malas masuk kls",RENDAH
KEMAHASISWAAN,"program magang kampus merdeka prosedur pendaftarannya ribet, mhs kurang diuntungkan",RENDAH
KEMAHASISWAAN,"kegiatan program mentoring informasinya tidak merata, mhs jadi kesal",RENDAH
JARINGAN_IT,"bandwidth wifi kampus tidak memadai, tidak cukup untuk semua mhs",RENDAH
FASILITAS,"parkiran gedung fisip gada atapnya, kendaraan bisa jok panas bgt",RENDAH
AKADEMIK,"krs gabisa diakses saat masa pengisian, banyak yang ketinggalan informasi",TINGGI
JARINGAN_IT,"internet di fakultas ekonomi bapuk ga stabil, gabisa akses spada",RENDAH
FASILITAS,"kursi di ruangan 3.1 kayunya sudah lapuk, susah nulis waktu kls",RENDAH
AKADEMIK,"bahan ajar sudah outdated, belajarnya terganggu",RENDAH
JARINGAN_IT,"sinyal di prodi matematika hilang timbul, gabisa upload tugas",SEDANG
JARINGAN_IT,"jaringan di lab kimia gabisa diandalkan, susah akses internet",RENDAH
FASILITAS,"kursi di ruangan 3.2 sudah tidak layak pakai, susah nulis waktu kls",RENDAH
KEUANGAN,"pengumuman perubahan biaya hanya dari mulut ke mulut, mhs kaget",RENDAH
LAINNYA,gerbang gerbang 1 gaada satpam sehingga antrean panjang,SEDANG
FASILITAS,"jendela lab matematika gaada gordennya, angin kencang masuk",SEDANG
LAINNYA,web siaqad yang selalu setiap tahunnya eror bermasalah heran deh dan ada juga beberapa kelas fasilitas ac-nya tidak memadai apa lahi di ruangan lebih banyak mhs hufff panasnya melarat sekali bahkan mau belajar pun tidak fokus,TINGGI
JARINGAN_IT,server sistem informasi kampus sering down waktu masa krs,TINGGI
FASILITAS,"plafon lab botani sudah retak, khawatir celaka kalau tiba-tiba jatuh",RENDAH
LAINNYA,"keamanan area kampus malam gaada satpam, sering kehilangan barang",RENDAH
LAINNYA,"keamanan gedung saat weekend rawan tindak kriminal, mhs tidak merasa aman",KRITIS
LAINNYA,"jalan di dekat auditorium gaada penerangan malam, banjir waktu hujan",SEDANG
LAINNYA,sampah di koridor gedung menumpuk saat hari libur,RENDAH
FASILITAS,"wc gedung a lantai 3 airnya tidak mengalir sudah lama bgt, jadi malas kls",RENDAH
FASILITAS,"ac gedung a lantai 2 cuma pajangan, berisik bgt padahal masa bayar ukt tapi fasilitas gini",TINGGI
FASILITAS,"banyak kursi di gedung fh yang rodanya hilang, gabisa fokus",RENDAH
KEMAHASISWAAN,"informasi program beasiswa tidak disosialisasikan dengan baik, mhs banyak yang tidak tahu",TINGGI
AKADEMIK,"dosen tidak responsif di grup, nilai terancam",TINGGI
JARINGAN_IT,"jangkauan wifi gedung b lantai 1 hanya di spot tertentu, tidak produktif di kampus",TINGGI
KEMAHASISWAAN,"layanan unit kemhsan tidak konsisten jam operasionalnya, pengurusan jadi bgt lama",RENDAH
FASILITAS,"jendela lab matematika engselnya ancur, silau bgt saat kls",SEDANG
KEUANGAN,"ukt sudah mahal, tapi fasilitasnya jauh dari layak",TINGGI
AKADEMIK,"spada gabisa diakses saat saat uas, proses akademik terhambat",KRITIS
JARINGAN_IT,"jangkauan wifi perpus tidak sampai semua ruangan, harus geser-geser cari sinyal",RENDAH
KEUANGAN,"informasi beasiswa susah diakses informasinya, prosesnya tidak adil",TINGGI
JARINGAN_IT,jangkauan wifinya terlalu pendek,RENDAH
FASILITAS,"parkiran prodi informatika gaada petugas, sering ada yang ditabrak",SEDANG
JARINGAN_IT,"sinyal di gedung fisip hilang timbul, gabisa upload tugas",RENDAH
FASILITAS,"banyak kursi di gedung fh yang banyak yang hilang, nilai bisa jelek soalnya tidak konsen",RENDAH
AKADEMIK,"spada lemot parah, susah akses forum diskusi",SEDANG
KEMAHASISWAAN,unit kemhsan pelayanannya kurang saat mhs butuh bantuan,RENDAH
KEMAHASISWAAN,"informasi prosedur pengajuan surat tidak merata, mhs banyak yang tidak tahu",RENDAH
KEMAHASISWAAN,gaada mentor atau pembimbing untuk mhs baru di prodi,RENDAH
KEMAHASISWAAN,"senioritas di prodi masih melewati batas, mhs baru jadi tertekan",RENDAH
KEMAHASISWAAN,"layanan bagian kemhsan sering tutup, mhs jadi kesal",RENDAH
KEMAHASISWAAN,"sosialisasi kegiatan kemhsan tidak merata, banyak yang ketinggalan",RENDAH
LAINNYA,"jalan di area antar gedung gaada penerangan malam, kendaraan jadi ancur",SEDANG
AKADEMIK,"spada nge-lag terus, susah akses forum diskusi",RENDAH
FASILITAS,"banyak kursi di lab kimia yang gaada mejanya, capek bgt dikelas",RENDAH
JARINGAN_IT,"koneksi internet gedung b lantai 3 lemot parah, gabisa akses spada",SEDANG
LAINNYA,"area area belajar outdoor gaada fasilitas, tidak nyaman buat mhs",RENDAH
JARINGAN_IT,spada gabisa diakses saat jam kls,RENDAH
JARINGAN_IT,"bandwidth wifi kampus kurang untuk semua mhs, tidak produktif di kampus",TINGGI
KEMAHASISWAAN,"layanan bagian kemhsan tidak konsisten, banyak yang tidak terlayani",RENDAH
LAINNYA,"keamanan area parkir cctv tidak berfungsi, sering kehilangan barang",RENDAH
JARINGAN_IT,"sinyal di gedung a lantai 2 gaada sama sekali, gabisa upload tugas",RENDAH
KEUANGAN,"pengumuman perubahan biaya tidak sampai ke semua mhs, mhs kaget",RENDAH
KEUANGAN,"biaya penggunaan lapangan dibebankan ke mhs, seharusnya tidak",RENDAH
JARINGAN_IT,"wifi gedung mipa nge-lag terus, gabisa akses spada",RENDAH
FASILITAS,"parkiran perpus pusat gada atapnya, kendaraan bisa jok panas bgt",RENDAH
JARINGAN_IT,"bandwidth wifi kampus kurang untuk semua mhs, susah download materi kls",TINGGI
KEMAHASISWAAN,"senioritas di lingkungan kampus membuat mhs baru tidak nyaman, membuat mhs baru tertekan",RENDAH
KEMAHASISWAAN,"fasilitas sekretariat bem tidak layak, proses administrasi terhambat",RENDAH
FASILITAS,"wc gedung b banyak tidak berfungsi dengan baik, seperti pintu ancur dan air yang tidak mengalir",SEDANG
AKADEMIK,"dosen jarang masuk, proses akademik terhambat",RENDAH
FASILITAS,"tangga fakultas ekonomi gaada pegangan, bahaya kalau terpeleset",RENDAH
KEUANGAN,"pengumuman deadline pembayaran ukt mendadak bgt, mhs yang urgent jadi kesusahan",TINGGI
LAINNYA,"lapangan bola dikenakan biaya masuk yang tidak semestinya, mhs gabisa olahraga gratis",RENDAH
FASILITAS,"gedung b lantai 2-3 sering turun saklar lampu, jadi ruangan panas, lcd mati, dll. paling parah pas setiap masuk matakls hm",SEDANG
KEUANGAN,biaya biaya kegiatan wajib seharusnya tidak dibebankan ke mhs,RENDAH
JARINGAN_IT,"jaringan di gedung fh bgt buruk, susah akses internet",RENDAH
JARINGAN_IT,koneksi di auditorium gabisa diandalkan padahal butuh buat akses spada,RENDAH
JARINGAN_IT,wifi kampus lemot parah apalagi kalau semua mhs pakai,SEDANG
JARINGAN_IT,server siakad sering down waktu masa krs,TINGGI
KEUANGAN,"transparansi biaya resmi kampus bgt minim, mhs tidak tahu apa saja biaya resmi",RENDAH
LAINNYA,"lingkungan sekitar perpus gersang gaada pohon, gaada tempat bersantai",RENDAH
JARINGAN_IT,koneksi di gedung c sering putus padahal butuh buat video conference dengan dosen,RENDAH
JARINGAN_IT,portal akademik timeout terus soalnya overload,RENDAH
KEMAHASISWAAN,hak mhs dalam hak dan kewajiban mhs kurang disosialisasikan,RENDAH
FASILITAS,"wc lab komputer tidak terawat, terpaksa ke gedung lain yang jauh",RENDAH
KEUANGAN,"pengumuman syarat keringanan ukt tidak diinformasikan jelas, mhs kaget",TINGGI
KEUANGAN,"dana kegiatan mhs jumlahnya tidak sesuai, mhs yang kena dampaknya",RENDAH
LAINNYA,"area sekitar perpus panas dan tidak teduh, kurang nyaman buat mhs",RENDAH
LAINNYA,"kantin area food court pilihannya sedikit, susah makan siang",RENDAH
JARINGAN_IT,koneksi di lab komputer lemot parah padahal butuh buat kumpul tugas,SEDANG
JARINGAN_IT,etdah ini spada lemot parahh sa mau cari matkul dan kmpul tugas susahnya minta ampun dah,SEDANG
FASILITAS,"prodi matematika panas bgt soalnya mati total, nilai bisa jelek soalnya tidak konsen",TINGGI
KEMAHASISWAAN,"senioritas di fakultas masih membuat tidak nyaman, mhs baru jadi tertekan",RENDAH
JARINGAN_IT,wifi kampus gabisa dipakai apalagi kalau siang hari,RENDAH
JARINGAN_IT,upload tugas di spada gagal terus soalnya internet aula bapuk ga stabil,RENDAH
FASILITAS,"parkiran prodi akuntansi tidak muat, sering ada yang ditabrak",RENDAH
LAINNYA,"kebersihan koridor gedung jarang dibersihkan, mencerminkan citra kampus yang buruk",RENDAH
AKADEMIK,"revisi skripsi responnya lama bgt, mhs jadi bingung",TINGGI
LAINNYA,sampah di kampus kalau hari libur banyak sekali,RENDAH
KEUANGAN,"prosedur pembayaran ukt tidak jelas alurnya, mhs yang urgent jadi kesusahan",TINGGI
FASILITAS,"parkiran gedung b lantai 1 sempit bgt, kendaraan jadi susah keluar",RENDAH
LAINNYA,"jalan di dekat auditorium bergelombang, banjir waktu hujan",RENDAH
KEUANGAN,"prosedur pembayaran wisuda banyak persyaratan yang tidak masuk akal, menghambat proses akademik",TINGGI
AKADEMIK,"ruang kls tidak sesuai kapasitas mhs, susah konsen belajar",RENDAH
FASILITAS,"kebersihan prodi informatika sampahnya menumpuk, tidak nyaman berada di sini",SEDANG
JARINGAN_IT,server spada bapuk ga stabil waktu masa uts,KRITIS
KEMAHASISWAAN,"program wirausaha mhs tidak merata distribusinya, mhs kurang diuntungkan",RENDAH
AKADEMIK,"sistem sistem krs ui-nya susah dinavigasi, belajar jadi terganggu",TINGGI
KEMAHASISWAAN,"staff layanan administrasi mhs kurang ramah, malas mengurus keperluan ke sana",RENDAH
LAINNYA,"kebersihan sekitar parkiran kumuh, baunya tidak enak",RENDAH
KEMAHASISWAAN,"staff unit kemhsan julidnya keterlaluan, mhs jadi tidak nyaman",RENDAH
JARINGAN_IT,wifi kampus bapuk ga stabil apalagi kalau banyak yang konek,RENDAH
FASILITAS,"kebersihan lab biologi jarang dibersihkan, bisa jadi sumber penyakit",RENDAH
FASILITAS,"kursi di prodi akuntansi udah lama rodanya hilang, kapan diganti?",RENDAH
AKADEMIK,"website portal mhs sering eror, tugas jadi terlelet dikumpulkan",TINGGI
LAINNYA,"gerbang pintu masuk utama sering macet di satu pintu saja, sering terlelet kls",SEDANG
KEUANGAN,"pembayaran biaya praktikum harus datang langsung berkali-kali, prosesnya jadi bgt lama",RENDAH
FASILITAS,"tolong ac gedung fisip segera diperbaiki, sudah ancur dan gerah minta ampun",SEDANG
FASILITAS,"min, parkiran gedung a lantai 1 tidak muat tolong diatur lebih baik",RENDAH
KEUANGAN,"pengumuman perubahan biaya tidak sampai ke semua mhs, mhs jadi bingung",SEDANG
LAINNYA,"atm/ bank kampus gaada di dalam kampus, tidak praktis",RENDAH
KEUANGAN,"pengumuman perubahan biaya mendadak bgt, mhs jadi bingung",SEDANG
KEUANGAN,"dana praktikum prosesnya berbelit-belit, mhs dirugikan",RENDAH
AKADEMIK,"jadwal kls gaada pemberitahuan resmi, mhs jadi bingung",SEDANG
AKADEMIK,"krs matkul yang tersedia tidak sesuai kurikulum, banyak yang ketinggalan informasi",TINGGI
LAINNYA,"atm/ bank kampus gaada di dalam kampus, mhs harus keluar kampus untuk ke atm",RENDAH
FASILITAS,"tolong ac gedung rektorat segera diperbaiki, mati total dan ruangan jadi gerah bgt",KRITIS
JARINGAN_IT,"sinyal seluler di gedung b lantai 3 hilang timbul, harus keluar dulu baru bisa internetan",RENDAH
FASILITAS,"musola di gedung b lantai 2 fasilitasnya minim, tolong diperhatikan",RENDAH
FASILITAS,"wc prodi informatika airnya tidak mengalir, mhs jadi susah kalau kebelet",SEDANG
LAINNYA,"gaada transportasi kampus, mhs kesulitan mobilitas",RENDAH
LAINNYA,"penerangan jalan di belakang rektorat gaada, berbahaya malam hari",SEDANG
JARINGAN_IT,internet di gedung b lantai 3 bapuk ga stabil padahal butuh buat akses spada,RENDAH
KEMAHASISWAAN,"kegiatan lomba antar prodi tidak terorganisir dengan baik, proses administrasi terhambat",TINGGI
KEUANGAN,"pembayaran biaya praktikum terjadi kesalahan administrasi, mhs yang urgent jadi kesusahan",RENDAH
LAINNYA,sampah di koridor gedung menumpuk setiap akhir pekan,RENDAH
LAINNYA,"lingkungan sekitar gedung mipa minim fasilitas publik, tidak mendukung kreativitas mhs",RENDAH
FASILITAS,"parkiran fakultas ekonomi banyak yang parkir sembarangan, kendaraan jadi susah keluar",RENDAH
AKADEMIK,"spada nge-lag terus, susah ikut kuis",RENDAH
KEUANGAN,"penggunaan dana penelitian mhs tidak transparan, mhs tidak tahu kemana uangnya",RENDAH
AKADEMIK,"ruang kls tidak sesuai kapasitas mhs, capek bgt dikelas",RENDAH
KEMAHASISWAAN,"kegiatan kegiatan sosial kampus tidak terorganisir dengan baik, proses administrasi terhambat",TINGGI
JARINGAN_IT,internet di gedung a lantai 2 gabisa diandalkan padahal butuh buat kumpul tugas,RENDAH
FASILITAS,"banyak kursi di fakultas ekonomi yang banyak yang hilang, capek bgt dikelas",RENDAH
KEMAHASISWAAN,"informasi kegiatan kemhsan tidak disebarkan merata, mhs jadi kesal",RENDAH
FASILITAS,"kebersihan gedung b lantai 3 gaada petugas kebersihan, bisa jadi sumber penyakit",RENDAH
KEMAHASISWAAN,"pengurusan transkip nilai sementara harus bolak-balik, proses terhambat",RENDAH
LAINNYA,"atm/ bank kampus sering kosong uangnya, merepotkan saat butuh dana mendadak",RENDAH
LAINNYA,"kantin area food court kampus harganya kemahalan, antriannya panjang bgt",RENDAH
LAINNYA,"penerangan jalan di area antar gedung gaada, berbahaya malam hari",SEDANG
JARINGAN_IT,"wifi prodi matematika sering disconnect, terpaksa pakai kuota sendiri",SEDANG
AKADEMIK,"beberapa alat atau bahan praktikum, masa di sediakan praktikan, bukankah semuanya di sediakan dari kampus?",RENDAH
FASILITAS,lahan parkir di lab kimia sempit bgt jadi sering telat kls,RENDAH
AKADEMIK,"ada dosen yang sering tidak masuk tanpa keterangan, itu tidak profesional",RENDAH
LAINNYA,"atm dalam kampus sering kosong uangnya, terpaksa keluar kampus",RENDAH
JARINGAN_IT,server siakad overload waktu deadline tugas,KRITIS
KEUANGAN,"ukt naik setiap tahun, tapi wifi-nya gabisa diandalkan",TINGGI
KEUANGAN,biaya wisuda terlalu mahal dan prosedurnya tidak transparan,TINGGI
KEMAHASISWAAN,"pengurusan surat keterangan aktif makan waktu berminggu-minggu, bgt tidak efisien",RENDAH
JARINGAN_IT,koneksi di lab biologi bapuk ga stabil padahal butuh buat download materi,TINGGI
FASILITAS,"gaada lift/eskalator di gedung fisip, padahal bgt dibutuhkan",RENDAH
FASILITAS,"kebersihan fakultas teknik jarang dibersihkan, tidak nyaman berada di sini",RENDAH
KEMAHASISWAAN,unit kemhsan responnya lelet saat mhs butuh bantuan,SEDANG
LAINNYA,"transportasi parkiran tidak memadai, biaya transportasi jadi membebani",RENDAH
AKADEMIK,"sistem spada terlalu ribet, proses akademik terhambat",RENDAH
LAINNYA,"keamanan area parkir cctv tidak berfungsi, tidak kondusif malam hari",RENDAH
LAINNYA,"atm/ bank kampus sering eror, merepotkan saat butuh dana mendadak",TINGGI
KEMAHASISWAAN,senioritas diprodi masih bgt kental alangkah lebih baik edukasi untuk senioritas diadakan soalnya senioritas di kampus membuat beberapa mhs bisa tertekan,RENDAH
JARINGAN_IT,"bandwidth wifi kampus bgt terbatas, susah download materi kls",TINGGI
FASILITAS,"kursi di gedung d udah lama sudah tidak layak pakai, kapan diganti?",RENDAH
JARINGAN_IT,"sinyal di fakultas ekonomi hilang timbul, gabisa akses internet sama sekali",RENDAH
KEMAHASISWAAN,"staff bem melayani dengan malas-malasan, malas mengurus keperluan ke sana",RENDAH
FASILITAS,""" ac di ruang kelas sering tidak berfungsi sehingga ruangan menjadi bgt panas sehingga kita merasa nda nyaman mohon untuk segera di perbaiki.""",RENDAH
KEMAHASISWAAN,"layanan bem sering tutup, pengurusan jadi bgt lama",RENDAH
FASILITAS,"tolong ac fakultas ekonomi segera diperbaiki, nda menyala dan belajarnya tidak nyaman",RENDAH
FASILITAS,"kamar mandi auditorium jorok bgt, jadi malas kls apalagi kalau kebelet",RENDAH
FASILITAS,"min, wc di gedung a lantai 1 kondisinya kotor parah, tolong segera diperbaiki",SEDANG
LAINNYA,"gaada wifi outdoor di area kampus, padahal bgt dibutuhkan",RENDAH
KEUANGAN,"prosedur pembayaran ukt memakan waktu lama, mhs urgent kesusahan",TINGGI
AKADEMIK,"dosen tidak beri feedback nilai, belajar jadi terganggu",RENDAH
AKADEMIK,"nilai gabisa diakses di portal, proses akademik jadi terlelet",SEDANG
KEMAHASISWAAN,"program wirausaha mhs sosialisasinya kurang, mhs banyak yang tidak tahu",RENDAH
KEUANGAN,"informasi beasiswa informasinya tidak transparan, hanya orang tertentu yang tahu",TINGGI
KEMAHASISWAAN,"layanan unit kemhsan sering tutup, mhs jadi kesal",RENDAH
AKADEMIK,"krs gabisa diakses saat masa pengisian, banyak yang ketinggalan info",TINGGI
LAINNYA,"area taman kampus gaada tempat duduk, tidak nyaman buat mhs",RENDAH
AKADEMIK,"informasi jadwal kls pengganti mendadak, mhs jadi bingung",SEDANG
FASILITAS,"wc fakultas ekonomi airnya tidak mengalir sudah lama bgt, harus nahan lama bgt",RENDAH
LAINNYA,"keamanan area parkir cctv tidak berfungsi, mhs tidak merasa aman",RENDAH
FASILITAS,"lab botani kondisinya berantakan, mhs gabisa belajar maksimal",RENDAH
FASILITAS,"tolong ac fakultas hukum segera diperbaiki, sudah ancur dan ruangan jadi gerah bgt",SEDANG
LAINNYA,"lapangan basket gaada penerangan malam hari, lapangan gabisa dimanfaatkan optimal",SEDANG
KEMAHASISWAAN,"fasilitas sekretariat bem tidak memadai, banyak yang tidak terlayani",RENDAH
KEMAHASISWAAN,"kegiatan kegiatan ukm informasinya tidak merata, mhs jadi tidak antusias",RENDAH
FASILITAS,"plafon ruangan 1.2 sudah retak, khawatir celaka kalau tiba-tiba jatuh",RENDAH
FASILITAS,"wc gedung a lantai 3 airnya tidak mengalir sudah seminggu lebih, jadi malas kls",RENDAH
AKADEMIK,"krs gabisa tambah matkul, mhs dirugikan",TINGGI
FASILITAS,"kursi di lab biologi udah lama sudah tidak layak pakai, kapan diganti?",RENDAH
FASILITAS,"banyak kursi di lab komputer yang sudah tidak layak pakai, gabisa fokus",RENDAH
KEMAHASISWAAN,"kegiatan seminar mhs kurang dukungan kampus, mhs jadi kesal",RENDAH
LAINNYA,"area area belajar outdoor gaada tempat duduk, tidak nyaman buat mhs",RENDAH
FASILITAS,"parkiran perpus pusat berantakan, kendaraan jadi susah keluar",RENDAH
JARINGAN_IT,"server spada gabisa diakses pas jam kls, gabisa kumpul tugas online",RENDAH
AKADEMIK,"spada loadingnya lama bgt, susah lihat nilai",RENDAH
JARINGAN_IT,"internet di gedung a lantai 3 sering putus, susah download materi kls",TINGGI
KEMAHASISWAAN,"organisasi tidak aktif, mhs jadi tidak berkembang",RENDAH
KEMAHASISWAAN,"organisasi kurang dukungan dari kampus, mhs jadi tidak berkembang",RENDAH
AKADEMIK,sistem krs sering gabisa diakses waktu masa krs,TINGGI
FASILITAS,"tolong ac fakultas ekonomi segera diperbaiki, tidak berfungsi dan gerah minta ampun",RENDAH
LAINNYA,gerbang 3 buat masuk & keluar jarang di buka,RENDAH
LAINNYA,"lapangan badminton ancur, lapangan gabisa dimanfaatkan optimal",SEDANG
JARINGAN_IT,server portal akademik lelet bgt waktu masa uts,KRITIS
LAINNYA,"lingkungan sekitar fakultas ekonomi gersang gaada pohon teduh, tidak nyaman buat aktivitas luar",RENDAH
AKADEMIK,"ruang kls terlalu panas, gabisa fokus",RENDAH
LAINNYA,"jalan di jalan masuk kampus gaada lampu penerang malam hari, mhs tidak nyaman",RENDAH
FASILITAS,"kamar mandi fakultas ekonomi ancur total, tidak nyaman sama sekali apalagi kalau kebelet",TINGGI
KEMAHASISWAAN,"kegiatan kegiatan ukm kurang dukungan kampus, proses administrasi terhambat",RENDAH
FASILITAS,"kursi di fakultas teknik udah lama rodanya hilang, kapan diganti?",RENDAH
JARINGAN_IT,"server sistem informasi kampus overload pas masa uts, gabisa akses spada",KRITIS
KEMAHASISWAAN,"staff hima kurang ramah, mhs jadi tidak nyaman",RENDAH
KEUANGAN,"pengumuman pengumuman beasiswa hanya dari mulut ke mulut, mhs jadi bingung",TINGGI
LAINNYA,"jalan di area parkir utama ancur parah berlubang, banjir waktu hujan",SEDANG
FASILITAS,"ac fakultas hukum hanya pajangan, sebgian sudah di perbaiki sih cuma masih belum maksimal, kami sudha bayar ukt kewajiban kami sudah kami penuhi. fakultas sudh menerima hak dan tolong kewajibannya segera di penuhi (penyediaan fasilitas yang memadai buat seluruh mhs fh uho)",TINGGI
JARINGAN_IT,"wifi lab biologi kayak tidak dibayar, tidak produktif di kampus",TINGGI
KEMAHASISWAAN,"kegiatan ospek kurang dukungan kampus, mhs jadi kesal",RENDAH
AKADEMIK,"website portal mhs lemot bgt, nilai terancam",TINGGI
KEMAHASISWAAN,"informasi prosedur pengajuan surat tidak disebarkan merata, proses terhambat",RENDAH
FASILITAS,"lab biologi panas bgt soalnya kurang dingin, capek bgt dikelas",RENDAH
JARINGAN_IT,"wifi lab kimia gabisa konek, terpaksa pakai kuota sendiri",RENDAH
FASILITAS,"min semua gedung punya wc bahkan tiap lantai.....,tapi cuma 1 wc yg bisa dipakai.....cuma wc di gedung a lantai 1 itupun cuma satu bilik yang bagus, bahkan kunci pintunya ancur, airnya kadang ngga nyala, lampunya redup. wc yang lain cuma pajangan karna airnya tidak mengalir pokoknya ancur gabisa digunakan, tidak layak pakai.....kan capek tuh kalo ada matkul dilantai 3 gedung b tapi kalo kebelet harus jauh jauh ke gedung a lantai 1 padahal setiap lantai ada wc tapi tidak berguna. kursi tiap kelas juga kadang kurang, ada yg ancur, ac nya dibeberapa ruangan kadang tidak berfungsi dengan baik, terkadang kalo mau pakai lcd harus matikan ac dulu sekian",SEDANG
JARINGAN_IT,"jangkauan wifi fakultas teknik tidak luas, tidak produktif di kampus",TINGGI
FASILITAS,"kebersihan gedung b lantai 2 jarang dibersihkan, tidak nyaman berada di sini",RENDAH
AKADEMIK,"jadwal kls informasinya tidak jelas, stress bgt ngurusnya",RENDAH
KEMAHASISWAAN,"staff layanan administrasi mhs tidak membantu sama sekali, mhs jadi tidak nyaman",RENDAH
AKADEMIK,siakad uho terkadang gabisa di akses,RENDAH
KEMAHASISWAAN,"pengurusan surat izin kegiatan makan waktu berminggu-minggu, bgt tidak efisien",RENDAH
LAINNYA,"atm/ bank kampus sering eror, tidak praktis",TINGGI
KEMAHASISWAAN,"layanan layanan administrasi pelayanannya kurang, pengurusan jadi lama",RENDAH
FASILITAS,"fasilitas gedung a lantai 1 jauh dari kata layak, padahal kita sudah bayar ukt",TINGGI
LAINNYA,"lapangan voli tidak terawat, mhs gabisa olahraga gratis",RENDAH
AKADEMIK,"spada loadingnya lama bgt, susah ikut kuis",RENDAH
FASILITAS,ruangan terasa panas ac tidak berfungsi soalnya gaada remotnya,RENDAH
AKADEMIK,"ruang kls terlalu panas, capek bgt dikelas",RENDAH
JARINGAN_IT,"server spada bapuk ga stabil pas masa uas, terpaksa pakai kuota sendiri",KRITIS
KEMAHASISWAAN,"sosialisasi hak dan kewajiban mhs tidak merata, banyak yang terlewat informasinya",RENDAH
KEUANGAN,"pembayaran biaya praktikum prosedurnya rumit, menghambat proses akademik",RENDAH
KEMAHASISWAAN,"senioritas di unit kemhsan tidak ditangani dengan baik, membuat mhs baru tertekan",RENDAH
FASILITAS,"banyak kursi di fakultas teknik yang kayunya sudah lapuk, capek bgt dikelas",RENDAH
LAINNYA,sampah di area kampus menumpuk kalau gaada petugas,RENDAH
FASILITAS,"gedung d panas bgt soalnya tidak berfungsi, nilai bisa jelek soalnya tidak konsen",RENDAH
JARINGAN_IT,"gaada wifi sama sekali di gedung c, kls online terganggu",RENDAH
KEMAHASISWAAN,"layanan sekretariat sering tutup, pengurusan jadi lama",RENDAH
FASILITAS,"gedung d panas bgt soalnya tidak berfungsi, belajarnya terganggu",RENDAH
FASILITAS,"min, parkiran prodi informatika sempit bgt tolong diatur lebih baik",SEDANG
JARINGAN_IT,"internet di lab kimia lemot parah, terpaksa pakai kuota sendiri",SEDANG
FASILITAS,"gedung a lantai 3 panas bgt soalnya panasnya parah, capek bgt dikelas",RENDAH
JARINGAN_IT,"jangkauan wifi fakultas teknik hanya di spot tertentu, gabisa kumpul tugas online",RENDAH
LAINNYA,"kantin pusat tidak higienis, terpaksa keluar kampus",RENDAH
JARINGAN_IT,server portal akademik bapuk ga stabil waktu deadline tugas,KRITIS
KEUANGAN,"pengumuman perubahan biaya hanya dari mulut ke mulut, mhs jadi bingung",SEDANG
AKADEMIK,"nilai di portal gaada penjelasan, stress ngurusnya",RENDAH
LAINNYA,"keamanan area parkir gaada satpam, sering kehilangan barang",RENDAH
LAINNYA,"kantin area food court tidak higienis, susah makan siang",RENDAH
KEMAHASISWAAN,bem kurang aktif menyuarakan aspirasi mhs soal prosedur dokumen,RENDAH
AKADEMIK,kls online terganggu soalnya siakad gabisa diakses,RENDAH
KEMAHASISWAAN,"layanan hima responnya lelet, proses administrasi terhambat",SEDANG
KEMAHASISWAAN,"program mentoring akademik sosialisasinya kurang, mhs banyak yang tidak tahu",RENDAH
KEMAHASISWAAN,"informasi kegiatan kemhsan hanya di grup tertentu, mhs banyak yang tidak tahu",RENDAH
KEMAHASISWAAN,"organisasi kurang dukungan dari kampus, gaada wadah aspirasi mhs",RENDAH
AKADEMIK,web akademik sering gabisa diakses waktu masa krs,TINGGI
KEMAHASISWAAN,"layanan bagian kemhsan pelayanannya kurang baik, proses administrasi terhambat",RENDAH
JARINGAN_IT,"wifi gedung d bapuk ga stabil, terpaksa pakai kuota sendiri",RENDAH
KEUANGAN,"dana praktikum jumlahnya tidak sesuai, mhs dirugikan",RENDAH
FASILITAS,"plafon ruang seminar hampir roboh, khawatir mhs tidak nyaman",RENDAH
KEMAHASISWAAN,"staff sekretariat julidnya parah, tidak enak kalau harus ke sana",RENDAH
FASILITAS,"kebersihan prodi akuntansi sampahnya menumpuk, tidak nyaman berada di sini",RENDAH
AKADEMIK,"jadwal kls bentrok dengan mata kls lain, banyak yang ketinggalan informasi",RENDAH
LAINNYA,"lapangan bola tidak terawat, lapangan gabisa dimanfaatkan optimal",RENDAH
LAINNYA,gerbang pintu masuk utama gaada satpam sehingga antrean panjang,SEDANG
KEMAHASISWAAN,"sosialisasi hak dan kewajiban mhs gaada pengumuman resmi, banyak yang terlewat informasinya",RENDAH
AKADEMIK,"nilai di portal ada yang salah input, mhs jadi bingung",SEDANG
LAINNYA,"transportasi gaada jalur sepeda, tidak ramah lingkungan",RENDAH
FASILITAS,"fasilitas fakultas hukum jauh dari kata layak, ukt mahal tapi fasilitas tidak sesuai",TINGGI
AKADEMIK,"sistem web akademik terlalu ribet, mhs rugi bgt",RENDAH
FASILITAS,"tolong ac gedung d segera diperbaiki, netes airnya dan ruangan jadi gerah bgt",RENDAH
FASILITAS,"wc prodi akuntansi airnya tidak mengalir dari kemarin, bgt mengganggu aktivitas",RENDAH
AKADEMIK,"dosen metode mengajarnya membosankan, tugas jadi terlelet dikumpulkan",SEDANG
LAINNYA,"kebersihan sekitar parkiran sampah bertebaran, bisa jadi sumber penyakit",RENDAH
KEUANGAN,"pembayaran ukt gabisa online, prosesnya jadi bgt lama",TINGGI
LAINNYA,"lapangan futsal tidak terawat, lapangan gabisa dimanfaatkan optimal",TINGGI
LAINNYA,sampah di taman kampus menumpuk kalau gaada petugas,RENDAH
JARINGAN_IT,wifi di gedung fh kayak tidak dibayar apalagi semua mhs pakai,RENDAH
LAINNYA,"keamanan area kampus malam hari sering ada kehilangan barang, orang luar bebas masuk",RENDAH
FASILITAS,"parkiran prodi akuntansi gada atapnya, kendaraan bisa lecet-lecet",RENDAH
AKADEMIK,"revisi skripsi acc-nya lama, banyak yang ketinggalan informasi",TINGGI
LAINNYA,"atm/ bank kampus sering kosong uangnya, tidak praktis",RENDAH
KEUANGAN,"pengumuman deadline pembayaran ukt tidak sampai ke semua mhs, mhs kaget",KRITIS
JARINGAN_IT,"koneksi internet gedung fisip gabisa diandalkan, gabisa akses spada",RENDAH
AKADEMIK,"dosen jarang masuk, mhs rugi bgt",RENDAH
JARINGAN_IT,"hotspot kampus gabisa konek, terpaksa habiskan kuota sendiri",RENDAH
FASILITAS,"lab kimia panas bgt soalnya nda menyala, belajarnya terganggu",RENDAH
LAINNYA,"lingkungan sekitar gedung c gersang gaada pohon, tidak nyaman aktivitas luar",RENDAH
FASILITAS,"min, wc di fakultas hukum kondisinya jorok bgt, tolong segera diperbaiki",RENDAH
KEMAHASISWAAN,"pengurusan surat keterangan mhs aktif butuh seminggu lebih, bgt lama",RENDAH
AKADEMIK,"website siakad lemot bgt, belajar jadi terganggu",SEDANG
KEMAHASISWAAN,layanan kemhsan terkadang jarang beroperasi,RENDAH
AKADEMIK,"spada eror terus waktu jam kls, susah download bahan ajar",TINGGI
